ID,"Bill No","Tax Code","Transaction ID","Payment Method",Amount,Date,Status
27,1832220,03-004-0004-04,NH53JJKwK0,bKash,4,"2023-03-16 16:01:04",paid
28,1832221,03-004-0004-05,LJMiNoHOqS,,2,"2023-03-16 16:06:24",canceled
29,1832221,03-004-0004-05,TOTAYtjPw7,Nagad,2,"2023-03-16 16:08:04",paid
34,1832246,06-088-0074-2ক,CJPQAxQZ4D,,64881,"2023-03-19 11:39:19",canceled
72,1832411,01-001-0058-00,8wYTLvk88B,bKash,50,"2023-03-27 12:19:36",paid
84,1997410,05-077-0182-04,Zmt5GTVzrb,Nagad,1420,"2023-04-26 11:49:43",canceled
99,2061126,29-657-0002-00,7ijYgMhfPi,bKash,4740,"2023-04-27 12:55:48",paid
105,2061128,24-485-0029-00,yc8cicHAzA,bKash,1978,"2023-04-27 15:50:55",paid
106,2061166,28-617-0008-2ই,FV0v6mi4OA,bKash,3150,"2023-04-27 17:52:15",paid
107,1997410,05-077-0182-04,z9jw2t3v8u,,1420,"2023-05-02 09:29:07",canceled
110,2014580,14-254-0200-00,pU9X8X6fYn,bKash,19304,"2023-05-03 13:14:25",paid
116,2020831,17-283-0063-02,V1VKzYxKQp,,494,"2023-05-18 12:11:32",canceled
117,2014773,14-265-0092-00,pG0qtVntHU,bKash,13275,"2023-05-18 12:20:56",paid
118,2012082,12-357-0017-00,43YAN7FSid,,1335,"2023-05-18 12:41:02",canceled
119,2020831,17-283-0063-02,IaZoGLkvBR,bKash,494,"2023-05-18 12:43:56",paid
126,2066589,18-377-0028-4ক,c8K8hYSceC,,1340,"2023-05-30 10:52:40",canceled
130,2012082,12-357-0017-00,JCZ9ikXuB2,bKash,1335,"2023-06-06 23:10:08",paid
133,2065314,18-378-0002-00,pZsMrdGSyv,bKash,7500,"2023-06-11 14:18:16",paid
134,2067212,29-443-0005-00,yy11ijdAh9,,130500,"2023-06-11 21:15:35",canceled
139,2066076,05-077-0286-02,XnQVCfYheQ,bKash,28666,"2023-06-14 14:31:41",paid
142,2067723,06-086-0160-07,AFYxJMdjDD,,2798,"2023-06-18 10:08:13",canceled
144,2012136,12-357-0071-00,RruVC1HjGj,bKash,1063,"2023-06-19 19:29:11",paid
146,2068022,17-283-0046-00,0VnTVmIQhN,,12720,"2023-06-20 10:50:39",canceled
148,2068022,17-283-0046-00,aOkkshMWrW,bKash,12720,"2023-06-20 11:40:03",paid
149,2008670,10-198-0011-00,hde0y1evtH,DBBL,1778,"2023-06-20 12:04:46",paid
151,2034748,22-453-0024-00,epBJtnrNoa,DBBL,33575,"2023-06-20 20:45:00",paid
153,2068238,28-617-0008-2ই,MBchMPKbSo,bKash,998,"2023-06-21 15:12:24",paid
154,2010530,11-812-00ডি-385,BxEVc0gwZo,bKash,198,"2023-06-21 16:53:43",paid
155,2010533,11-812-00ডি-388,QQwaByjbEH,bKash,198,"2023-06-21 16:57:27",paid
156,2010532,11-812-00ডি-387,Vs7RqZmK1N,bKash,198,"2023-06-21 17:00:06",paid
159,2068326,01-009-0020-00,bF5TKujyme,,5599,"2023-06-22 11:51:11",canceled
160,2003902,09-111-0321-2ক,BOs0v1FBLf,Nagad,1778,"2023-06-25 10:01:23",paid
162,2068455,17-311-0012-18ক,2FC9o7KLxv,bKash,346,"2023-06-25 12:09:12",paid
165,2068541,19-390-0328-3এ,AXFngdRbG8,bKash,18990,"2023-06-25 20:21:49",paid
167,2050604,28-641-0016-00,kpstG0lD6p,Nagad,4603,"2023-06-26 11:04:05",paid
168,2169109,29-648-0022-04,4lMbfnq2UN,,19715,"2023-07-20 16:00:02",canceled
169,2169109,29-648-0022-04,YgdccqQWst,bKash,19715,"2023-07-22 11:20:08",paid
170,2106863,09-011-0850-00,4SsF51dxSC,Nagad,180,"2023-07-23 10:32:26",paid
180,2106861,09-011-0848-00,pitHCG1uVX,Nagad,180,"2023-07-23 10:54:35",paid
186,2169229,14-267-0459-05,SaUmXsGIez,bKash,180,"2023-07-24 14:24:46",paid
189,2169231,14-267-0452-00,zm9nEhKhjT,,180,"2023-07-27 12:01:25",canceled
190,2090928,14-248-0011-09,5V2J7esmpw,bKash,1120,"2023-07-27 21:11:07",paid
192,2126756,18-368-0028-0খ,fMpAMXufmD,,25650,"2023-07-29 12:38:13",canceled
194,2100492,22-444-0023-3জি,S0YjYzUSK9,,4500,"2023-07-30 11:24:53",canceled
196,2169398,25-553-0009-02,FKaRpvvCx0,,634,"2023-07-30 12:50:39",canceled
198,2097723,27-598-0020-18ড,PpgXpSUk9U,,4307,"2023-07-30 21:26:13",canceled
199,2169398,25-553-0009-02,33ZA9bjZmk,bKash,634,"2023-07-31 07:36:21",paid
200,2125914,18-322-0024+25এ,tXZiDtWeon,,108896,"2023-07-31 12:40:53",canceled
201,2115606,03-002-0055-02,B9cOYxjjha,,180,"2023-07-31 18:07:39",canceled
202,2115606,03-002-0055-02,8Bk6PV1Fkd,bKash,48,"2023-07-31 18:11:18",paid
203,2118898,16-267-0118-00,ZGIycWeRuL,,450,"2023-07-31 23:34:47",canceled
209,2126387,18-361-0161-00,EG2mnfKihN,,11520,"2023-08-01 16:52:18",canceled
210,2126387,18-361-0161-00,VGQaxnve0M,,11520,"2023-08-01 16:54:06",canceled
214,2087251,10-172-0016-00,yr9sBph8sI,bKash,726,"2023-08-02 19:16:40",paid
216,2126387,18-361-0161-00,5gRva50JVL,bKash,11520,"2023-08-03 15:57:15",paid
218,2127431,18-377-0028-11,vv4iXg1RJo,,180,"2023-08-04 17:07:17",canceled
219,2127760,"18-380-0030-7 ডি",hybGXg6dJ4,bKash,2250,"2023-08-05 12:40:41",paid
225,2125964,18-322-0061-08,U9CirMzwXu,bKash,180,"2023-08-06 09:54:56",paid
226,2169231,14-267-0452-00,31KfzOJ7tC,bKash,180,"2023-08-06 11:32:14",paid
228,2093685,23-468-0013-00,vb2HVL6ndv,bKash,233,"2023-08-06 20:20:53",paid
229,2075996,06-071-0038-3খ,r0jlo1Z5EP,Nagad,1800,"2023-08-07 14:15:50",paid
230,2114772,26-574-0083-00,yBkgQGMivM,bKash,2498,"2023-08-07 16:36:06",paid
232,2094740,29-444-0087-01,iorrYRNPyy,bKash,794,"2023-08-08 14:55:37",paid
235,2127396,18-377-0020-12,FjbL5DH7eg,bKash,10206,"2023-08-10 11:47:19",paid
236,2127431,18-377-0028-11,pFyREma7yx,bKash,180,"2023-08-11 14:39:46",paid
237,2091296,14-264-0041-00,3P41frqDFR,,7200,"2023-08-12 02:07:46",canceled
238,2114741,26-573-0024-02,n33H43YTj8,bKash,180,"2023-08-12 14:05:18",paid
239,2128341,18-388-0020-02,TzKlJIfpTw,bKash,1800,"2023-08-12 18:20:05",paid
241,2108713,09-115-0035-01,w17fzCAFfs,DBBL,810,"2023-08-13 10:15:42",paid
242,2111012,12-327-0063-00,uP8WJIJBdu,bKash,1530,"2023-08-13 22:49:50",paid
243,2111013,12-327-0064-00,NOgfcTtM2F,Nagad,1350,"2023-08-13 22:59:39",paid
245,2076332,06-083-0080-00,xXO6jXNm3D,bKash,2774,"2023-08-14 12:24:40",paid
247,2092545,14-271-0008-02,WfMLd4QrJC,bKash,4860,"2023-08-15 19:44:35",paid
250,2103518,24-481-0168-10এ,omlcM1tFIi,bKash,15750,"2023-08-16 14:23:09",paid
251,2125112,17-317-0002-00,Sb6hoMKoSk,,46181,"2023-08-16 19:59:05",canceled
253,2127898,18-381-0003-02,zsS2tVN03r,,180,"2023-08-17 06:31:58",canceled
255,2125112,17-317-0002-00,9ebZR2wq8T,"City Bank",46181,"2023-08-17 17:40:47",paid
256,2083528,30-683-0050-00,WMAdabe5Lb,bKash,183,"2023-08-17 20:00:30",paid
258,2105108,24-525-0009-00,AjNlC0gzlF,BBL,338,"2023-08-19 16:16:17",paid
261,2118898,16-267-0118-00,n1rfNUTvCO,bKash,450,"2023-08-20 11:59:09",paid
263,2149033,25-554-0001-03,tcrbAnzeMN,bKash,1080,"2023-08-21 10:25:15",paid
264,2116808,03-033-0017-00,f8XfyzAB8Y,bKash,180,"2023-08-21 10:52:57",paid
267,2150004,25-565-0030-00,WCLSduma4V,bKash,1300,"2023-08-21 15:41:51",paid
268,2108436,09-114-0016-00,teQTb71ziD,,3710,"2023-08-21 19:25:35",canceled
269,2127221,18-375-0044-01,FcR58Qp2XA,bKash,180,"2023-08-22 10:29:26",paid
272,2114716,26-573-0017-04,ESJQsDzIQm,bKash,180,"2023-08-22 11:12:06",paid
273,2115417,26-584-0004-00,gKqDSKPpC2,bKash,184,"2023-08-22 11:21:51",paid
274,2112757,15-241-0053-02,YWalYwps1V,"EBL CARD",180,"2023-08-22 11:27:27",paid
275,2108095,09-111-0390-00,c6fE585jxp,"EBL CARD",180,"2023-08-22 11:33:14",paid
277,2088589,11-098-0815-00,Respo3bVk0,bKash,6494,"2023-08-22 12:03:55",paid
279,2114724,26-573-0018-04,l5LwLxbMpx,bKash,216,"2023-08-22 12:52:20",paid
280,2091935,14-268-0055-00,xGqqKWMAYC,bKash,180,"2023-08-22 13:21:04",paid
281,2115383,26-583-0003-00,EOcdnEQYvb,bKash,198,"2023-08-22 13:58:58",paid
282,2111337,12-339-0029-00,exKU3MbRrB,,3780,"2023-08-22 15:46:55",canceled
283,2148317,25-385-0210-00,pkcfDN3TRw,,180,"2023-08-22 16:32:34",canceled
284,2148317,25-385-0210-00,vCDW1b9H1j,bKash,180,"2023-08-22 17:11:48",paid
285,2111337,12-339-0029-00,0vjDwMTfaQ,bKash,3780,"2023-08-22 21:59:06",paid
286,2149219,25-556-0015-00,tajXvjgcMf,bKash,180,"2023-08-23 09:50:46",paid
287,2114328,26-570-0111-00,fcmRrLTJnb,bKash,180,"2023-08-23 11:22:44",paid
288,2113958,26-560-0011-02,Pa19iK6o7h,bKash,891,"2023-08-23 11:25:58",paid
289,2128285,18-386-0162-02,h9Ny3dWyD0,bKash,180,"2023-08-23 12:22:51",paid
290,2121294,16-288-0075-05,QUnx0tgLfp,bKash,180,"2023-08-23 12:57:31",paid
292,2110797,09-805-0098-00,hoYHhC59Jo,bKash,1687,"2023-08-23 14:58:37",paid
295,2086728,10-161-0040-0খ,NY4QMWxGp1,,5400,"2023-08-23 19:47:31",canceled
296,2086728,10-161-0040-0খ,ZkuAPF1wld,bKash,5400,"2023-08-23 19:55:24",paid
297,2128243,18-386-0154-02,qinPERrIHo,bKash,5648,"2023-08-23 22:12:53",paid
299,2113899,26-559-0027-04,rtg4H1IkiR,bKash,270,"2023-08-24 10:43:45",paid
300,2150090,25-567-0019-01,v7mYButot5,bKash,180,"2023-08-24 10:52:31",paid
301,2109039,09-117-0033-03,XT73YsMzgU,bKash,432,"2023-08-24 11:53:30",paid
302,2109050,09-117-0037-01,8LutOH66HU,bKash,5040,"2023-08-24 11:57:19",paid
303,2150083,25-567-0013-01,1dW5XeKTGW,bKash,1629,"2023-08-24 12:03:54",paid
304,2149856,25-564-0005-00,jFhnEfUf9e,bKash,180,"2023-08-24 12:34:19",paid
305,2115399,26-583-0014-00,xHgcpFXuBu,bKash,180,"2023-08-24 13:13:27",paid
307,2103227,24-478-0165-02,5xa422RMbd,bKash,180,"2023-08-24 14:29:24",paid
310,2169891,25-386-0068-01,eEf9O8UvAe,"EBL CARD",342,"2023-08-26 10:57:37",paid
311,2121510,16-822-0044-78গ,5TKcYPgRUx,bKash,180,"2023-08-26 15:04:44",paid
312,2121419,16-821-0011-36,EN40mitrkm,bKash,180,"2023-08-27 10:48:00",paid
313,2127518,18-379-0004-00,bN7sPTVq4z,bKash,1073,"2023-08-27 10:59:54",paid
314,2127519,18-379-0004-01,G9PctGLQ1n,bKash,180,"2023-08-27 11:01:56",paid
315,2148797,25-552-0024-01,D7Nvt4rOJA,Nagad,180,"2023-08-27 11:52:57",paid
318,2148910,25-552-0062-1ক,8IlCL1VI6s,bKash,7033,"2023-08-27 13:35:59",paid
319,2123051,17-289-0031-00,hPoXKyMPeQ,,641,"2023-08-27 19:06:36",canceled
321,2122024,08-098-0761-00,Hb1uLK5088,bKash,656,"2023-08-27 23:53:00",paid
322,2115313,26-581-0038-05,f9tmbiXjzH,Nagad,180,"2023-08-28 11:11:18",paid
323,2149778,25-563-0015-02,UP49ZwSvS4,Nagad,180,"2023-08-28 12:35:37",paid
324,2108488,09-114-0034-00,uSghCiHBhb,bKash,180,"2023-08-28 15:25:47",paid
326,2113376,15-278-0039-01,peUFJOg9xY,bKash,23418,"2023-08-28 21:51:27",paid
327,2148281,25-385-0182-02,1dIhlPFm5j,bKash,180,"2023-08-29 02:08:38",paid
328,2115302,26-581-0033-01,91mPXQtt3a,Nagad,6660,"2023-08-29 11:18:14",canceled
329,2115302,26-581-0033-01,5PI0HFeyh3,Nagad,6660,"2023-08-29 11:20:53",paid
330,2127218,18-375-0042-00,8BKpfUNspc,bKash,180,"2023-08-29 12:22:29",paid
331,2113918,26-559-0038-02,1ZziYpBNKP,bKash,410,"2023-08-29 13:47:10",paid
335,2080719,02-026-0058-01,hjStLMGMQQ,bKash,1800,"2023-08-29 22:37:35",paid
336,2086072,10-131-0014-00,4hZzKdmSDK,bKash,4146,"2023-08-29 23:40:20",paid
339,2139527,28-640-0035-09,MJtzMHe8kP,UPAY_MFS,180,"2023-08-30 10:07:47",paid
340,2170798,28-640-0035-06,7JlHbOTI5r,bKash,272,"2023-08-30 10:10:03",paid
341,2149526,25-559-0095-00,Mu8ur0luOo,bKash,180,"2023-08-30 10:18:15",paid
342,2170805,09-114-0040-06,QTf4hbTM2t,bKash,470,"2023-08-30 11:06:30",paid
343,2120201,16-285-0009-5খ,PpTPcU6fWQ,Nagad,295,"2023-08-30 11:18:56",paid
344,2097723,27-598-0020-18ড,Qz8O0mXpw2,DBBL,4307,"2023-08-30 11:48:18",paid
345,2115389,26-583-0007-00,VENmNoQnYQ,bKash,795,"2023-08-30 12:08:02",paid
346,2128234,18-386-0150-01,EPYBazDdgx,bKash,245,"2023-08-30 12:28:43",paid
348,2148201,25-385-0141-00,TscevnYjVK,bKash,180,"2023-08-30 12:37:25",paid
349,2100065,19-406-0033-00,TliIbjQOZ3,bKash,5783,"2023-08-30 17:47:31",paid
350,2109230,09-120-0027-00,IVQO9JvLxo,bKash,3600,"2023-09-01 00:45:08",paid
351,2107996,09-111-0321-2ক,pKhQUBQfrA,"EBL CARD",1620,"2023-09-01 00:59:05",paid
352,2108409,09-114-0001-00,jq0CytxJFZ,,933,"2023-09-01 12:40:50",canceled
355,2081287,30-639-0027-00,mjFwkt6Xql,bKash,18000,"2023-09-03 23:03:59",paid
356,2126154,18-322-0115-07,HHCJEXEIGe,,4038,"2023-09-04 09:34:07",canceled
357,2126154,18-322-0115-07,Wlzok6dMG3,bKash,4038,"2023-09-04 09:39:16",paid
358,2120091,16-284-0032-01,KDnAwojuaw,bKash,328,"2023-09-04 09:57:07",paid
359,2108409,09-114-0001-00,S93x1Xh3Xe,,933,"2023-09-04 10:53:44",canceled
360,2108409,09-114-0001-00,D9PYKF6Tem,"EBL CARD",933,"2023-09-04 10:55:27",paid
361,2115300,26-581-0032-00,qcyzQdVOAQ,bKash,511,"2023-09-04 11:22:05",paid
362,2120024,16-284-0015-8ক,9UcM0Isc9t,bKash,107100,"2023-09-04 12:02:56",paid
363,2091316,14-265-0092-00,wc67KO2mOz,bKash,16200,"2023-09-04 12:13:07",paid
366,2083646,30-685-0021-05,mV1BOwpgp3,DBBL,720,"2023-09-04 16:00:51",paid
367,2124434,17-311-0012-18ক,6WnwNtw1nS,bKash,315,"2023-09-04 18:20:33",paid
368,2148860,25-552-0039-16,nBhQc8WXRe,bKash,837,"2023-09-05 12:49:10",paid
369,2148646,25-390-0314-00,1SQ7mWiou1,bKash,9900,"2023-09-05 13:31:42",paid
370,2084692,05-074-0156-01,esOYqMryA8,UPAY_MFS,720,"2023-09-05 14:41:16",canceled
371,2084692,05-074-0156-01,HvJmrcQ3Ua,UPAY_MFS,720,"2023-09-05 14:42:46",paid
372,2085129,05-077-0286-02,0cAWgHXpaj,UPAY_MFS,27301,"2023-09-05 14:50:27",paid
373,2139670,28-642-0017-00,PvYD8rvMBh,bKash,11480,"2023-09-05 15:37:39",paid
374,2171165,09-110-000বি-162,jkMrFjI723,bKash,360,"2023-09-05 16:57:46",paid
375,2119378,"16-271-0060-2 এ",IfWmu0AAcU,bKash,540,"2023-09-06 10:30:13",paid
376,2111030,12-327-0083-00,YJ7SeRHhKy,UPAY_MFS,3420,"2023-09-06 11:15:50",paid
377,2117411,03-035-0026-06,djnwuwea3r,bKash,1840,"2023-09-06 11:54:03",paid
378,2103263,24-478-0167-7ঘ,AFzNY1ADdh,bKash,1728,"2023-09-06 13:35:02",paid
379,2111899,12-346-0046-00,MkOYwkdv59,,698,"2023-09-06 19:06:06",canceled
380,2111899,12-346-0046-00,B1tLxRYBIu,UPAY_MFS,905,"2023-09-06 19:09:16",paid
382,2171218,31-702-0010-01,7ccpi0EtBj,bKash,288,"2023-09-07 12:47:06",paid
384,2108718,09-115-0038-01,1yOCHmuUDY,bKash,15003,"2023-09-07 15:25:38",paid
385,2170927,13-243-0028-01,ZMS9SMBiVg,bKash,780,"2023-09-07 17:25:33",paid
388,2102853,24-390-0165-04,5zC6PVDQto,bKash,207,"2023-09-09 11:02:46",paid
389,2083894,30-687-0022-00,5HCt4epC0P,bKash,900,"2023-09-09 12:07:36",paid
390,2122471,17-283-0037-00,Ji6VvEduzP,bKash,360,"2023-09-09 12:12:01",paid
392,2123556,17-304-0024-0খ,Hie5dLVeU2,,39600,"2023-09-09 13:44:19",canceled
394,2098965,19-390-0328-3এ,7KKvQfeLKZ,DBBL,6871,"2023-09-10 09:29:10",paid
395,2123051,17-289-0031-00,kBt9ZGEBHA,UPAY_MFS,641,"2023-09-10 10:24:23",paid
396,2113603,26-385-0041-00,SnCPYObf53,bKash,8100,"2023-09-10 10:38:43",paid
397,2148245,25-385-0169-00,xUiDYiztqF,Nagad,404,"2023-09-10 10:46:11",paid
398,2148947,25-552-0086-03,V0c2X819lB,bKash,3240,"2023-09-10 12:10:41",paid
399,2093228,23-442-0110-01,IgV2Rowfkd,bKash,288,"2023-09-10 12:13:08",paid
400,2082859,30-679-0074-00,PdYZMlIvQp,bKash,950,"2023-09-10 12:16:44",paid
401,2088346,10-218-0097-00,k8TLBIZd43,bKash,3129,"2023-09-10 12:43:49",paid
402,2102901,24-390-0170-0ক,cJ5zGLX4qB,bKash,4608,"2023-09-10 13:00:33",paid
403,2083232,30-681-0005-07,1Tl4U5khtR,,1723,"2023-09-10 14:51:56",canceled
404,2083232,30-681-0005-07,4eaomKDXqt,bKash,1723,"2023-09-10 15:05:05",paid
409,2144293,31-724-0073-36ছ,Fbc8UqnNBD,bKash,184,"2023-09-11 10:39:04",paid
410,2114050,26-562-0110-03,vpgYcSTV0m,bKash,1218,"2023-09-11 11:56:57",paid
411,2103226,24-478-0165-00,ElJ3azFU1J,bKash,180,"2023-09-11 12:16:03",paid
412,2113614,26-385-0049-01,hvJykCyBpT,bKash,6619,"2023-09-11 13:08:04",paid
413,2138906,28-633-0105-02,LzYtwKdSqL,UPAY_MFS,180,"2023-09-11 13:33:50",paid
414,2130483,04-043-0003-00,LMs6FTqhmD,,1468,"2023-09-11 14:56:54",canceled
421,2118052,03-038-0001-05,0YMClRbLQN,bKash,248,"2023-09-12 11:47:50",paid
422,2112295,12-356-0041-00,Ceps4hHkdV,bKash,180,"2023-09-12 12:36:20",paid
423,2115382,26-583-0002-0ক,xDRylOHXwZ,bKash,12109,"2023-09-12 12:59:25",paid
425,2171524,12-328-0010-00,qu5Wb5eY59,bKash,2592,"2023-09-12 19:25:52",paid
426,2130485,04-043-0004-00,V1gJYZV2J5,bKash,180,"2023-09-13 10:01:18",paid
427,2114605,26-572-0053-00,8RKWJFYvS4,bKash,27000,"2023-09-13 10:08:32",paid
429,2115332,26-581-0045-01,mVr19jHBUb,bKash,392,"2023-09-13 11:32:49",paid
430,2113906,26-559-0031-00,3veeOwUxwB,bKash,1900,"2023-09-13 11:47:00",paid
432,2171507,21-433-0035-125,mbUQ5FRAO7,bKash,2160,"2023-09-13 12:00:29",paid
433,2171593,04-043-0003-00,VH1CbA2R5L,bKash,1468,"2023-09-13 14:29:15",paid
434,2171357,06-011-0829-04,OjpJCYx0G7,,1523,"2023-09-13 15:40:38",canceled
440,2094718,29-444-0079-00,GGI8goc5Dw,,37175,"2023-09-14 10:25:13",canceled
441,2107461,09-109-0053-00,01ky2cYJBA,bKash,1073,"2023-09-14 12:16:49",paid
442,2171681,09-111-0408-00,POGdGMLlhr,bKash,432,"2023-09-14 12:21:04",paid
444,2109547,09-729-0074-00,Kf7QsazgCd,bKash,180,"2023-09-15 19:32:05",paid
445,2109690,09-729-0209-00,TFmTKIft3c,bKash,3170,"2023-09-15 19:36:09",paid
446,2133034,13-242-0047-00,eNRZt6XuVX,,1260,"2023-09-16 09:55:11",canceled
449,2133034,13-242-0047-00,OemkgjAgbl,,1260,"2023-09-16 17:53:33",canceled
452,2075029,21-771-0118-10,riWHpicDqd,bKash,360,"2023-09-17 10:17:46",paid
453,2150056,25-566-0010-00,Dn1XbKjMgl,bKash,2285,"2023-09-17 10:57:34",paid
454,2149848,25-564-0001-10,c4fs1eh8Ix,bKash,14400,"2023-09-17 11:17:03",paid
455,2121523,16-822-0044-81গ,DKRs4yTgos,bKash,180,"2023-09-17 11:34:16",paid
456,2115325,26-581-0043-01,UjImcFetQQ,bKash,199,"2023-09-17 12:04:52",paid
457,2149943,25-564-0051-01,2nya2HXyAu,bKash,1800,"2023-09-17 12:36:49",paid
459,2109539,09-729-0065-00,p3aObe3FKI,bKash,180,"2023-09-17 14:41:43",paid
460,2127133,18-375-0018-02,0STVxG5cTS,bKash,270,"2023-09-17 15:41:56",paid
461,2171803,31-688-0112-00,S8Bl4mCYZo,Nagad,2914,"2023-09-17 16:18:54",paid
463,2110307,09-787-0125-0ক,xUACYNcS5z,bKash,180,"2023-09-17 19:14:14",paid
465,2110469,09-788-0688-00,oWzY8rtvLR,bKash,311,"2023-09-18 00:00:30",paid
466,2109701,09-729-0220-00,4JU3nD86Z6,bKash,180,"2023-09-18 00:04:43",paid
467,2109702,09-729-0221-00,h34IVm7KGe,bKash,180,"2023-09-18 00:07:54",paid
468,2132176,04-069-0001-01,L5uzTeYk1c,bKash,319,"2023-09-18 09:16:14",paid
469,2115257,26-581-0003-00,sm0llq8X6x,bKash,3150,"2023-09-18 11:13:24",paid
474,2149782,25-563-0017-01,9Za6SDF4j5,bKash,1800,"2023-09-18 12:46:17",paid
478,2110691,09-792-0626-00,a4NB2lBJEl,bKash,410,"2023-09-18 14:55:38",paid
479,2069694,01-004-0072-00,2VWeOXLECs,bKash,1800,"2023-09-18 15:15:50",paid
480,2094718,29-444-0079-00,sxxUXo1IuH,"EBL CARD",37175,"2023-09-18 18:27:37",paid
481,2117851,03-037-0039-00,tRb4f4V4Mp,bKash,1560,"2023-09-18 21:31:17",paid
482,2109836,09-729-0351-00,cgoUGd29UM,bKash,180,"2023-09-18 23:06:03",paid
483,2109805,09-729-0321-00,rTqsuW8AA5,bKash,180,"2023-09-18 23:13:04",paid
484,2110137,09-781-0007-00,nZGFUjt74t,bKash,180,"2023-09-18 23:18:06",paid
485,2109892,09-729-0405-00,w9gLxrWMQN,bKash,180,"2023-09-18 23:21:45",paid
486,2110347,09-788-0018-00,bo8uuuWJvH,bKash,180,"2023-09-18 23:24:48",paid
487,2171879,31-721-0019-01,J32ojDBnFe,,180,"2023-09-19 07:48:09",canceled
488,2150070,25-567-0006-00,qU74klXrAN,bKash,180,"2023-09-19 10:06:19",paid
489,2150066,25-567-0002-00,cKwCN1oz95,bKash,233,"2023-09-19 10:08:33",paid
490,2109909,09-729-0424-00,lMboqyyxVi,bKash,180,"2023-09-19 11:11:48",paid
491,2127172,18-375-0027-00,DgqKcnEYIq,bKash,2050,"2023-09-19 12:19:51",paid
492,2115391,26-583-0008-00,FvgKnS3BP0,bKash,806,"2023-09-19 18:30:12",paid
495,2148175,25-385-0124-00,TSQsFGyMVH,bKash,450,"2023-09-20 10:46:55",paid
496,2149999,25-565-0027-00,KgcibMDeu2,bKash,1367,"2023-09-20 11:12:36",paid
497,2122517,17-283-0063-02,ipQuYMR03C,bKash,450,"2023-09-20 11:20:55",paid
498,2109272,09-289-00এন-76,GEv13sbnu5,Nagad,8492,"2023-09-20 11:51:55",paid
502,2148946,25-552-0086-02,61KUdDXFpm,bKash,3240,"2023-09-20 12:44:40",paid
504,2149567,25-560-0035-00,Wc3R6rPqB9,bKash,3280,"2023-09-20 13:08:04",paid
505,2133034,13-242-0047-00,eM27ut0Jrx,bKash,1260,"2023-09-20 15:01:51",paid
514,2107776,09-110-0202-00,L9d12yAy8p,bKash,360,"2023-09-20 23:53:45",paid
515,2110102,09-754-0049-00,P6VQisbhbe,bKash,180,"2023-09-20 23:58:36",paid
519,2109799,09-729-0315-00,P0UvD5Oiw1,bKash,180,"2023-09-21 00:02:48",paid
521,2109691,09-729-0210-00,TeoCtMWFyY,bKash,180,"2023-09-21 06:59:04",paid
522,2110674,09-792-0602-0ক,vZqgjlACCY,bKash,180,"2023-09-21 09:28:34",paid
523,2110672,09-792-0601-00,fkbnCb8V8b,bKash,180,"2023-09-21 09:47:31",paid
524,2150106,25-568-0010-01,FTSDkh0YoB,bKash,1254,"2023-09-21 10:36:47",paid
527,2110650,09-792-0577-00,YSzoppfRMF,bKash,180,"2023-09-21 10:50:13",paid
528,2110153,09-781-0023-00,quKgNGSNW1,bKash,180,"2023-09-21 10:53:30",paid
529,2109901,09-729-0416-00,f9On6lmrV1,bKash,180,"2023-09-21 10:56:04",paid
530,2130681,04-050-0006-00,24evgd8UcZ,bKash,180,"2023-09-21 11:05:19",paid
531,2150061,25-566-0012-00,hxVAUsqfSZ,bKash,1912,"2023-09-21 11:11:16",paid
532,2114559,26-572-0023-02,2sl8Pv8dr7,bKash,1099,"2023-09-21 12:16:36",paid
534,2148246,25-385-0170-00,MLXzUGRSc1,bKash,2520,"2023-09-21 12:32:23",paid
536,2070169,01-005-0063-03,QJ3mM0euaI,bKash,180,"2023-09-21 12:37:22",paid
538,2117907,03-037-0055-02,fm9YAwft0I,Nagad,180,"2023-09-21 16:30:03",canceled
539,2117907,03-037-0055-02,U2fMmJuMLG,Nagad,180,"2023-09-21 16:32:52",paid
540,2110406,09-788-0079-00,sXnfQCcNkN,bKash,180,"2023-09-21 23:20:28",paid
541,2110407,09-788-0080-00,5vgvbPeAP0,bKash,180,"2023-09-21 23:22:46",paid
542,2109922,09-729-0621-00,0dNvC8xsjB,bKash,180,"2023-09-22 09:33:24",paid
543,2110548,09-791-0487-00,3ivq7RfidD,bKash,180,"2023-09-22 09:38:47",paid
544,2110549,09-791-0488-00,NN4gV05x0l,bKash,180,"2023-09-22 09:55:54",paid
545,2109837,09-729-0352-00,bY3I1mNEpx,bKash,180,"2023-09-22 09:59:15",paid
546,2110270,09-787-0099-00,uC6Hgtlp1r,bKash,180,"2023-09-22 10:01:51",paid
547,2109827,09-729-0342-00,6m8LQrwhIQ,bKash,180,"2023-09-22 10:14:42",paid
549,2109611,09-729-0135-00,SG8pWWa3W1,bKash,180,"2023-09-22 10:17:11",paid
550,2109715,09-729-0234-00,b2ioO7Gohh,bKash,180,"2023-09-22 10:23:18",paid
551,2109665,09-729-0182-00,rstvsUS3qG,bKash,180,"2023-09-22 10:25:56",paid
552,2110455,09-788-0674-00,ylph2PREjQ,bKash,139,"2023-09-22 10:28:13",paid
553,2110659,09-792-0586-00,mWF35Jes51,bKash,180,"2023-09-22 11:20:24",paid
554,2086107,10-131-0058-00,Wc06gE85sq,,1800,"2023-09-22 12:00:48",canceled
555,2086107,10-131-0058-00,9hLA0VThn9,bKash,1800,"2023-09-22 12:43:02",paid
557,2109907,09-729-0422-00,CmrQSqnfUD,bKash,180,"2023-09-22 23:20:29",paid
558,2109841,09-729-0356-00,NnOWiaWyYW,bKash,180,"2023-09-22 23:23:08",paid
559,2110456,09-788-0675-00,1l1RFWR8op,bKash,180,"2023-09-22 23:43:20",paid
560,2110457,09-788-0675-0ক,TW5O60mmPg,bKash,180,"2023-09-22 23:47:04",paid
561,2110458,09-788-0676-00,mMAKSw1TwW,bKash,180,"2023-09-22 23:48:57",paid
562,2117853,03-037-0040-00,ZMPKZuQrcf,bKash,1260,"2023-09-23 10:38:26",paid
565,2110182,09-787-0002-00,eiH0fSUP1G,bKash,180,"2023-09-23 10:48:22",paid
566,2109704,09-729-0223-00,jBAHLcvn3H,bKash,180,"2023-09-23 10:54:59",paid
567,2109797,09-729-0313-00,0iG3SMhxtS,bKash,180,"2023-09-23 10:57:31",paid
568,2110666,09-792-0594-00,sUWiH2qW5q,bKash,180,"2023-09-23 11:00:17",paid
569,2110552,09-791-0491-00,9uJc3OyteQ,bKash,180,"2023-09-23 11:02:34",paid
570,2139595,28-641-0013-01,713EUeaO4K,"EBL CARD",8633,"2023-09-23 11:47:15",paid
571,2110668,09-792-0597-00,02dFMRjW2e,bKash,180,"2023-09-23 20:57:22",paid
575,2080885,30-057-0005-00,5T0DHRDRAy,,1602,"2023-09-24 09:40:29",canceled
576,2142346,31-706-0004-00,qFUGmasEDR,DBBL,180,"2023-09-24 09:50:07",paid
577,2113942,26-560-0007-02,wI1XvVoHou,bKash,360,"2023-09-24 10:08:17",paid
578,2114660,26-572-0081-00,cZzJwzkoY4,bKash,180,"2023-09-24 10:11:17",paid
579,2094616,29-443-0005-00,a49YWEzRNu,"City Bank",21613,"2023-09-24 10:38:00",paid
580,2148895,25-552-0053-00,wdjRyu89L5,bKash,5130,"2023-09-24 10:53:58",paid
581,2070770,01-007-0183-01,3DE7MMHp4c,bKash,180,"2023-09-24 11:12:46",paid
584,2127929,18-382-0003-00,Yo3xsZbJYO,bKash,367,"2023-09-24 11:32:20",paid
585,2115231,26-580-0010-00,TeFRcEpIUV,bKash,180,"2023-09-24 11:36:58",paid
586,2149901,25-564-0028-02,0MB754l6se,bKash,8113,"2023-09-24 11:40:49",paid
587,2098705,27-613-0008-00,TzqjWsfih7,bKash,1881,"2023-09-24 11:43:10",paid
588,2098734,27-613-0026-00,OFGfPLmmws,bKash,2333,"2023-09-24 11:47:03",paid
590,2111796,12-345-0005-00,KbP0y705Wu,bKash,360,"2023-09-24 12:09:04",paid
591,2149558,25-560-0026-01,hYO0hbEDS6,bKash,21244,"2023-09-24 13:03:00",paid
592,2092210,14-269-0001-0ক,CBpUIZBwg0,bKash,180,"2023-09-24 13:13:20",paid
593,2106683,09-011-0333-0ক,HAvE3FaFME,,9194,"2023-09-24 16:13:19",canceled
594,2109913,09-729-0428-00,fIIBlcegH7,bKash,410,"2023-09-24 18:09:12",paid
595,2109555,09-729-0082-00,3fQ3B1X0QW,bKash,180,"2023-09-24 18:11:58",paid
596,2110286,09-787-0114-00,8DBLN9kJ7D,bKash,180,"2023-09-24 18:14:06",paid
597,2109786,09-729-0304-00,P6rjdGWnFD,bKash,180,"2023-09-24 18:30:43",paid
598,2110330,09-787-0145-00,8F3U9bf6Dz,bKash,180,"2023-09-24 18:34:43",paid
599,2110201,09-787-0028-00,cx8ISzWcg4,bKash,180,"2023-09-24 18:37:13",paid
600,2109735,09-729-0254-00,CFmh0sM46o,bKash,180,"2023-09-24 19:53:02",paid
601,2110332,09-788-0002-00,Rtyiqit5pb,bKash,180,"2023-09-24 19:54:59",paid
602,2109708,09-729-0227-00,pJMqgr5fZY,bKash,180,"2023-09-24 20:04:37",paid
603,2106683,09-011-0333-0ক,czYiguHc1E,bKash,9194,"2023-09-24 20:16:12",paid
605,2132178,04-069-0002-00,7W8k5t0NhC,bKash,180,"2023-09-25 09:58:18",paid
609,2148925,25-552-0071-00,gtjT1BRJpL,bKash,180,"2023-09-25 11:34:28",paid
610,2109800,09-729-0316-00,Lv2uQvxNjb,bKash,180,"2023-09-25 11:49:56",paid
611,2110545,09-791-0484-00,VgwQwooEXH,bKash,180,"2023-09-25 11:53:48",paid
612,2109995,09-731-0067-00,gxt38Y28jb,bKash,640,"2023-09-25 12:01:16",paid
613,2107514,09-109-0070-2ক,zFEaevEcXk,bKash,9000,"2023-09-25 12:21:26",paid
617,2080885,30-057-0005-00,cIoDKz0nA0,bKash,1602,"2023-09-25 18:41:28",paid
618,2100551,22-444-0038-01,gG4MlTPML7,,27000,"2023-09-25 21:35:53",canceled
619,2100551,22-444-0038-01,lnejG5jpTZ,DBBL,27000,"2023-09-25 21:38:25",paid
620,2109914,09-729-0476-00,feyUEy0UMP,bKash,180,"2023-09-26 08:24:27",paid
621,2110538,09-791-0477-00,8MjcBkTjUt,bKash,180,"2023-09-26 08:28:25",paid
622,2110420,09-788-0093-00,Ssfwgsuw5T,bKash,180,"2023-09-26 08:30:32",paid
623,2110143,09-781-0013-00,xTNm97ZrG9,bKash,180,"2023-09-26 08:33:56",paid
624,2109551,09-729-0078-00,0TQ1kMxwwo,bKash,180,"2023-09-26 08:38:01",paid
625,2109838,09-729-0353-00,mhllcTMn5M,bKash,180,"2023-09-26 08:54:42",paid
626,2109502,09-729-0027-00,33GPByrUwx,bKash,180,"2023-09-26 09:03:21",paid
627,2110351,09-788-0021-00,RGRRfuSyi9,bKash,180,"2023-09-26 09:05:24",paid
628,2109642,09-729-0161-00,esZM3Whbqo,bKash,180,"2023-09-26 09:08:14",paid
629,2109540,09-729-0066-00,gafigfLrUo,bKash,180,"2023-09-26 09:10:17",paid
631,2110483,09-788-0711-00,HP6wU8jW61,bKash,180,"2023-09-26 09:17:56",paid
633,2128158,18-386-0120-01,HqDhH88aJl,bKash,1951,"2023-09-26 10:53:17",paid
635,2091194,14-260-0120-01,KtuapaNAST,bKash,12431,"2023-09-26 11:16:49",paid
636,2115315,26-581-0038-12,QSONocKEOd,bKash,900,"2023-09-26 11:25:36",paid
637,2148926,25-552-0072-00,0KjfKME9PK,bKash,180,"2023-09-26 11:31:07",paid
639,2108895,09-116-0440-00,RW761ds3UK,bKash,12600,"2023-09-26 15:46:28",paid
641,2108737,09-115-0043-00,8LwZhLQGWW,Nagad,7558,"2023-09-26 16:51:18",paid
643,2127408,18-377-0025-03,wk68XISBeo,bKash,1080,"2023-09-26 22:30:55",paid
644,2109920,09-729-0619-00,kVWKh8HEZz,bKash,360,"2023-09-26 23:57:49",paid
645,2138863,28-633-0085-00,xNcZMTDtcZ,"EBL CARD",14400,"2023-09-27 00:44:58",paid
647,2128611,18-389-0007-01,9IcNhkHmUR,bKash,1101,"2023-09-27 10:41:53",paid
648,2148225,25-385-0156-00,94fuz00LEr,bKash,180,"2023-09-27 10:46:16",paid
649,2108707,09-115-0033-00,WP0sDqnjOw,bKash,1368,"2023-09-27 11:20:22",paid
650,2148430,25-386-0045-02,Lb4M8fydaK,bKash,180,"2023-09-27 11:30:47",paid
652,2107516,09-109-0070-3খ,TCn2UDenqC,Nagad,2880,"2023-09-27 11:58:24",canceled
653,2107516,09-109-0070-3খ,Wg4ylNwWFf,bKash,2880,"2023-09-27 12:04:28",paid
654,2113880,26-559-0012-00,u6wiVNFQbl,bKash,11700,"2023-09-27 12:22:02",paid
655,2148855,25-552-0039-12,r4lfd8qlWI,bKash,180,"2023-09-27 12:25:12",paid
656,2109707,09-729-0226-00,DHCPYzUJeG,bKash,180,"2023-09-27 13:23:39",paid
657,2169901,25-558-0126-04,CC0ZsOrGCp,bKash,1033,"2023-09-27 14:29:32",paid
658,2128104,18-386-0098-10খ,pLv5K6FPts,bKash,2250,"2023-09-27 14:33:21",paid
660,2125558,17-323-0021-0ক,cerpIu2uyd,bKash,1971,"2023-09-27 16:35:14",paid
662,2109465,09-728-0060-00,Pfplef4oTE,Nagad,180,"2023-09-27 17:34:10",canceled
664,2109465,09-728-0060-00,CPHUhhK86Q,Nagad,180,"2023-09-27 18:09:19",canceled
665,2109751,09-729-0270-00,stC7NiuvLa,bKash,180,"2023-09-27 19:17:36",paid
666,2081207,30-421-0247-00,ltP4AkOAY8,Nagad,2458,"2023-09-27 21:13:27",canceled
667,2081207,30-421-0247-00,OWqBBZqT8Y,Nagad,2458,"2023-09-27 21:17:50",paid
669,2110146,09-781-0016-00,1JVjVdGueM,bKash,640,"2023-09-27 22:15:24",paid
670,2084077,30-687-0130-03,jhu9HNPinp,,3526,"2023-09-28 09:25:05",canceled
671,2109859,09-729-0374-00,bU3UcooywI,bKash,180,"2023-09-28 10:17:07",paid
674,2096437,27-538-0081-31/3,SZBgfCfL08,"City Bank",9000,"2023-09-28 11:03:25",canceled
675,2096437,27-538-0081-31/3,CfKRGYRBOp,bKash,9000,"2023-09-28 11:12:35",paid
676,2115609,03-002-0056-01,zsf6PeShgh,,180,"2023-09-28 12:03:14",canceled
677,2070714,01-007-0157-00,PFWa8iBRzl,bKash,410,"2023-09-28 12:12:00",paid
678,2070717,01-007-0160-00,ukwYzFLXzm,bKash,410,"2023-09-28 12:15:39",paid
682,2090779,14-247-0016-00,R38cTdmXDI,Nagad,10800,"2023-09-28 13:51:11",canceled
683,2111914,12-347-0008-00,vUlqFNfUTo,bKash,1051,"2023-09-28 14:04:30",paid
685,2109474,09-728-0064-05,mNhA8BykQx,Nagad,14922,"2023-09-28 14:28:55",paid
686,2084077,30-687-0130-03,Uxl8PbYTqg,bKash,3526,"2023-09-28 15:50:40",paid
687,2109699,09-729-0218-00,D8OmqbKQxI,bKash,180,"2023-09-28 17:49:45",paid
688,2109695,09-729-0214-00,MPuRSNLcvy,bKash,180,"2023-09-28 17:58:34",paid
689,2103058,24-476-0124-07,bTzKuEnTJ7,bKash,6300,"2023-09-28 19:57:43",paid
690,2086158,10-134-0042-00,g6414CpZUl,bKash,3240,"2023-09-28 20:17:06",paid
691,2104753,24-517-0025-00,FqqrTARESv,bKash,2502,"2023-09-28 20:36:54",paid
693,2095841,29-655-0008-6এ,sVRZIyNrED,bKash,6739,"2023-09-28 21:04:24",paid
695,2109839,09-729-0354-00,DCZ8x9DZly,bKash,180,"2023-09-28 23:22:44",paid
696,2109635,09-729-0154-00,DOTbWpY0Ef,bKash,180,"2023-09-28 23:25:50",paid
697,2109693,09-729-0212-00,1Gxh5oqcOt,bKash,180,"2023-09-28 23:28:19",paid
698,2109748,09-729-0267-00,pnv4z8eGf7,bKash,180,"2023-09-28 23:30:43",paid
699,2110157,09-781-0027-00,DCS9VKMkA2,bKash,180,"2023-09-28 23:33:08",paid
700,2109906,09-729-0421-00,ge2azyRJHx,bKash,180,"2023-09-28 23:35:13",paid
702,2110563,09-791-0500-00,QGQw2VrkDj,bKash,870,"2023-09-28 23:46:32",paid
703,2109698,09-729-0217-00,kXNmwFupE0,bKash,180,"2023-09-28 23:48:38",paid
704,2110139,09-781-0009-00,C8KBYDXGuJ,bKash,640,"2023-09-28 23:50:37",paid
705,2109897,09-729-0412-00,EAD2DxO4Ji,bKash,180,"2023-09-28 23:53:08",paid
706,2109737,09-729-0256-00,rfOZQBNlNH,bKash,870,"2023-09-28 23:55:21",paid
707,2109842,09-729-0357-00,twiTTJhvhc,bKash,180,"2023-09-28 23:57:43",paid
708,2090779,14-247-0016-00,QvnefuTpah,bKash,10800,"2023-09-29 00:26:24",paid
710,2115609,03-002-0056-01,n9RurCq9F3,bKash,180,"2023-09-29 12:20:38",paid
711,2117713,03-037-0011-01,lRGTtNLm4j,bKash,547,"2023-09-29 17:01:49",paid
712,2090655,14-246-0073-04,9dnd59MpWx,bKash,2410,"2023-09-29 18:54:13",paid
714,2087647,10-175-0155-00,LWgGys8AjZ,bKash,3775,"2023-09-29 21:32:51",paid
715,2109889,09-729-0402-00,vF7Rn7O85k,bKash,180,"2023-09-29 22:26:42",paid
716,2109597,09-729-0120-00,JsRkri8eGO,bKash,180,"2023-09-29 22:29:10",paid
717,2110476,09-788-0697-00,pB2VJ4nWJf,bKash,180,"2023-09-29 22:31:40",paid
718,2110475,09-788-0696-00,6To075fljx,bKash,180,"2023-09-29 22:34:12",paid
719,2110257,09-787-0086-00,3erx44avxK,bKash,180,"2023-09-29 22:44:41",paid
720,2110154,09-781-0024-00,QW6lIswF6a,bKash,180,"2023-09-29 22:50:25",paid
722,2110244,09-787-0073-00,h8OiHihhCq,bKash,180,"2023-09-29 22:56:23",paid
724,2110193,09-787-0020-00,aFj2suvRMR,bKash,180,"2023-09-29 23:03:21",paid
725,2109851,09-729-0366-00,IiShcPoTdD,bKash,180,"2023-09-29 23:06:39",paid
726,2109606,09-729-0130-00,dNdoErruvH,bKash,180,"2023-09-29 23:13:10",paid
727,2110255,09-787-0084-00,C8i2Y1TNko,bKash,180,"2023-09-29 23:16:27",paid
728,2110465,09-788-0684-0ক,gnzR4RXHOi,bKash,180,"2023-09-29 23:22:00",paid
730,2109986,09-731-0058-00,Jru5eY0AnK,bKash,180,"2023-09-29 23:25:14",paid
731,2109732,09-729-0251-00,sUFDnC48n2,bKash,229,"2023-09-29 23:27:49",paid
732,2109774,09-729-0293-00,lC8eTrDQDk,bKash,180,"2023-09-29 23:30:15",paid
733,2109835,09-729-0350-00,lPhzhrbkgL,bKash,180,"2023-09-29 23:32:19",paid
734,2109250,09-126-0272-00,QkXDesJGHS,bKash,180,"2023-09-29 23:34:35",paid
735,2110481,09-788-0708-00,Sw2FRXRw7e,bKash,360,"2023-09-29 23:39:29",paid
736,2109793,09-729-0309-00,MDTieDtsrG,bKash,180,"2023-09-29 23:42:15",paid
737,2109788,09-729-0305-00,rL93zp1AES,bKash,180,"2023-09-29 23:45:12",paid
738,2110661,09-792-0589-00,VjZz0xxjNl,bKash,273,"2023-09-29 23:50:40",paid
739,2110219,09-787-0047-00,re4wA6AU8q,bKash,180,"2023-09-29 23:54:44",paid
740,2103057,24-476-0124-06,Lv9eEs7PtN,bKash,39600,"2023-09-30 16:32:24",paid
741,2170132,28-617-0008-2ই,uW5i79uOG3,bKash,998,"2023-09-30 17:53:07",paid
742,2097801,27-599-0031-00,lCrTB1yAxn,bKash,1284,"2023-09-30 19:04:37",paid
744,2115405,26-583-0020-00,2k39YIZneO,bKash,2122,"2023-09-30 22:04:59",paid
745,2110262,09-787-0090-00,UAAxTSYaTU,bKash,180,"2023-09-30 23:30:21",paid
746,2109621,09-729-0143-00,AzM7O0bzhy,bKash,1100,"2023-09-30 23:35:23",paid
747,2109736,09-729-0255-00,uRaqVQ91Fe,bKash,180,"2023-09-30 23:41:35",paid
748,2109703,09-729-0222-00,RYgkGfI7vI,bKash,180,"2023-09-30 23:44:22",paid
749,2109790,09-729-0306-00,Wtj3yM1boh,bKash,180,"2023-09-30 23:46:58",paid
750,2109791,09-729-0307-00,v2VCnKP6oM,bKash,180,"2023-09-30 23:49:30",paid
751,2110181,09-787-0001-00,SY8V3wgsYJ,bKash,180,"2023-09-30 23:54:12",paid
752,2110484,09-788-0712-00,tf84zYSm90,bKash,410,"2023-09-30 23:56:24",paid
753,2110142,09-781-0012-00,hClkfzxnAK,bKash,180,"2023-09-30 23:58:59",paid
754,2172720,10-173-0107-00,EUgCnlKZ4D,bKash,189,"2023-10-10 11:27:38",paid
755,2173367,18-376-0003-00,LZo1DflJ5e,Nagad,12835,"2023-10-29 10:22:08",paid
756,2173700,25-386-0079-13F2,c0pIqFHqMC,,4163,"2023-11-04 21:02:39",canceled
757,2203330,23-011-0122-00,Mlqbvslebt,bKash,302,"2023-11-07 13:06:48",paid
758,2248942,26-572-0006-00,4xeWtydxo1,bKash,2831,"2023-11-07 15:11:07",paid
760,2197990,30-057-0026-5A,twf6SAwFVz,bKash,250,"2023-11-12 23:32:39",paid
762,2239225,25-385-0056-01,083pXBchyo,bKash,2831,"2023-11-13 12:25:38",paid
763,2190608,24-479-184-13,V7zmHKH9GW,bKash,453,"2023-11-14 21:33:13",paid
766,2227105,27-601-0045-00,5QChYJstqW,Nagad,37750,"2023-11-15 15:02:52",paid
774,2249603,18-368-0014-01,Nw6Dy9QyzB,IBBL,3269,"2023-11-20 19:16:52",paid
775,2208499,10-214-0069-00,prYOVWflt8,bKash,275,"2023-11-21 11:06:56",paid
777,2196340,26-559-0038-01,VriIViM811,bKash,189,"2023-11-21 12:03:20",paid
778,2207681,10-173-0049-00,c9oAbnpIT3,bKash,2678,"2023-11-21 13:30:09",paid
779,2226563,27-597-0009-00,JlJaG76v6k,bKash,216,"2023-11-21 13:56:13",paid
781,2239491,25-385-0195-00,75kECxKwzk,bKash,24009,"2023-11-22 12:51:00",paid
782,2212740,17-289-0025-03,J7p3cRGVrN,DBBL,189,"2023-11-22 13:02:38",paid
783,2210483,18-380-0020-03,kXGADkVr8m,"UCB CARD",1286,"2023-11-22 14:47:32",paid
784,2197154,26-573-0020-00,UzTAwt97g9,bKash,377,"2023-11-23 10:25:53",paid
785,2197164,26-573-0024-00,EvM6RVlgnX,bKash,189,"2023-11-23 11:08:47",paid
788,2211050,18-386-0133-00,8p1hEZkiav,bKash,189,"2023-11-23 12:15:03",paid
789,2210719,18-380-0062-01,PLsLC8LK5k,bKash,189,"2023-11-23 12:46:25",paid
795,2196984,26-572-0023-02,U7XhIlXint,bKash,1099,"2023-11-26 11:36:35",paid
798,2174694,08-098-0625-00,yfqeXhdIfr,bKash,529,"2023-11-27 10:28:28",paid
799,2240011,25-552-0028-02,ORGnvaD3KT,bKash,491,"2023-11-27 11:39:05",paid
800,2243417,28-640-0042-02,DLUODcwNjl,bKash,755,"2023-11-27 12:48:32",paid
802,2237407,16-284-0017-3ক,a8Ma7dJIde,bKash,236,"2023-11-27 15:18:03",paid
803,2240912,25-562-0026-02,ge1KfXaFoL,"City Bank",189,"2023-11-27 17:52:09",paid
804,2226600,27-597-0030-00,0L8SiAUrpf,bKash,3964,"2023-11-28 12:27:17",paid
806,2243687,31-650-0022-00,mwLuzSimxe,bKash,417,"2023-11-28 16:49:12",paid
808,2197697,26-581-0013-00,yS8uLFyLYh,bKash,284,"2023-11-29 11:00:37",paid
809,2240928,25-562-0032-00,brTAkhtkDE,bKash,2496,"2023-11-29 11:44:53",paid
810,2210413,18-379-0026-0C,IqyjBnKCuU,bKash,195,"2023-11-29 12:52:22",paid
811,2242463,28-632-0015-00,tL7p7F6ld5,bKash,4192,"2023-11-29 13:53:57",paid
813,2180555,09-289-00এন-76,e4LNllrD6t,bKash,8492,"2023-11-30 14:36:06",paid
817,2215252,17-323-0010-01,xWWGgqzDsa,bKash,736,"2023-12-02 13:55:21",paid
833,2243297,28-640-0021-2ক,3HcF7NrQnh,bKash,189,"2023-12-03 18:49:21",paid
834,2206361,10-131-0039-00,ZHS6hyDrNE,bKash,730,"2023-12-03 18:58:08",paid
836,2182181,09-841-0240-26,bngc4SBq4E,bKash,900,"2023-12-04 12:08:33",paid
838,2196329,26-559-0031-00,S0iZXYHsEi,bKash,1900,"2023-12-05 11:11:03",paid
839,2188469,29-444-0087-01,hlawsPNqgT,bKash,794,"2023-12-05 14:17:19",paid
842,2197665,26-580-0014-00,nZXTWOLqit,bKash,570,"2023-12-06 11:29:40",paid
844,2205976,20-416-0045-00,YokDQlFauq,"UCB CARD",257,"2023-12-06 19:05:25",paid
845,2197344,26-577-0032-01,7iD7ZfXgcn,bKash,189,"2023-12-06 22:37:49",paid
846,2241502,28-616-0007-00,dM4USIJbwB,bKash,5191,"2023-12-07 10:45:59",paid
847,2207498,10-170-0081-00,x4vHIDm0Rl,bKash,1321,"2023-12-07 10:56:31",paid
849,2177125,06-088-0094-01,oA1EfB0HTw,"UCB CARD",419,"2023-12-09 13:55:57",paid
851,2240104,25-552-0059-00,ZwIOHWbtmZ,bKash,3374,"2023-12-10 19:47:59",paid
854,2236658,16-267-0271-3ঙ,amc1Ntjo46,bKash,15552,"2023-12-12 09:37:31",paid
856,2239482,25-385-0190-00,vESdjWLajj,bKash,3225,"2023-12-13 12:09:51",paid
860,2187769,14-270-0021-02,HIgHuZt35k,bKash,189,"2023-12-13 23:17:54",paid
864,2197475,26-577-0101-00,MzILZcbWXu,bKash,680,"2023-12-15 22:17:27",paid
867,2243896,31-688-0001-0ক,NaYvVtm95P,bKash,302,"2023-12-16 23:17:01",paid
869,2211139,18-386-0162-01,elzzkdjIH4,bKash,2860,"2023-12-17 11:04:44",paid
870,2197806,26-583-0002-01,K258PIHApJ,bKash,2923,"2023-12-17 11:06:24",paid
871,2192540,24-538-0151-05,ltZmKspujR,bKash,189,"2023-12-17 14:39:15",paid
872,2197015,26-572-0041-00,bMyoUxle0G,bKash,189,"2023-12-18 10:28:42",paid
873,2197145,26-573-0018-00,KssKutLxwn,bKash,3000,"2023-12-18 10:50:03",paid
874,2192026,24-520-0005-00,okEq310FTp,bKash,2313,"2023-12-18 11:27:55",paid
875,2232462,11-776-0031-00,3EQ9xDKIyz,bKash,1812,"2023-12-18 17:59:54",paid
876,2232461,11-776-0030-00,Nir7085efw,bKash,1510,"2023-12-18 18:13:28",paid
878,2210888,18-385-0232-01,1dryFuP755,bKash,2646,"2023-12-19 10:52:28",paid
880,2229220,01-006-0023-03,yV0eAfUGuJ,Nagad,6878,"2023-12-19 20:30:23",paid
881,2182537,03-007-0073-01,my5MqDSfyy,bKash,189,"2023-12-19 22:08:48",paid
882,2241196,25-565-0014-03,XCIXKQqSkP,bKash,3254,"2023-12-20 10:24:25",paid
884,2225975,27-585-0187-00,9RFNc4f2Nr,bKash,592,"2023-12-20 14:12:20",paid
885,2241528,28-617-0008-2ই,zWOHCfMl1x,Nagad,998,"2023-12-20 16:34:15",paid
888,2239388,25-385-0140-02,3wOKGgivGD,bKash,1670,"2023-12-21 11:03:00",paid
889,2187349,14-268-0044-3ক,Bpa8hknY8O,bKash,419,"2023-12-21 13:16:08",paid
890,2182536,03-007-0073-00,ZN38rKkBvu,bKash,189,"2023-12-21 13:54:29",paid
892,2210593,18-380-0030-38,v79Ygv51yD,"UCB CARD",1812,"2023-12-22 12:11:30",paid
893,2251117,30-660-0022-23,vi8eBdHHS2,bKash,3213,"2023-12-22 22:31:46",paid
894,2185624,14-111-0155-00,Rub83oVnTu,bKash,189,"2023-12-23 08:34:23",paid
896,2248379,31-724-0074-94,1HzSKwdOeA,bKash,419,"2023-12-23 12:22:04",paid
897,2226908,27-600-0001-00,WThPgnPNqw,bKash,2203,"2023-12-23 16:53:22",paid
899,2197142,26-573-0017-05,0lbm73YKOH,bKash,1188,"2023-12-24 12:25:31",paid
900,2221156,07-106-0006-01,VAkpk6vRQ1,bKash,217,"2023-12-24 18:09:53",paid
901,2202735,05-082-0013-11,2mE5yhy8lB,bKash,1388,"2023-12-24 23:18:21",paid
902,2182538,03-007-0074-00,20giYSjLSO,bKash,419,"2023-12-25 10:31:22",paid
903,2182572,03-007-0087-0B,kRzoAmWloU,bKash,305,"2023-12-25 16:40:31",paid
904,2223594,21-433-0035-45,IbCNtQ4yZq,bKash,6606,"2023-12-26 11:58:12",paid
906,2240140,25-552-0080-00,iEO5Q6h68j,bKash,2344,"2023-12-26 13:35:28",paid
909,2243448,28-641-0016-00,NC6UPcrujL,bKash,1321,"2023-12-26 22:42:33",paid
910,2211055,18-386-0135-02,bfyyFeKuAy,bKash,189,"2023-12-27 10:26:36",paid
911,2251727,17-311-0014-26,JORWZ0gP1q,bKash,764,"2023-12-27 11:53:49",paid
912,2251728,17-311-0014-27,EhaKRYLjOu,bKash,764,"2023-12-27 12:06:33",paid
913,2210304,18-377-0028-31,lGeCI2Sk8N,bKash,189,"2023-12-27 12:32:53",paid
914,2239999,25-552-0024-00,Mj9W3E6lOD,bKash,2987,"2023-12-27 13:07:14",paid
915,2182529,03-007-0072-07,iVVwniQCyo,bKash,189,"2023-12-27 16:38:08",paid
916,2175511,06-071-0052-24,sIAmNjTrHH,Nagad,2567,"2023-12-28 10:31:57",paid
918,2199962,30-679-0089-02,WohozLJB38,bKash,445,"2023-12-28 12:46:04",paid
919,2237055,16-281-0018-6এ,JdI14wIVSK,bKash,1888,"2023-12-28 12:46:11",paid
921,2239377,25-385-0133-00,nU25E2H9eZ,bKash,189,"2023-12-28 13:04:41",paid
922,2176049,06-086-0044-00,OmPzRkXRb0,bKash,11143,"2023-12-28 13:32:50",paid
923,2192231,24-526-0014-01,pRBXSTepgR,"UCB CARD",4931,"2023-12-28 14:47:24",paid
926,2198121,30-421-0180-015,cGpLbeKXNx,bKash,189,"2023-12-29 13:24:46",paid
927,2182525,03-007-0072-03,pil3hOFvkY,bKash,189,"2023-12-30 10:25:15",paid
931,2185256,14-091-0018-00,1iCss1tTCa,bKash,11001,"2023-12-31 11:03:13",paid
932,2185287,14-091-0034-00,pOeG33ZQLV,bKash,770,"2023-12-31 11:08:32",paid
934,2194132,22-447-0024-08,XSnWaFtjiJ,bKash,419,"2023-12-31 11:21:38",paid
935,2204778,20-011-0135-00,ywg2Cnnh1E,bKash,22420,"2023-12-31 11:42:24",paid
937,2247152,31-716-0004-01,fVhZgfQN6S,bKash,189,"2023-12-31 12:06:55",paid
938,2242740,28-633-0125-00,zCI0khaMAK,bKash,4441,"2023-12-31 12:09:07",paid
939,2207565,10-172-0053-00,QPmqxQcBzi,bKash,2471,"2023-12-31 12:36:54",paid
941,2217772,19-402-0138-01,kMyfJ1xESq,bKash,2259,"2023-12-31 14:07:42",paid
942,2251857,25-390-0240-0ক,sgrTY689VI,bKash,9592,"2023-12-31 14:30:33",paid
945,2175528,06-071-0052-37,k73KDaFCdG,DBBL,2039,"2023-12-31 16:57:51",paid
946,2185449,14-111-0054-01,2yGPCx7Kjt,bKash,189,"2023-12-31 17:33:07",paid
948,2246342,31-709-0008-00,DaIHfwsrqz,DBBL,189,"2023-12-31 19:02:37",paid
949,2251983,09-119-0004-00,k5v2kVMLgi,"UCB CARD",43120,"2024-01-04 14:09:10",canceled
951,2262794,14-248-0012-00,TpFuMzO3qI,"UCB CARD",858,"2024-01-28 13:36:34",paid
953,2274624,06-083-0007-00,se1qNu0iOJ,"UCB CARD",994,"2024-01-31 11:03:42",paid
954,2260210,20-391-0169-00,Y30KkDHSnV,bKash,3168,"2024-01-31 13:41:21",paid
957,2319723,25-385-0190-00,ORpQFpsaGh,bKash,6280,"2024-02-04 10:34:38",paid
962,2297404,17-296-0415-05,ZLnOmbIYR2,bKash,5616,"2024-02-04 14:25:59",paid
964,2286267,23-442-0060-00,DICY4YtNQS,DBBL,313,"2024-02-04 19:32:02",paid
966,2280516,26-559-0031-00,cnw5727VYj,bKash,1900,"2024-02-06 11:12:00",paid
968,2297055,17-289-0031-00,nYjWAkylK5,bKash,1924,"2024-02-07 14:26:13",paid
970,2309691,29-444-0087-01,TDxO2d9r4E,bKash,794,"2024-02-08 10:58:12",paid
971,2309691,29-444-0087-01,4K1ALRAhoC,bKash,794,"2024-02-08 11:04:22",paid
972,2321141,25-562-0012-00,dy9Z4plXIt,bKash,5258,"2024-02-11 10:26:59",paid
977,2267614,24-516-0001-02,SZna31UKgr,bKash,4056,"2024-02-12 23:53:41",paid
978,2307658,18-377-0028-23,LPf4nkQzPY,bKash,423,"2024-02-13 13:00:38",paid
981,2321396,25-564-0036-00,kPLJC6hMir,bKash,193,"2024-02-14 11:12:49",paid
982,2292242,19-392-0041-00,LlWW1q7WF4,TAP,6882,"2024-02-14 12:58:06",canceled
983,2253590,03-030-0016-00,czXTYXP03w,bKash,1717,"2024-02-14 13:48:16",paid
988,2319603,25-385-0123-02,Rr3LtU4cBx,bKash,99,"2024-02-15 02:02:26",paid
991,2273759,28-640-0009-5গ,lggKAZ2L0Z,bKash,423,"2024-02-16 21:58:14",paid
992,2319244,16-825-0044-32,DI5PWjb45l,bKash,193,"2024-02-16 22:43:59",paid
997,2264137,14-269-0031-03,CtGTK2g0nM,Nagad,653,"2024-02-18 10:14:27",paid
999,2277158,30-421-0199-00,f9GrBRvi8E,bKash,1301,"2024-02-18 21:00:20",paid
1000,2314818,12-357-0034-00,neMJ2zhfsL,bKash,419,"2024-02-19 11:34:45",paid
1002,2312638,11-239-0065-00,4RSmnoe7AK,bKash,193,"2024-02-19 19:12:18",paid
1003,2327859,31-718-0068-00,x9TMGO468K,Nagad,918,"2024-02-20 11:26:06",paid
1006,2313240,11-812-00ডি-385,KJAs5MrhuZ,bKash,193,"2024-02-20 22:03:56",paid
1007,2313242,11-812-00ডি-387,eI7vm7aZpp,bKash,193,"2024-02-20 22:12:31",paid
1008,2313243,11-812-00ডি-388,mNkX0Wag0g,bKash,193,"2024-02-20 22:17:12",paid
1010,2295847,27-609-0106-00,qIbtZ4UW09,"City Bank",2983,"2024-02-21 21:33:51",paid
1011,2258898,09-754-0001-00,mz7qTQqINd,bKash,193,"2024-02-23 22:02:56",paid
1012,2274761,06-083-0064-00,ft2kH5FN0A,bKash,193,"2024-02-23 22:26:04",paid
1014,2324402,31-708-0004-00,j2YTFDQgEZ,bKash,5486,"2024-02-24 12:24:35",paid
1016,2258923,09-754-0026-00,ErnGLHDuY0,bKash,423,"2024-02-25 09:20:52",paid
1017,2321054,25-561-0005-00,HrzZNZOY8T,bKash,193,"2024-02-25 12:15:02",paid
1018,2321110,25-561-0032-00,Uyfc5A6ij2,bKash,285,"2024-02-27 12:07:33",paid
1021,2320687,25-557-0005-04,e4xIPFXzxC,bKash,193,"2024-02-27 14:21:43",paid
1024,2328083,09-119-0018-00,LR21Bb9jhe,bKash,97763,"2024-02-27 22:53:55",paid
1025,2273336,28-635-0031-02,gYUm6tKZvq,bKash,1962,"2024-02-28 16:36:44",paid
1027,2324667,31-712-0072-06,n7PgcfsU8u,bKash,2345,"2024-02-29 13:47:40",paid
1028,2324661,31-712-0071-00,eaJ1WZrGZw,Nagad,423,"2024-02-29 14:00:34",paid
1031,2317601,16-284-0015-11,I4CmqQiJxz,bKash,193,"2024-02-29 21:16:15",paid
1032,2303945,01-004-0112-04,aoRTQEd0Oh,Nagad,2033,"2024-03-01 20:00:37",paid
1033,2322577,31-692-0001-02,JKXj0k7ynl,bKash,193,"2024-03-03 20:35:22",paid
1035,2271954,28-615-0007-00,y7J2Alutxn,"UCB CARD",1250,"2024-03-07 17:52:18",paid
1036,2289520,10-131-0039-00,nE6oepuyzJ,bKash,730,"2024-03-09 10:01:26",paid
1039,2282006,26-583-0002-01,zuDPzYe4xi,bKash,2923,"2024-03-10 11:40:30",paid
1040,2281865,26-580-0014-00,NJqfi8jqlE,bKash,570,"2024-03-10 13:01:42",paid
1043,2320341,25-552-0052-00,GsR8fjebz5,bKash,193,"2024-03-12 11:02:38",paid
1051,2326260,31-724-0073-24ক,Uk08xzv6O5,bKash,193,"2024-03-14 19:52:38",paid
1053,2273159,28-633-0084-01,2wDzGFtmhg,bKash,8325,"2024-03-14 19:55:29",paid
1054,2288280,05-077-0147-01,K9CaMYhgB4,bKash,3504,"2024-03-14 21:28:10",paid
1055,2307595,18-377-0020-06,o8V5ajZ6d4,bKash,1244,"2024-03-14 22:08:53",paid
1057,2268881,24-546-0025-00,xnvR0U8VMT,bKash,4424,"2024-03-15 19:14:46",paid
1058,2306327,18-322-0115-07,EPleYCDTIO,bKash,4038,"2024-03-16 13:04:14",paid
1059,2289574,10-134-0020-00,ZnsFuAyVor,bKash,12905,"2024-03-16 16:57:46",paid
1060,2306694,18-365-0008-3ক,SvbiUUpQsL,bKash,499,"2024-03-17 16:35:34",paid
1061,2262952,14-252-0162-00,123qbKVVd7,Nagad,20034,"2024-03-18 06:34:32",paid
1063,2329060,24-408-0017-4সি,jM2P6koXRQ,bKash,26600,"2024-03-18 09:59:51",paid
1064,2260601,20-410-0034-01,EnYKjlmxAv,bKash,462,"2024-03-18 12:02:38",paid
1066,2281332,26-573-0018-00,nEvi2E5gNU,bKash,2000,"2024-03-19 11:39:55",paid
1067,2269979,22-447-0024-07,IKn3QWsOwW,bKash,193,"2024-03-20 11:53:36",paid
1069,2295630,27-606-0012-01,dc7iFBTaDb,bKash,2881,"2024-03-21 10:45:41",paid
1073,2297067,17-289-0031-0খ,idcugCm5H9,bKash,11550,"2024-03-21 16:10:41",paid
1075,2269372,24-551-0022-03,gleNUvkVtS,bKash,9019,"2024-03-23 22:02:13",paid
1076,2281172,26-572-0023-02,PXDbU8YJnG,bKash,1099,"2024-03-24 11:52:21",paid
1077,2303974,01-004-0124-01,yn9MuwZkry,bKash,1509,"2024-03-24 12:42:36",paid
1080,2257366,09-114-0044-03,AJLb3llKnF,"UCB CARD",1559,"2024-03-24 21:27:33",paid
1081,2260602,20-410-0035-00,nRjPu8IOE2,bKash,16170,"2024-03-25 00:23:52",paid
1082,2321446,25-565-0014-03,fZUKa9xPAw,bKash,3254,"2024-03-25 12:08:28",paid
1083,2294297,27-585-0187-00,rC14QoDOgE,bKash,592,"2024-03-26 13:25:49",paid
1084,2309556,29-443-0005-00,7CjIAAWe3W,"City Bank",44363,"2024-03-26 20:40:14",paid
1087,2263655,14-267-0461-01,l8MaLtbTbw,Nagad,3639,"2024-03-27 11:56:12",canceled
1088,2263655,14-267-0461-01,UofgQiy2g1,Nagad,3639,"2024-03-27 11:58:24",canceled
1092,2320409,25-552-0096-00,zvU5yXqwqv,bKash,193,"2024-03-27 13:19:23",paid
1093,2292097,19-391-0110-0ক,Q48h2QLSRn,bKash,193,"2024-03-27 13:19:58",paid
1095,2258113,09-289-00এন-76,5oAyd3GM3n,bKash,8492,"2024-03-27 23:07:54",paid
1096,2307720,18-378-0002-00,iVea00Kv2H,"UCB CARD",8625,"2024-03-28 18:13:07",canceled
1098,2307720,18-378-0002-00,MM4BlNRmZZ,"UCB CARD",8625,"2024-03-29 00:54:10",canceled
1099,2307720,18-378-0002-00,PqEA2VgX3Y,"UCB CARD",8625,"2024-03-29 00:56:25",paid
1101,2291888,19-385-0091-00,fbY9Sqy7VA,Nagad,2406,"2024-03-30 10:32:40",canceled
1103,2291888,19-385-0091-00,5zLJ1uSrsw,Nagad,2406,"2024-03-30 18:06:54",canceled
1104,2291888,19-385-0091-00,pOcjl3B54g,Nagad,2406,"2024-03-30 18:09:07",paid
1106,2268059,24-526-0014-01,PsiXDrCjm5,"UCB CARD",4931,"2024-03-31 09:56:07",paid
1108,2299887,17-324-0049-06,ffI39Fappn,Nagad,193,"2024-03-31 12:22:00",paid
1109,2327906,03-002-0037-33,vVZy4BzyDb,bKash,9385,"2024-03-31 12:25:11",paid
1111,2307580,18-377-0013-00,hFX92puMN9,bKash,5775,"2024-03-31 14:13:57",paid
1112,2291155,10-182-0006-00,Y5diJeJzjY,bKash,5673,"2024-03-31 15:29:13",paid
1113,2311553,02-024-0022-04,7c7LZnv2hl,bKash,574,"2024-03-31 17:27:06",paid
1114,2257207,09-113-0019-02,WOJXnCNMcx,bKash,726,"2024-03-31 19:25:10",paid
1115,2279531,30-683-0014-03,F8gOgEPWUU,bKash,414,"2024-03-31 23:38:34",paid
1118,2329672,24-550-0019-04,EYfCh6jz2w,bKash,10780,"2024-04-04 10:35:16",paid
1119,2392205,26-572-0073-03,wJfO37ZaLh,bKash,198,"2024-04-25 12:49:48",paid
1126,2357304,25-559-0082-00,oBMhdYhMAr,bKash,819,"2024-04-29 15:07:34",paid
1127,2355961,25-385-0145-02,WSoPqW798e,bKash,198,"2024-04-29 15:09:57",paid
1128,2358456,28-619-0067-01,xjETY0DxrW,Nagad,1172,"2024-04-30 09:58:13",paid
1131,2393917,09-109-0022-00,VjRo0JjSgy,bKash,888,"2024-04-30 11:18:48",paid
1134,2358052,28-615-0007-00,AN6EViHB0e,bKash,1250,"2024-04-30 16:07:05",paid
1136,2354116,16-285-0009-5চ,WMahJb6LmO,bKash,326,"2024-04-30 20:02:25",paid
1138,2405561,17-294-0409-6B,9kouyJ2mPX,"UCB CARD",2475,"2024-05-02 13:21:19",paid
1139,2353800,16-283-0180-00,HfoiV0edCu,Nagad,428,"2024-05-04 13:15:52",paid
1140,2391443,26-559-0019-00,K5m0cfBfWM,bKash,2469,"2024-05-05 10:10:27",paid
1141,2353756,16-283-0156-01,knWsLBZZTU,bKash,1467,"2024-05-05 12:14:08",paid
1142,2346900,20-391-0169-00,TXEZBmdM65,bKash,960,"2024-05-06 18:19:35",paid
1144,2406030,17-294-0409-2B,pT7FGcOx8e,bKash,2550,"2024-05-08 11:47:50",paid
1146,2347650,20-416-0045-00,CPVk2mDvM0,"UCB CARD",257,"2024-05-08 12:01:29",paid
1148,2344456,18-375-0017-3খ,9uOiExHTVt,DBBL,198,"2024-05-09 11:54:07",paid
1154,2384445,14-267-0362-00,kYBHEABroU,DBBL,211,"2024-05-14 11:02:10",paid
1156,2358957,28-629-0006-00,YT6wWMFon5,bKash,198,"2024-05-15 07:12:15",paid
1157,2363251,31-713-0003-07,JNsDcdH3eY,bKash,198,"2024-05-16 10:23:19",paid
1158,2392133,26-572-0029-00,8EJkqLJ9Jk,bKash,1393,"2024-05-16 11:57:42",paid
1160,2362768,31-703-0005-02,jPO27rzX12,bKash,198,"2024-05-16 17:45:23",paid
1162,2345127,18-380-0033-04,4FdVShCSWq,bKash,513,"2024-05-17 17:55:08",paid
1171,2361170,31-692-0008-0A,5HXPfnokcm,bKash,395,"2024-05-19 21:20:51",paid
1174,2407215,24-476-0116-4A,Z3bBg84xQg,Nagad,2449,"2024-05-20 11:59:26",paid
1175,2372253,10-131-0039-00,KSbKWUGiNW,Nagad,730,"2024-05-20 12:54:02",paid
1176,2406951,23-463-0064-3/1C,tUQFg31189,bKash,475,"2024-05-21 10:57:39",paid
1179,2361666,31-693-0014-00,p8IvdvYmrz,bKash,658,"2024-05-26 10:37:30",paid
1182,2333988,17-289-0031-15,EgohZajPai,bKash,1877,"2024-05-29 20:46:05",paid
1184,2372831,10-160-0031-31,CzWbtfQmnu,bKash,198,"2024-05-30 11:55:08",paid
1187,2362230,31-694-0103-00,1cVdC4nrwv,bKash,198,"2024-05-30 22:22:13",paid
1206,2391463,26-559-0031-00,Aw0oZWdC3a,bKash,1900,"2024-06-03 13:00:43",paid
1213,2407125,09-289-0658-9,RNEmDp4Cfs,bKash,551,"2024-06-04 12:11:32",paid
1216,2365562,29-085-0009-07,vnlb0Jg82w,bKash,5460,"2024-06-04 23:34:34",paid
1219,2405785,16-267-0023-1ঙ,cVdzJ9ZsU2,bKash,16500,"2024-06-05 12:28:59",paid
1224,2368895,03-033-0153-01,K0cbxqC9Uo,Nagad,428,"2024-06-06 10:08:18",paid
1225,2351111,12-357-0017-00,1fpfwWJaxP,bKash,1335,"2024-06-06 12:44:22",paid
1227,2397363,09-805-0025-01,OpQy7Bj0Y9,bKash,3125,"2024-06-07 14:43:24",paid
1229,2348392,23-442-0054-00,b2jabY3a7t,bKash,3610,"2024-06-08 19:29:31",paid
1231,2331170,04-040-0161-1ক,3r4U2ZYpCy,Nagad,1015,"2024-06-10 12:29:20",paid
1232,2405422,17-311-0011-0এ,7NgImnOxV5,"UCB CARD",12375,"2024-06-10 14:03:11",canceled
1234,2336791,17-324-0035-01,YN8vtdTsgm,Nagad,1337,"2024-06-11 12:50:54",paid
1236,2368915,03-033-0165-00,xtXwVbbuYl,bKash,428,"2024-06-11 19:59:39",paid
1238,2336044,17-315-0063-00,iAmuF9RSOk,bKash,56491,"2024-06-11 20:16:22",paid
1240,2382284,27-609-0106-00,HOQjSzz5Pc,"City Bank",2983,"2024-06-11 20:28:56",paid
1241,2368024,03-029-0061-00,5EDrivNS9u,bKash,198,"2024-06-12 09:10:02",paid
1242,2405422,17-311-0011-0এ,XfCf2cZ3pG,bKash,12375,"2024-06-12 11:09:25",paid
1243,2392801,26-580-0003-00,F8Ifxb1KB2,bKash,2568,"2024-06-12 12:00:02",paid
1248,2371007,05-077-0147-01,689KEy4ITu,bKash,3504,"2024-06-14 13:27:30",paid
1250,2361301,31-692-0017-49,QB8gJ6KCnJ,bKash,198,"2024-06-15 11:49:26",paid
1251,2361272,31-692-0017-33ক,HqfISiL4i5,bKash,198,"2024-06-15 13:30:30",paid
1254,2380733,27-585-0187-00,yuNbj99k5e,bKash,592,"2024-06-15 18:02:20",paid
1255,2364569,31-724-0050-24ক,f30yI27Yil,Nagad,679,"2024-06-15 23:27:55",paid
1256,2344727,18-377-0020-06,VwaGL50HsX,bKash,606,"2024-06-16 12:01:56",paid
1257,2358119,28-617-0008-2ই,7GG6IpnMyc,bKash,2048,"2024-06-16 12:15:38",paid
1258,2368528,03-030-0020-04,qlqV1L64aj,bKash,4704,"2024-06-16 19:13:23",paid
1259,2334394,17-300-0197-00,hYzPRhp332,"UCB CARD",39905,"2024-06-18 13:03:08",canceled
1260,2356657,25-552-0047-03,dlBt6tIfAF,bKash,1181,"2024-06-18 23:44:41",paid
1269,2362226,31-694-0099-00,LsYHlZrxQz,bKash,2138,"2024-06-21 11:02:48",paid
1272,2361748,31-694-0016-2A,67qkLtgIN0,bKash,3950,"2024-06-21 12:44:07",paid
1273,2348122,23-011-0097-00,r7XOxzDqkV,bKash,7600,"2024-06-21 16:09:36",paid
1276,2362194,31-694-0089-01,2fHegavMhX,bKash,2052,"2024-06-22 12:09:08",paid
1277,2343455,18-322-0115-07,sZwBqyqdis,bKash,4038,"2024-06-22 13:19:45",paid
1278,2364491,31-724-0026-0A,VFdx0AR6Ia,bKash,295,"2024-06-22 20:23:38",paid
1283,2352312,15-733-0027-01,L2xNPJ4B6Z,"UCB CARD",1876,"2024-06-23 16:21:16",paid
1286,2409347,18-322-0016-0এ,weKeHAPYFN,"UCB CARD",798000,"2024-06-23 17:30:52",canceled
1289,2407348,09-117-0022-2ক,OAZMQkp2Jh,"UCB CARD",13444,"2024-06-23 18:22:12",canceled
1290,2407348,09-117-0022-2ক,bXlOyUQqAt,"UCB CARD",13444,"2024-06-23 18:26:42",paid
1292,2361770,31-694-0022-01,HNPMXHK0c0,bKash,356,"2024-06-23 20:08:25",paid
1296,2400909,24-390-0038-00,Pgfp4xUu3O,bKash,1950,"2024-06-24 10:56:46",paid
1297,2409503,24-408-0017-4সি,dZNM08xuki,bKash,14013,"2024-06-24 11:04:53",paid
1298,2334394,17-300-0197-00,SjcGeifLmL,"City Bank",39905,"2024-06-24 11:15:34",paid
1300,2355834,25-385-0074-00,gag2ciBgGp,bKash,2652,"2024-06-24 11:50:33",paid
1302,2380883,27-588-0007-03,JbXHGU96eG,DBBL,7554,"2024-06-24 19:05:29",paid
1304,2405965,16-267-0069-0A,R6HkBiJ93d,bKash,449,"2024-06-25 09:28:33",paid
1306,2392966,26-583-0002-01,8foKJQpsA0,bKash,2923,"2024-06-25 10:44:28",paid
1308,2396339,09-729-0269-00,4ittaLFRMI,bKash,198,"2024-06-25 11:45:33",paid
1309,2343716,18-361-0172-01,Lv5JlvFe0c,bKash,691,"2024-06-25 14:43:15",paid
1310,2407871,24-481-0168-28,zM0bZzNMYx,DBBL,18563,"2024-06-25 16:02:33",paid
1311,2409717,30-667-0074-02,IkbBDTVwsB,bKash,198,"2024-06-25 20:13:00",paid
1312,2408161,24-547-0075-00,fYlmL6S7g1,"UCB CARD",453422,"2024-06-26 09:26:48",canceled
1313,2357770,25-565-0014-03,Sz0upAzXd1,bKash,3254,"2024-06-26 09:53:27",paid
1315,2407903,"24-496-0210-3 বি",aUlNYdnjiu,bKash,6188,"2024-06-26 11:25:16",paid
1316,2356156,25-386-0031-00,r62qxkCzXH,bKash,1138,"2024-06-26 11:34:08",paid
1318,2367403,03-007-0014-00,h0Fpw4hOXY,bKash,1414,"2024-06-26 12:18:23",paid
1319,2404218,24-546-0026-00,jwqP1oMo3L,bKash,23700,"2024-06-26 12:18:29",paid
1320,2409262,"24-496-0210-5 এ",zZGlolUUhR,bKash,6188,"2024-06-26 12:30:07",paid
1322,2357299,25-559-0078-03,mbH3mVciix,DBBL,474,"2024-06-26 13:04:22",paid
1329,2368828,03-033-0131-04,pAMIcmt8pE,bKash,1118,"2024-06-26 18:15:18",paid
1330,2396320,09-729-0250-00,hOieADY5Vx,bKash,198,"2024-06-27 09:25:19",paid
1331,2396097,09-729-0034-00,vef8VeGEqi,bKash,198,"2024-06-27 09:29:31",paid
1333,2392282,26-573-0017-07,7ZgENEUkLO,bKash,417,"2024-06-27 11:45:42",paid
1334,2392276,26-573-0017-01,tOxycIBJOE,bKash,198,"2024-06-27 11:54:16",paid
1335,2368750,03-033-0091-00,P81yPFdZiG,bKash,443,"2024-06-27 18:16:14",paid
1336,2357465,25-562-0012-00,OX8kMEMwBC,bKash,2562,"2024-06-27 21:46:33",paid
1337,2333110,17-011-0187-00,zeexzpesID,"City Bank",83938,"2024-06-27 22:08:37",paid
1338,2396433,09-729-0359-00,Yz8XNpFGij,bKash,198,"2024-06-27 23:46:55",paid
1339,2396434,09-729-0360-00,s6f4kzp40P,bKash,198,"2024-06-27 23:55:08",paid
1341,2396422,09-729-0348-00,p2jGWVCYGQ,bKash,198,"2024-06-27 23:59:10",paid
1342,2396611,09-731-0095-00,POxhHHdjhN,bKash,198,"2024-06-28 00:07:46",paid
1343,2396341,09-729-0271-00,h2MtHHziCc,bKash,198,"2024-06-28 00:14:39",paid
1344,2397132,09-791-0485-00,asvN2cwUgf,bKash,198,"2024-06-28 00:19:15",paid
1346,2370217,03-725-0077-3,3q3jXsRbxv,"City Bank",4680,"2024-06-28 00:39:33",paid
1350,2396721,09-781-0004-00,OUs9ib804U,bKash,198,"2024-06-28 10:41:11",paid
1351,2405701,09-108-0138-00,J3rLcIPU1u,bKash,34113,"2024-06-28 16:02:38",paid
1354,2396252,09-729-0180-00,36qgj8KwED,bKash,198,"2024-06-28 20:52:18",paid
1356,2360997,31-691-0042-19,fmjYLxVb95,bKash,330,"2024-06-28 21:16:36",paid
1357,2409908,09-731-0097-00,MhWz6Mcu4X,bKash,2598,"2024-06-29 10:00:04",paid
1358,2343718,18-361-0172-03,8QyeKrToL6,bKash,1496,"2024-06-29 11:08:42",paid
1359,2343719,18-361-0172-04,89ISRCV7ix,bKash,1530,"2024-06-29 11:13:15",paid
1360,2341293,01-008-0071-03,mie1YvamYC,bKash,855,"2024-06-29 12:33:46",paid
1363,2362697,31-701-0016-00,YDDlVIbs2o,UPAY_MFS,494,"2024-06-29 20:09:16",canceled
1364,2362697,31-701-0016-00,9TgcjDo5PY,UPAY_MFS,494,"2024-06-29 20:10:35",paid
1365,2380458,27-585-0077-03,YxgOAfQ8CQ,DBBL,224,"2024-06-29 23:50:49",paid
1366,2409909,09-781-0014-00,kIUDuMVHNd,bKash,2598,"2024-06-30 00:34:02",paid
1367,2409910,09-781-0030-00,QnRbRSSEY3,bKash,598,"2024-06-30 00:37:54",paid
1368,2409911,09-781-0032-00,8koaSeJ2Ti,bKash,998,"2024-06-30 00:41:10",paid
1369,2409912,09-729-0211-00,e5OcEJUDOJ,bKash,598,"2024-06-30 00:45:08",paid
1370,2409913,09-729-0311-00,V5WI2D009h,bKash,1434,"2024-06-30 00:47:51",paid
1371,2410103,09-791-0506-00,FsnL1X2bhw,bKash,598,"2024-06-30 00:50:20",paid
1372,2396322,09-729-0252-00,GtfWFZbqXC,bKash,198,"2024-06-30 09:16:55",paid
1373,2410303,09-781-0015-00,FovEwwKmTp,bKash,998,"2024-06-30 09:41:22",paid
1374,2396260,09-729-0188-00,fJHYHRvN3b,bKash,2469,"2024-06-30 10:08:32",paid
1375,2344663,18-375-0085-0C,TyECLRFhNG,Nagad,3510,"2024-06-30 10:25:48",paid
1376,2410313,09-781-0029-00,c8tumepxuQ,bKash,598,"2024-06-30 10:26:47",paid
1380,2410439,24-481-0168-6ক,LsIyd2W7a4,bKash,7782,"2024-06-30 12:05:36",paid
1381,2408612,30-679-0137-01,OgcSMSaAFO,"UCB CARD",23800,"2024-06-30 12:19:37",canceled
1382,2408612,30-679-0137-01,g6JK7T2Dyw,"UCB CARD",23800,"2024-06-30 12:21:48",paid
1383,2396719,09-781-0002-00,n9ZFLvRjqO,bKash,1808,"2024-06-30 12:40:50",paid
1384,2410311,09-781-0046-00,2qgdKXlbTd,bKash,798,"2024-06-30 12:57:07",paid
1385,2392985,26-583-0016-00,bcbESCCyU6,bKash,3372,"2024-06-30 13:06:39",paid
1386,2388993,06-083-0038-03,A1LX8i2Rk4,bKash,1199,"2024-06-30 13:23:01",paid
1388,2389127,06-083-0089-2সি,pq5cHY9Mpz,bKash,3861,"2024-06-30 13:38:07",paid
1389,2385095,14-268-0110-02,pgo2W8o7wy,"UCB CARD",198,"2024-06-30 13:44:11",paid
1390,2375190,19-395-0084-00,6APa8Yr69n,Nagad,5363,"2024-06-30 14:34:24",paid
1391,2408675,25-563-0014-2ক,gggjAa53Yg,bKash,18360,"2024-06-30 15:34:50",paid
1395,2407910,24-542-0050-01,FFAva2fncG,bKash,18200,"2024-06-30 17:17:57",paid
1397,2409839,14-272-0030-00,phvESztWCO,DBBL,229824,"2024-06-30 18:34:45",paid
1398,2361446,31-692-0031-0গ,1dhGFBkO6v,Nagad,198,"2024-06-30 19:06:42",paid
1400,2397161,09-791-0512-00,1Wy7fjyTK0,bKash,428,"2024-06-30 21:25:39",paid
1401,2396438,09-729-0364-00,8pliX2iZtd,bKash,428,"2024-06-30 21:27:20",paid
1402,2396739,09-781-0022-00,fuk5DELbDF,bKash,198,"2024-06-30 21:30:19",paid
1403,2410606,17-307-0011-02,uN1V6HQsAv,bKash,2050,"2024-07-03 10:58:35",paid
1404,2410622,25-553-0009-02,ZOtZ94y32W,bKash,634,"2024-07-03 13:19:49",paid
1409,2411191,15-276-0019-00,AmJqiihPGQ,bKash,2592,"2024-07-10 13:53:57",paid
1413,2421604,14-091-0030-00,3T8nNwPzp1,bKash,2502,"2024-07-16 16:18:42",paid
1417,2486092,25-385-0053-03,VR1RucMfTW,bKash,927,"2024-07-18 12:07:02",paid
1433,2428609,22-444-0026-1A,P3JnpQj5N6,bKash,6840,"2024-07-24 22:59:55",paid
1435,2480138,12-331-0008-00,DixkF1N2W4,bKash,1397,"2024-07-25 14:54:58",paid
1436,2445909,20-391-0013-00,xYS2OxYx8m,"UCB CARD",2313,"2024-07-25 20:53:32",canceled
1437,2445909,20-391-0013-00,D45scyhXAE,bKash,2313,"2024-07-25 20:56:40",paid
1438,2482962,16-267-0069-0A,WTok7iP1pH,bKash,830,"2024-07-27 10:28:06",paid
1439,2422269,14-245-0020-00,QxFQUTzHFo,bKash,180,"2024-07-27 16:41:34",paid
1447,2414880,09-011-0350-00,HoTNCPbAo2,bKash,720,"2024-07-29 09:44:25",paid
1452,2448260,19-390-0328-3এ,4AZkfrXmql,bKash,6871,"2024-07-29 16:27:41",paid
1453,2446227,20-401-0033-00,ppmuBw515Y,bKash,755,"2024-07-29 19:56:24",paid
1454,2439526,17-289-0138-01,2nYWCl74SA,bKash,225,"2024-07-30 11:41:46",paid
1457,2491514,03-033-0040-00,NrF6ZpjmZr,bKash,2624,"2024-07-30 14:08:34",paid
1458,2431036,29-444-0060-00,svcysB1KdC,bKash,152,"2024-07-30 16:28:51",paid
1460,2442541,18-322-0086-18,PEOAn93hgr,Nagad,567,"2024-07-30 22:07:22",paid
1466,2434859,23-442-0110-01,PrRSdzF0iU,bKash,288,"2024-07-31 16:19:56",paid
1468,2442882,18-361-0161-00,jVLZOWvVHa,bKash,11520,"2024-07-31 19:17:51",paid
1469,2490711,01-004-0035-00,5jW2zCmxEl,bKash,410,"2024-07-31 19:47:13",paid
1474,2470736,27-595-0047-00,KUkEU9jscc,"UCB CARD",4771,"2024-08-01 10:25:41",canceled
1475,2470736,27-595-0047-00,Gv1Kgpip6D,bKash,4771,"2024-08-01 10:26:40",paid
1476,2486295,25-385-0154-00,n2mQXksRQz,bKash,2321,"2024-08-01 12:21:17",paid
1478,2491746,16-286-0050-4খ,mVR8byEUWh,bKash,1800,"2024-08-01 14:50:30",paid
1483,2428332,07-107-0062-02,ipoIa59eoc,bKash,495,"2024-08-01 21:31:15",paid
1484,2470676,27-595-0046-02,pLXgq2dHXe,bKash,218,"2024-08-01 21:32:24",paid
1485,2481729,15-241-0026-03,rbnFJ3oCqf,bKash,428,"2024-08-01 21:58:27",paid
1486,2457404,24-476-0116-4A,rh6MbN5PcV,Nagad,2449,"2024-08-03 10:05:13",paid
1489,2461279,26-555-0035-02,08ElPMReWa,bKash,228,"2024-08-03 18:11:32",paid
1490,2439366,17-289-0026-00,LeC5T3xvAo,bKash,383,"2024-08-03 21:24:10",paid
1491,2463746,30-664-0010-00,tnwM9khxoa,bKash,180,"2024-08-03 21:47:52",paid
1493,2489178,28-627-0003-09,3j338e0Brf,bKash,197,"2024-08-03 23:55:24",paid
1494,2436362,10-140-0029-00,q9pwjSQ1nR,bKash,6930,"2024-08-04 10:01:34",paid
1495,2487001,25-552-0061-01,x3LnAZYxJT,bKash,180,"2024-08-04 11:58:29",paid
1496,2487015,25-552-0064-01,16w6segWKv,bKash,180,"2024-08-04 12:00:23",paid
1497,2487016,25-552-0064-02,bwQlERlrrj,bKash,180,"2024-08-04 12:03:12",paid
1498,2487061,25-552-0099-00,oTFNpsfEyk,bKash,180,"2024-08-04 12:29:43",paid
1501,2434978,23-463-0064-3/1C,qIQD8WFi6S,"AB BANK IB",1800,"2024-08-07 15:51:23",paid
1503,2486269,25-385-0137-00,eeasTaxcSO,bKash,3078,"2024-08-08 10:16:32",paid
1504,2491900,18-376-0003-00,JXmNd7W5sF,Nagad,12240,"2024-08-08 14:49:40",canceled
1505,2491900,18-376-0003-00,uHAl0ATx17,Nagad,12240,"2024-08-08 14:53:17",canceled
1506,2491900,18-376-0003-00,l6bVddzL5q,Nagad,12240,"2024-08-08 14:57:56",canceled
1508,2491900,18-376-0003-00,wbTH1xZ6dI,Nagad,12240,"2024-08-08 15:12:55",canceled
1509,2491900,18-376-0003-00,SztuZoCq5G,Nagad,12240,"2024-08-08 15:28:46",canceled
1510,2439719,17-294-0409-6B,B1rkRIPjOE,bKash,1800,"2024-08-08 18:35:47",paid
1513,2462034,26-572-0048-00,mtIjzRbxUL,bKash,180,"2024-08-08 19:23:39",paid
1514,2486393,25-385-0210-00,Rdreypfs3y,bKash,180,"2024-08-09 19:13:06",paid
1515,2416592,09-113-0019-05,ozBwvCHDwn,bKash,800,"2024-08-10 11:54:01",paid
1517,2491403,28-638-0021-00,z1jyXQgcbW,bKash,410,"2024-08-10 13:11:02",paid
1520,2437683,10-175-0115-00,ztwi1ehyhe,DBBL,294,"2024-08-11 10:13:46",paid
1524,2443127,18-368-0007-07,eXJP4vNcCn,bKash,2250,"2024-08-11 22:48:37",paid
1525,2487339,25-557-0005-04,srJckrDvl4,bKash,180,"2024-08-11 22:55:31",paid
1526,2443678,18-375-0023-00,Yp2E16eH4I,bKash,1080,"2024-08-12 09:49:07",paid
1527,2443711,18-375-0033-01,75O3W4vnUX,bKash,3150,"2024-08-12 10:06:02",paid
1530,2446758,20-415-0066-3বি,9Mv8WNdfz8,bKash,8708,"2024-08-12 15:45:09",paid
1531,2448730,19-396-0018-00,5Y51x2WEwq,bKash,477,"2024-08-12 19:35:59",paid
1532,2474069,31-691-0061-00,GzKiprQZDS,bKash,180,"2024-08-12 22:29:05",paid
1540,2462001,26-572-0026-00,VoqmR4aBtt,bKash,4500,"2024-08-13 11:15:42",paid
1541,2462002,26-572-0027-00,iIV75chLws,bKash,180,"2024-08-13 11:17:00",paid
1542,2416406,09-111-0462-01,w5fr5mTMtw,Nagad,360,"2024-08-13 11:31:25",paid
1544,2423546,14-267-0454-01,0v4znp4iH5,bKash,180,"2024-08-13 13:09:20",paid
1545,2422998,14-260-0138-00,xQTyc8oItK,"UCB CARD",17914,"2024-08-13 16:03:10",paid
1547,2462164,26-573-0020-00,Ze9UJedzow,bKash,360,"2024-08-14 10:37:54",paid
1549,2423091,14-265-0092-00,7vG3NH6b4P,bKash,16200,"2024-08-14 11:11:39",paid
1550,2486998,25-552-0060-00,P5V3gzG00Z,bKash,686,"2024-08-14 11:13:59",paid
1552,2483699,16-280-0007-00,okjQ46UbF6,"UCB CARD",2304,"2024-08-14 11:31:38",paid
1553,2483711,16-280-0012-00,BL2oym5LYq,"UCB CARD",575,"2024-08-14 11:54:16",paid
1554,2475419,31-696-0063-00,SNwjUat9K8,bKash,329,"2024-08-14 12:41:50",paid
1555,2483709,16-280-0011-00,ydh8rHdjAD,"UCB CARD",180,"2024-08-14 13:36:13",paid
1557,2487447,25-558-0036-00,R5cDPsB6sp,IBBL,180,"2024-08-14 14:41:08",paid
1558,2424740,03-007-0051-01,KK0ZBWHJNY,bKash,180,"2024-08-14 14:42:28",paid
1559,2424732,03-007-0045-01,qo1PJJtfRA,bKash,180,"2024-08-14 14:45:53",paid
1564,2424742,03-007-0052-00,4qlzuHEGgZ,bKash,948,"2024-08-14 17:44:52",paid
1567,2475356,31-696-0052-2ক,2cdizZOq7K,bKash,180,"2024-08-14 21:34:42",paid
1568,2486995,25-552-0057-00,DBtTHBtknv,bKash,864,"2024-08-15 07:37:23",paid
1569,2471971,27-613-0011-02,zy6QyyXISd,bKash,2970,"2024-08-15 11:18:24",paid
1571,2463909,30-667-0074-02,paXbmzWGvf,bKash,180,"2024-08-15 13:54:05",paid
1573,2432101,29-651-0067-02,e94wOXyj9p,bKash,297,"2024-08-15 14:47:16",paid
1574,2440495,17-309-0039-00,xKj0v1JTpE,"UCB CARD",13263,"2024-08-15 15:07:30",paid
1575,2446827,20-416-0036-02,6ByRxkTIVN,bKash,4856,"2024-08-15 19:47:26",paid
1576,2436234,10-134-0042-00,TWLAOaF4f3,bKash,3240,"2024-08-15 21:30:42",paid
1577,2434034,05-084-0002-0ক,qvPhmMGCbl,Nagad,299,"2024-08-15 21:33:30",paid
1578,2484438,16-285-0009-5চ,X6eEBDxV2A,bKash,601,"2024-08-16 06:00:43",paid
1581,2440279,17-308-0084-00,rkndnrBrth,bKash,605,"2024-08-16 23:07:39",paid
1583,2441482,17-313-0095-6এ,PwIXEaW2LF,bKash,5400,"2024-08-17 13:06:39",paid
1597,2444737,18-386-0130-00,HhfsxzLR3t,bKash,713,"2024-08-18 10:06:33",paid
1598,2444375,18-380-0052-03,bTcFv57ogQ,bKash,4339,"2024-08-18 10:45:25",paid
1600,2438428,10-218-0097-00,P0LURRyMH7,bKash,3129,"2024-08-18 13:18:48",paid
1601,2473309,31-650-0033-00,DfpNb4frro,Nagad,1033,"2024-08-18 14:24:36",paid
1602,2445192,18-389-0020-08,igp7GGviZg,bKash,1100,"2024-08-18 14:45:06",paid
1603,2482601,15-733-0010-00,T7e1rSXHVo,DBBL,720,"2024-08-18 15:08:03",failed
1604,2482601,15-733-0010-00,CdMM98JkiJ,DBBL,720,"2024-08-18 15:10:33",paid
1605,2487142,25-554-0010-00,mwGC7c596I,bKash,180,"2024-08-18 17:58:03",paid
1606,2487647,25-559-0091-00,pDE4ZJ5Xmk,DBBL,22500,"2024-08-18 20:07:50",failed
1607,2487647,25-559-0091-00,8XDXkayyl3,Nagad,17344,"2024-08-18 20:15:59",canceled
1608,2487647,25-559-0091-00,qB8cNs0suy,Nagad,17344,"2024-08-18 20:16:53",canceled
1609,2450664,21-427-0020-00,q5oo7gAaPR,bKash,360,"2024-08-18 20:59:03",paid
1610,2462048,26-572-0058-01,VsoUpyCMRa,bKash,410,"2024-08-18 21:26:36",paid
1611,2440312,17-308-0097-06,oNUX5kRVoB,"City Bank",180,"2024-08-18 23:11:36",canceled
1612,2440312,17-308-0097-06,VhSC4ofJ1D,bKash,180,"2024-08-18 23:13:40",paid
1614,2424736,03-007-0049-00,6ZCnT8P1We,bKash,410,"2024-08-19 09:54:56",paid
1615,2472038,27-614-0010-1ক,U3wQ6zdApX,"UCB CARD",25200,"2024-08-19 09:56:33",paid
1616,2461960,26-571-0026-00,ou4cy5LhZj,"UCB CARD",1289,"2024-08-19 10:24:56",paid
1617,2461017,26-385-0029-00,iQDcSLxrcJ,bKash,3600,"2024-08-19 11:16:17",paid
1618,2459128,24-515-0013-4B,bFM8mLVVP6,bKash,1832,"2024-08-19 11:23:22",paid
1619,2444741,18-386-0133-00,NRm50wXfpF,bKash,180,"2024-08-19 11:42:26",paid
1620,2431960,29-649-0020-00,55TiLvtrbR,bKash,180,"2024-08-19 13:32:52",paid
1621,2490123,28-639-0078-00,d1Uff5adth,bKash,302,"2024-08-19 13:46:14",paid
1622,2462176,26-573-0024-02,64Y8uSVOfM,bKash,180,"2024-08-19 14:20:07",paid
1625,2437726,10-175-0156-00,IPxD7EQegm,bKash,9900,"2024-08-19 17:14:54",paid
1627,2457450,24-477-0133-00,ipnRapEI9h,DBBL,2511,"2024-08-19 19:08:28",paid
1628,2415416,09-108-0099-01,iYyRSmrguR,bKash,180,"2024-08-19 19:25:43",paid
1630,2464173,30-670-0012-02,jKml4CdxE7,bKash,180,"2024-08-20 08:30:09",paid
1632,2491796,31-786-0011-00,T89MhQTylQ,bKash,410,"2024-08-20 09:13:39",paid
1635,2486553,25-386-0068-01,k7eekSI57C,"UCB CARD",342,"2024-08-20 10:27:33",paid
1636,2487904,25-563-0013-00,mgYsuXwjMU,bKash,1440,"2024-08-20 10:41:50",paid
1637,2487695,25-560-0035-00,ULEbhgiYhE,bKash,1440,"2024-08-20 11:16:23",paid
1638,2492623,17-294-0409-2A,9XwOBBXSfR,bKash,9659,"2024-08-20 11:23:33",paid
1639,2424632,03-002-0056-01,rw16o1M2UJ,bKash,180,"2024-08-20 11:54:50",paid
1641,2458955,24-510-0458-5বি,TEGZTJQCiq,bKash,16200,"2024-08-20 12:37:41",paid
1642,2458950,24-510-0458-3এ,58BaTxz3rC,bKash,16200,"2024-08-20 12:55:21",paid
1643,2478600,11-098-0488-00,bbnTqjQkHv,bKash,360,"2024-08-20 13:24:43",paid
1644,2481394,12-356-0092-00,0MIVTZo1Dt,bKash,504,"2024-08-20 13:30:18",paid
1645,2478599,11-098-0487-00,XLiEnXasrc,bKash,504,"2024-08-20 13:35:36",paid
1652,2465670,30-683-0050-00,GaIzqoaDnS,Nagad,48,"2024-08-20 21:35:16",canceled
1654,2465670,30-683-0050-00,VTQQW1NGVc,Nagad,183,"2024-08-20 21:42:11",paid
1656,2481699,15-241-0017-00,oruRxSH2UG,bKash,1350,"2024-08-20 23:02:19",paid
1658,2444640,18-386-0098-02,FD9lav9aaq,DBBL,242,"2024-08-21 09:06:30",paid
1659,2424739,03-007-0051-00,otm4iI1CGE,bKash,180,"2024-08-21 09:19:01",paid
1660,2484510,16-285-0036-00,zwmE6H8yjH,UPAY_MFS,930,"2024-08-21 09:59:40",paid
1661,2487311,25-556-0002-00,p9A1vHc8HS,bKash,284,"2024-08-21 10:07:16",paid
1662,2487984,25-564-0002-01,BVbSSWzgo2,bKash,180,"2024-08-21 11:23:23",paid
1663,2461311,26-559-0014-00,qWiQWFUKmX,bKash,765,"2024-08-21 11:30:42",paid
1664,2478681,11-098-0559-00,nH6PqHOJOo,bKash,720,"2024-08-21 11:46:24",paid
1665,2488076,25-564-0051-00,fZAQzm5JPM,bKash,1080,"2024-08-21 11:49:21",paid
1666,2444844,18-386-0168-01,4cULSOKIpN,bKash,180,"2024-08-21 11:51:02",paid
1671,2437329,10-172-0016-00,PGEFH8d7zp,bKash,726,"2024-08-21 12:20:09",paid
1672,2435894,23-474-0045-00,KdZiYdrLG2,bKash,308,"2024-08-21 12:40:54",paid
1673,2493185,28-638-0036-5ক,1W9vLh7ud4,bKash,461,"2024-08-21 13:19:05",paid
1675,2463321,30-421-0247-00,TvdQtqGLSs,bKash,180,"2024-08-21 13:25:52",paid
1676,2450705,21-427-0043-00,NCyx42M6rp,bKash,1440,"2024-08-21 13:27:08",paid
1678,2442045,17-323-0022-15ঘ,bdQ5oBstq6,bKash,180,"2024-08-21 14:48:43",paid
1682,2416300,09-111-0376-03,LfdNmOtxZZ,UPAY_MFS,180,"2024-08-21 22:19:27",canceled
1683,2422458,14-246-0101-01,0tm8kJ67yK,bKash,180,"2024-08-21 22:20:54",paid
1686,2447721,13-241-0141-0ক,0pceVCtift,bKash,900,"2024-08-21 23:55:40",paid
1690,2417105,09-116-0403-00,8pldfGlf3j,bKash,4770,"2024-08-22 09:58:55",paid
1695,2438304,10-214-0069-00,hXFck8lcXc,DBBL,262,"2024-08-22 11:08:48",paid
1697,2463224,30-421-0199-00,0xQiutgEJp,bKash,1217,"2024-08-22 11:54:26",paid
1698,2488229,25-568-0003-00,uKEBbAL2Z7,bKash,180,"2024-08-22 12:45:31",paid
1699,2415032,09-011-0861-00,ml0mza5ot2,Nagad,432,"2024-08-22 12:46:13",paid
1700,2458870,24-506-0485-00,aYFtUgcEyP,"UCB CARD",3780,"2024-08-22 14:42:26",paid
1701,2485654,16-289-0119-ডি1,vAKKmHb4h0,bKash,4410,"2024-08-22 18:27:48",paid
1702,2459567,24-525-0009-00,Rkc2MQxyed,bKash,338,"2024-08-22 20:05:38",paid
1707,2475779,31-703-0008-00,uIRKEbVqhr,bKash,180,"2024-08-22 22:56:04",paid
1710,2417088,09-116-0374-01,2QUQgQoN6h,bKash,8046,"2024-08-23 06:27:27",paid
1711,2417087,09-116-0374-00,w4qHc5j6v9,bKash,12240,"2024-08-23 06:31:48",paid
1714,2444841,18-386-0166-00,tLsOtTtXNH,bKash,3600,"2024-08-23 12:59:46",paid
1717,2432163,29-651-0086-00,znGTp6UajR,bKash,9000,"2024-08-23 19:20:19",paid
1719,2443103,18-367-0006-এ,frRVpaayLx,DBBL,756,"2024-08-23 20:37:19",paid
1720,2449373,19-406-0033-00,FMC7kxAMNC,bKash,5783,"2024-08-24 00:28:49",paid
1721,2444432,18-381-0003-02,bhESmC2Coz,bKash,180,"2024-08-24 10:30:02",paid
1722,2475728,31-702-0010-01,WHsYzusJg1,bKash,288,"2024-08-24 11:04:20",paid
1724,2417281,09-117-0037-01,1BeNth0rql,bKash,5040,"2024-08-24 12:03:33",paid
1725,2417270,09-117-0033-03,zRUGnWjQV9,bKash,432,"2024-08-24 12:07:31",paid
1727,2424210,14-270-0058-04,DQ05R3RJUk,bKash,180,"2024-08-24 12:55:32",paid
1730,2425762,03-030-0016-00,XWpdui9vGX,bKash,732,"2024-08-24 13:06:00",paid
1734,2485760,16-822-0044-74,p1kiyJiT0L,"UCB CARD",180,"2024-08-24 16:54:46",canceled
1735,2480070,12-327-0083-00,VPJyQcroB2,bKash,3420,"2024-08-24 19:35:52",paid
1736,2490263,28-640-0023-2ক,9QkxU0ig8a,bKash,180,"2024-08-24 20:10:44",paid
1737,2489971,28-638-0036-19ক,RilA0CPcPf,bKash,746,"2024-08-24 22:04:28",paid
1740,2427120,03-038-0001-05,q9K711JPHX,bKash,248,"2024-08-25 11:04:37",paid
1741,2488035,25-564-0028-02,GcbnNVV7lC,bKash,2141,"2024-08-25 11:19:59",paid
1742,2462869,26-583-0022-00,fgco9FKrj4,bKash,230,"2024-08-25 11:45:21",paid
1744,2421956,14-111-0155-00,OUSIi8HjD3,bKash,180,"2024-08-25 12:05:40",paid
1745,2441454,17-312-0095-7বি+সি,21By5tn6I4,bKash,8627,"2024-08-25 12:16:16",paid
1746,2486249,25-385-0124-00,RQCX3HJfe7,bKash,450,"2024-08-25 12:16:35",paid
1747,2461366,26-560-0006-01,n6EeIKUqbp,bKash,270,"2024-08-25 12:26:48",paid
1748,2422742,14-248-0021-01,ZRmKPo4ybS,bKash,180,"2024-08-25 12:32:40",paid
1749,2422759,14-248-0025-02,pt9rsIgwEY,bKash,180,"2024-08-25 12:35:35",paid
1750,2438089,10-206-0049-00,MLPCM4Njmb,Nagad,180,"2024-08-25 12:45:56",paid
1752,2446261,20-402-0012-00,jjgOOEAokj,bKash,801,"2024-08-25 13:10:22",paid
1753,2420711,04-059-0071-10,2iGPhmhnIw,bKash,376,"2024-08-25 13:29:42",paid
1761,2426211,03-033-0188-08,q3UPIdWzf5,bKash,360,"2024-08-26 10:02:44",paid
1762,2436843,10-161-0062-00,EKlfBb8uN4,bKash,693,"2024-08-26 12:42:31",paid
1763,2436845,10-161-0064-00,JMAJc8IBFr,bKash,270,"2024-08-26 12:46:09",paid
1764,2479243,11-239-0065-00,MTKEkqY3W9,bKash,180,"2024-08-26 14:50:39",paid
1765,2470180,27-586-0002-00,pYOJJ90X1u,bKash,4493,"2024-08-26 16:14:38",paid
1767,2490407,28-641-0016-00,3883ErAjtr,Nagad,1260,"2024-08-26 18:57:11",paid
1768,2480989,12-347-0039-00,qvQbj7Ivno,DBBL,558,"2024-08-26 19:43:33",failed
1769,2480989,12-347-0039-00,UiiRzvNKps,DBBL,558,"2024-08-26 19:53:34",paid
1770,2462043,26-572-0054-00,sK75LZwVfT,bKash,180,"2024-08-26 22:16:40",paid
1773,2415964,09-110-0123-4এ,rwcupI4b2q,bKash,1800,"2024-08-26 23:25:13",paid
1774,2417390,09-119-0001-03,vA0j3GDVZA,bKash,1150,"2024-08-27 09:45:37",paid
1776,2486528,25-386-0055-00,YNolvF1BJh,bKash,180,"2024-08-27 10:02:03",paid
1778,2490305,28-640-0035-09,rLgrr49lBJ,Nagad,180,"2024-08-27 10:31:53",paid
1783,2485660,16-289-0119-বি2,yEhvdKij32,bKash,7380,"2024-08-27 11:54:34",paid
1784,2487708,25-561-0004-01,sTSC8dVBno,bKash,8710,"2024-08-27 12:06:23",paid
1786,2481359,12-356-0057-00,0mFvulGTzM,Nagad,273,"2024-08-27 12:32:52",paid
1787,2442133,17-323-0032-04,KCCMaa4QAf,bKash,540,"2024-08-27 12:33:16",paid
1789,2487970,25-563-0053-03,iRpS3LxzbX,bKash,1440,"2024-08-27 14:02:10",paid
1790,2487660,25-559-0101-00,tIN1FAH6LJ,bKash,180,"2024-08-27 15:53:36",paid
1791,2462686,26-580-0010-00,v8cbk9NKNI,bKash,180,"2024-08-27 15:58:27",paid
1792,2443738,18-375-0044-01,atJm4b5mI8,bKash,180,"2024-08-27 16:00:29",paid
1793,2486132,25-385-0063-17,zt5qGvO5i2,bKash,180,"2024-08-27 16:02:34",paid
1794,2486901,25-552-0028-02,kUbE3e5To1,bKash,468,"2024-08-27 16:04:36",paid
1795,2462075,26-572-0073-01,qa8zjddyCT,bKash,180,"2024-08-27 16:06:01",paid
1796,2489164,28-625-0048-5A,9HO5YN6L84,bKash,360,"2024-08-27 17:58:42",paid
1800,2419125,09-841-0240-23গ,m1sqX4BzCO,bKash,537,"2024-08-27 20:29:19",paid
1802,2437114,10-164-0005-00,hr40lb22I8,bKash,360,"2024-08-27 21:21:38",paid
1804,2439115,17-286-0041-00,6rLCnFaRNE,bKash,1440,"2024-08-27 21:47:59",paid
1805,2482368,15-278-0015-02,3tZRgtvYQR,bKash,978,"2024-08-27 22:25:14",paid
1808,2466723,01-003-0024-04,fs7WDeZa8q,bKash,774,"2024-08-28 07:27:58",paid
1809,2468076,01-007-0185-00,f69zlDPLz7,DBBL,180,"2024-08-28 09:25:25",paid
1810,2486227,25-385-0114-00,7Qg8x7upj6,bKash,395,"2024-08-28 09:35:26",paid
1812,2422863,14-252-0170-00,Exvx9ucBco,"UCB CARD",9000,"2024-08-28 11:37:06",paid
1813,2462791,26-581-0046-03,oq7c7dEqUg,bKash,1251,"2024-08-28 11:37:46",paid
1814,2490441,28-641-0038-00,DXgNuB2Q5v,bKash,11977,"2024-08-28 11:47:38",paid
1815,2486737,25-390-0314-00,mxBmWkXhSB,bKash,9900,"2024-08-28 12:44:50",paid
1816,2487132,25-554-0001-03,2Gh4QRNQJq,bKash,1080,"2024-08-28 12:50:30",paid
1818,2488635,28-618-0284-00,21uUs0RLF2,bKash,180,"2024-08-28 13:01:38",paid
1822,2416602,09-113-0024-01,RnWssYVvP8,Nagad,180,"2024-08-28 13:26:23",paid
1824,2444722,18-386-0127-00,OLrgD810gp,bKash,180,"2024-08-28 13:37:06",paid
1825,2416739,09-114-0040-06,UUC8dFCNfl,bKash,470,"2024-08-28 14:11:06",paid
1826,2462270,26-576-0011-00,jTlLIuVlti,bKash,1417,"2024-08-28 14:36:19",paid
1829,2462751,26-581-0027-00,d8714apWu4,bKash,180,"2024-08-28 16:29:06",paid
1832,2486851,25-552-0007-01,OxVdvBUMKJ,bKash,180,"2024-08-28 18:28:22",paid
1833,2480512,12-339-0144-09,0upsKyimph,DBBL,180,"2024-08-28 19:22:07",paid
1834,2486886,25-552-0023-03,CjYJXNXRb8,bKash,299,"2024-08-28 20:10:08",paid
1835,2445223,18-398-0001-02,DdVyrSHm3h,bKash,180,"2024-08-28 20:15:28",paid
1836,2445224,18-398-0001-03,HDmj3hJYMe,bKash,1008,"2024-08-28 20:20:17",paid
1838,2444472,18-382-0008-2ক,MvoGXIbqh7,bKash,180,"2024-08-28 20:56:38",paid
1839,2470355,27-589-0013-03,JGs4sZblXP,DBBL,410,"2024-08-28 22:16:58",paid
1840,2422176,14-244-0010-00,uHKrhH4nFd,bKash,9000,"2024-08-28 22:19:38",paid
1841,2486907,25-552-0029-02,DxS6DTKZV9,bKash,14400,"2024-08-28 22:52:29",paid
1847,2463401,30-639-0027-00,0JoSKIYuoC,bKash,18000,"2024-08-29 09:12:07",paid
1850,2474111,31-692-0001-02,5XScB0qJ2Z,bKash,180,"2024-08-29 10:47:14",paid
1852,2492445,28-638-0004-04,mk5AH7chCZ,DBBL,16344,"2024-08-29 10:50:20",paid
1855,2443742,18-375-0044-04,9WfPdkElry,bKash,288,"2024-08-29 11:17:52",paid
1856,2461996,26-572-0024-00,TitrnNcYbI,bKash,270,"2024-08-29 11:27:41",paid
1857,2446086,20-391-0169-00,aqLyZCwCiR,bKash,5664,"2024-08-29 11:35:25",paid
1858,2481432,12-357-0031-00,w9EIpZ8nVi,bKash,216,"2024-08-29 11:48:33",paid
1859,2461306,26-559-0010-00,t5mOSnqwtf,bKash,238,"2024-08-29 12:03:09",paid
1860,2432169,29-652-0004-00,W1DGRjTZG4,bKash,180,"2024-08-29 12:12:24",paid
1863,2421744,14-111-0029-00,Hx7kvHcTRh,UPAY_MFS,180,"2024-08-29 17:36:21",paid
1865,2422333,14-246-0021-00,HXVsn4nXjS,bKash,318,"2024-08-29 17:50:17",paid
1866,2422460,14-246-0101-03,6vGfhCflaJ,bKash,180,"2024-08-29 18:44:02",paid
1867,2422459,14-246-0101-02,TGHXocrlMC,bKash,180,"2024-08-29 18:54:55",paid
1868,2485760,16-822-0044-74,YYnZAqUppO,"UCB CARD",180,"2024-08-29 21:06:31",paid
1871,2465094,30-679-0125-0খ,4nnNJj546Y,bKash,612,"2024-08-29 23:23:37",paid
1872,2462163,26-573-0019-00,V1xpKddQoF,bKash,219,"2024-08-30 11:52:46",paid
1873,2487936,25-563-0031-00,WV53jSgQQY,bKash,7558,"2024-08-30 19:33:33",paid
1875,2459200,24-517-0013-00,RWINzX6kfC,bKash,10925,"2024-08-30 20:18:59",paid
1877,2489585,28-633-0081-02,UXD6Azi2DF,bKash,180,"2024-08-30 21:06:39",paid
1878,2485886,16-825-0044-32,ma3AXOtQ8C,bKash,180,"2024-08-31 11:43:16",paid
1882,2441618,17-319-0011-01,3PSg3ILc0H,bKash,9000,"2024-08-31 15:40:10",paid
1883,2471469,27-605-0028-0ক,Li47qi8N5A,bKash,180,"2024-08-31 18:35:25",paid
1887,2437568,10-175-0002-00,EDUQ2Erxmr,bKash,180,"2024-08-31 23:24:56",paid
1890,2466043,30-687-0022-00,pABK1tN6bB,Nagad,900,"2024-09-01 09:07:04",paid
1891,2468088,01-007-0195-00,GiQluDyfok,Nagad,1100,"2024-09-01 10:53:17",paid
1892,2441563,17-317-0002-00,Y7fRiI6ihH,bKash,46181,"2024-09-01 11:32:47",paid
1894,2462527,26-577-0120-00,LmFn7hsB1w,bKash,6642,"2024-09-01 12:04:39",paid
1895,2447884,13-242-0047-00,5wkkgRAovH,bKash,1260,"2024-09-01 13:40:31",paid
1897,2421710,14-111-0014-02,TsGjx5ZwOW,bKash,202,"2024-09-01 14:20:11",paid
1898,2462061,26-572-0064-02,H97XULlKrQ,bKash,180,"2024-09-01 16:35:59",paid
1901,2443234,18-368-0020-2ঙ,O9kobHL3BQ,bKash,180,"2024-09-01 18:35:00",paid
1902,2484855,16-286-0070-02,6dwzZS2Kw9,Nagad,270,"2024-09-01 19:15:41",paid
1903,2464721,30-678-0028-00,iUaBQA0LgM,bKash,215,"2024-09-01 19:54:46",paid
1906,2486600,25-386-0079-13E1,CtGkQZkONv,bKash,5400,"2024-09-01 21:39:09",paid
1909,2415537,09-109-0012-00,dXHg5TswNT,UPAY_MFS,1035,"2024-09-01 22:52:32",paid
1910,2462025,26-572-0040-00,CYzP6EoD31,bKash,1440,"2024-09-02 07:10:51",paid
1913,2493646,19-395-0084-00,gaz0CQ7Zdl,Nagad,9900,"2024-09-02 10:07:35",paid
1914,2465519,30-682-0050-00,UMVWeaRuHT,"City Bank",180,"2024-09-02 10:26:09",paid
1915,2468073,01-007-0183-01,Wco8l4jP5w,bKash,180,"2024-09-02 11:02:13",paid
1916,2489212,28-627-0013-01,DGAc4iqFF0,bKash,508,"2024-09-02 11:07:48",paid
1918,2445402,18-398-0080-01,LPYcDQUuBa,bKash,640,"2024-09-02 11:19:25",paid
1920,2412232,06-083-0093-02,KVEW1boSqk,bKash,180,"2024-09-02 12:10:42",paid
1921,2489502,28-633-0046-00,6v8a4F0OL2,bKash,180,"2024-09-02 12:34:08",paid
1922,2439755,17-296-0415-08,zCXaO4dXUn,bKash,7094,"2024-09-02 14:24:48",paid
1923,2419055,09-805-0151-01,7eogtkD5dF,bKash,2896,"2024-09-02 16:39:43",paid
1925,2433136,05-077-0130-00,e7wvRFtMbX,bKash,180,"2024-09-02 19:17:15",paid
1927,2414830,09-011-0333-0ক,92Ru2tYoTD,"UCB CARD",9194,"2024-09-02 19:36:54",paid
1928,2425832,03-033-0013-00,Bd8sfntiYi,bKash,2007,"2024-09-02 19:43:04",paid
1930,2459514,24-524-0010-1ডাব্লিউ,LbSTAiSLhM,bKash,8550,"2024-09-02 22:42:58",paid
1931,2470956,27-598-0020-18ড,nP4UfbTVDI,"UCB CARD",4307,"2024-09-03 00:48:09",canceled
1934,2444707,18-386-0123-01,8PwdCCKEaz,bKash,180,"2024-09-03 07:24:26",paid
1936,2458139,24-483-0204-02,AGu02tT4qE,bKash,9000,"2024-09-03 07:36:26",paid
1937,2416071,09-111-0264-00,sgEPIZbpuJ,bKash,3420,"2024-09-03 08:26:58",paid
1939,2474067,31-691-0060-07,R4AzxM9ddn,bKash,180,"2024-09-03 10:23:24",paid
1940,2430868,29-421-0079-2/8/এ,aQTRDgiT8D,"UCB CARD",7272,"2024-09-03 10:56:31",paid
1941,2414339,08-098-0625-00,osBYjaRGuj,bKash,504,"2024-09-03 11:20:09",paid
1943,2486872,25-552-0020-00,MDe5qOSqt1,bKash,18882,"2024-09-03 12:45:41",paid
1947,2412303,06-083-0114-00,pE873AbeT9,IBBL,360,"2024-09-03 15:34:56",paid
1948,2417239,09-117-0022-04,JaMy3xT1ry,bKash,348,"2024-09-03 15:53:20",paid
1949,2459571,24-526-0013-00,5mg0ZBkdZk,bKash,2970,"2024-09-03 17:02:48",paid
1952,2470900,27-598-0017-29/ক,YIINATSsJK,DBBL,180,"2024-09-03 18:09:02",paid
1956,2463026,30-057-0026-01,9aNv14LnRv,bKash,3114,"2024-09-03 19:30:25",paid
1957,2471724,27-609-0106-00,oDZDUe4uiL,"UCB CARD",2983,"2024-09-03 19:40:39",paid
1960,2418345,09-754-0054-00,KylsLl6E01,Nagad,180,"2024-09-03 22:48:56",canceled
1961,2418345,09-754-0054-00,BBEHjhYcBi,Nagad,180,"2024-09-03 22:56:27",canceled
1965,2441187,17-311-0032-09,3gtFbFKI2B,bKash,569,"2024-09-03 23:11:48",paid
1966,2465021,30-679-0089-02,B02pOW6Ujg,bKash,425,"2024-09-03 23:24:53",paid
1967,2418345,09-754-0054-00,BUKpwT1wKG,Nagad,180,"2024-09-03 23:25:56",paid
1968,2484497,16-285-0032-00,pa2JqudPNf,bKash,1194,"2024-09-03 23:47:31",paid
1969,2470956,27-598-0020-18ড,QndTWsSSXJ,"UCB CARD",4307,"2024-09-04 00:38:58",canceled
1970,2470956,27-598-0020-18ড,OmtrqdQ6ht,"UCB CARD",4307,"2024-09-04 00:41:58",canceled
1972,2470956,27-598-0020-18ড,iCHSh4FwnE,"UCB CARD",4307,"2024-09-04 01:18:04",paid
1973,2489505,28-633-0048-00,qTt7BJDKWv,bKash,255,"2024-09-04 10:09:00",paid
1974,2488219,25-567-0013-01,eoPInXiQ45,bKash,1629,"2024-09-04 10:38:16",paid
1975,2487023,25-552-0071-00,GW6T1QESIc,bKash,180,"2024-09-04 10:42:07",paid
1976,2488043,25-564-0030-00,bcaBHvSowo,bKash,5400,"2024-09-04 10:51:00",paid
1977,2488192,25-566-0010-00,3COKfGTU86,bKash,2285,"2024-09-04 10:53:52",paid
1978,2488117,25-565-0019-07,QK3xLkqr1z,bKash,1228,"2024-09-04 11:15:31",paid
1979,2487036,25-552-0081-01,parAftgpjD,bKash,180,"2024-09-04 11:31:38",paid
1980,2446459,20-410-0020-02,VX1o9UGIDh,bKash,1350,"2024-09-04 12:53:33",paid
1981,2415515,09-109-0003-01,nQTD4YLBv6,UPAY_MFS,180,"2024-09-04 13:04:02",paid
1982,2416253,09-111-0338-00,pr8Hbt6phG,UPAY_MFS,684,"2024-09-04 13:39:33",paid
1983,2485775,16-822-0044-78গ,hiH1hmkUlt,bKash,180,"2024-09-04 13:44:09",paid
1984,2424651,03-007-0010-02,6OUo4IDQI2,bKash,180,"2024-09-04 13:54:54",paid
1985,2465446,30-682-0024-00,cM3Otml9p9,Nagad,180,"2024-09-04 14:17:42",paid
1986,2434702,23-421-0065-01,lIw86FBmMn,DBBL,2160,"2024-09-04 14:45:10",paid
1988,2423527,14-267-0453-02,ecPd13kJB6,bKash,2981,"2024-09-04 15:53:44",paid
1989,2432244,29-655-0009-04,MUqRkczkXN,bKash,553,"2024-09-04 19:36:45",paid
1991,2484622,16-285-0088-01,PXzhaacdob,bKash,760,"2024-09-04 23:21:42",paid
1992,2444309,18-380-0033-04,KhC7n9PDBY,bKash,216,"2024-09-04 23:23:57",paid
1993,2472023,27-614-0006-01,oJciV2hpRL,bKash,7200,"2024-09-04 23:25:25",paid
1994,2444083,18-379-0026-02,ji0XGg6Kqz,bKash,2710,"2024-09-04 23:53:57",paid
1999,2459178,24-516-0082-0চ,ffYRZ1T6DQ,bKash,180,"2024-09-05 09:01:45",paid
2000,2473067,02-026-0058-01,sQrpbzi3K0,bKash,1800,"2024-09-05 09:03:08",paid
2001,2486596,25-386-0079-13C1,odpAQdUcmx,bKash,5400,"2024-09-05 09:06:16",paid
2002,2419941,04-050-0006-00,yAI4JLbbBa,bKash,180,"2024-09-05 09:07:30",paid
2004,2475870,31-706-0004-00,98MqWyZ4vi,bKash,180,"2024-09-05 09:45:21",paid
2005,2487053,25-552-0092-00,id3wPqNITN,bKash,180,"2024-09-05 10:19:04",paid
2007,2487008,25-552-0062-3A,JZDYz8zT8g,bKash,360,"2024-09-05 11:53:21",paid
2008,2487693,25-560-0033-00,9KdHCdwW4N,bKash,2297,"2024-09-05 12:41:51",paid
2009,2494325,10-140-0012-00,NQfNlyZ5XG,bKash,10530,"2024-09-05 13:05:05",paid
2012,2443228,18-368-0020-2E,Is0XpXDV9L,bKash,2430,"2024-09-05 14:38:29",paid
2013,2452970,21-795-0026-0B,JKCcmPUt2m,bKash,1188,"2024-09-05 15:06:32",paid
2016,2485177,16-287-0063-00,xRk3E60lwW,bKash,360,"2024-09-05 17:44:22",paid
2017,2457718,24-479-0170-18খ,N5tq0THLtS,bKash,2144,"2024-09-05 21:02:58",paid
2023,2470162,27-585-0187-00,7xHAFKeZcH,bKash,592,"2024-09-06 12:10:28",paid
2024,2470161,27-585-0186-00,AVPwawZBWr,bKash,348,"2024-09-06 12:19:15",paid
2027,2470501,27-593-0004-00,A5fT0RkrPS,bKash,450,"2024-09-06 15:48:12",paid
2028,2465564,30-682-0062-02,CDtJDpuPtH,bKash,8100,"2024-09-06 15:48:30",paid
2031,2442028,17-323-0022-0ক,VbY8ZKYmwZ,bKash,392,"2024-09-06 19:21:17",paid
2032,2465896,30-686-0033-00,kWiZmc4z71,bKash,324,"2024-09-06 20:13:51",paid
2033,2480052,12-327-0063-00,mswpLkd0NE,UPAY_MFS,1530,"2024-09-06 23:15:29",paid
2034,2480053,12-327-0064-00,tNRM36UXEk,UPAY_MFS,1350,"2024-09-06 23:18:03",paid
2038,2416939,09-115-0038-01,21V9facMYa,bKash,15003,"2024-09-07 08:57:25",paid
2039,2483123,16-267-0118-00,K4xUExbCkx,bKash,450,"2024-09-07 09:00:21",paid
2041,2493186,13-241-0151-00,sa7Re7Y2BE,bKash,12018,"2024-09-07 12:28:49",paid
2042,2466240,30-687-0131-07,9G3xVI8zK9,bKash,4156,"2024-09-07 14:10:30",paid
2043,2465709,30-684-0010-7ক,ljp4kDb129,bKash,180,"2024-09-07 14:18:52",paid
2045,2493430,09-110-0173-2B,fLFDxw8PTC,bKash,4658,"2024-09-07 15:53:16",paid
2047,2469913,27-585-0082-3ক,bUz50r5rb4,bKash,675,"2024-09-07 19:09:11",paid
2050,2473943,31-691-0026-00,YnRuyIFdUi,"UCB CARD",248,"2024-09-08 09:10:29",paid
2051,2443189,18-368-0020-05,H9LCz7Szb8,bKash,340,"2024-09-08 09:26:29",paid
2052,2416934,09-115-0035-01,ytg28fh9xD,bKash,810,"2024-09-08 09:28:33",paid
2054,2458802,24-505-0416-00,N8a6oD0DFs,bKash,180,"2024-09-08 09:43:23",paid
2055,2460633,24-548-0007-01,uh1zMGw9yh,bKash,2905,"2024-09-08 09:43:28",paid
2056,2481215,12-353-0012-00,3fgtm0iBqc,bKash,288,"2024-09-08 10:33:34",paid
2057,2462041,26-572-0053-00,h9GG1PrnuR,bKash,27000,"2024-09-08 10:36:44",paid
2058,2423055,14-264-0023-00,vcxC7tKDlb,bKash,9000,"2024-09-08 10:37:06",paid
2060,2462035,26-572-0049-00,DSNfeTAmQ4,bKash,1080,"2024-09-08 11:49:45",paid
2061,2494456,24-477-0138-2এক্স,AWu7QIc1XH,"UCB CARD",585,"2024-09-08 12:33:21",paid
2062,2435478,23-469-0039-1সি,8An46gLMKv,bKash,7200,"2024-09-08 13:15:45",paid
2064,2478954,11-235-0017-00,PPvILnoyxo,bKash,382,"2024-09-08 13:47:40",paid
2066,2412605,06-086-0074-00,uPSR89eC7f,bKash,1444,"2024-09-08 15:26:31",paid
2068,2435702,23-471-0004-00,xI0qbQrjV4,bKash,383,"2024-09-08 16:16:52",paid
2069,2437555,10-173-0107-00,ZJOA1zJznm,bKash,180,"2024-09-08 17:26:57",paid
2072,2464388,30-674-0008-01,79GJGmpj64,bKash,180,"2024-09-08 19:40:55",paid
2081,2427210,03-038-0060-02,rpSNr0bK36,"UCB CARD",1145,"2024-09-09 07:13:31",canceled
2082,2469100,01-012-0064-00,rz9CIOsG3O,bKash,3156,"2024-09-09 09:11:30",paid
2084,2494389,24-408-0017-4সি,BmNIxAdegx,bKash,4513,"2024-09-09 09:58:04",paid
2085,2480147,12-331-0018-00,pcxlg4yza7,bKash,2160,"2024-09-09 10:00:24",paid
2086,2459367,24-520-0005-00,PLQL8xnmsj,bKash,2313,"2024-09-09 10:03:09",paid
2087,2441678,17-320-0005-01,5hJiiJweTe,bKash,243,"2024-09-09 10:07:38",paid
2088,2418021,09-729-0300-00,LOdvmPzOy7,bKash,180,"2024-09-09 10:34:50",paid
2089,2484435,16-285-0009-5খ,Ttg4kjl8nq,bKash,295,"2024-09-09 11:15:37",paid
2090,2480979,12-347-0028-00,fb5vm8yDIQ,bKash,926,"2024-09-09 11:48:50",paid
2091,2490166,28-640-0001-2ঘ,NwnPnOL5yB,bKash,180,"2024-09-09 13:16:28",paid
2092,2448500,19-393-0008-00,08QgYIOsRz,bKash,180,"2024-09-09 14:07:25",paid
2094,2416749,09-114-0044-03,tSykMitrpq,bKash,1559,"2024-09-09 14:52:31",paid
2096,2426909,03-037-0035-04,NLAZLMEsOl,bKash,410,"2024-09-09 15:56:33",paid
2097,2482432,15-278-0039-01,4PPoB8celt,bKash,23418,"2024-09-09 16:27:29",paid
2099,2438605,17-067-0030-04,PF39oW1XYn,bKash,180,"2024-09-09 20:16:19",paid
2103,2457235,24-390-0167-3এ,CoZdwf1jbC,DBBL,20160,"2024-09-10 09:20:56",paid
2105,2415514,09-109-0003-00,ncYyyDmyFr,UPAY_MFS,864,"2024-09-10 11:23:29",canceled
2106,2415514,09-109-0003-00,kDcBIBDZfg,UPAY_MFS,864,"2024-09-10 11:27:23",paid
2108,2494661,21-425-0049-2ক,RXTNuHaBHh,bKash,360,"2024-09-10 12:23:29",paid
2111,2471306,27-601-0045-00,ZXHx3KHLCo,Nagad,36000,"2024-09-10 13:14:21",paid
2112,2435880,23-474-0041-0ক,xWHE7nSu7r,bKash,6848,"2024-09-10 13:34:30",paid
2113,2481336,12-356-0038-00,QWvQvIObPj,bKash,1861,"2024-09-10 14:30:51",paid
2116,2438843,17-283-0063-02,RnAAz1uyDI,bKash,450,"2024-09-10 22:53:50",paid
2118,2428636,22-444-0038-01,FpvoiOk50R,DBBL,27000,"2024-09-10 23:15:34",paid
2119,2444290,"18-380-0030-7 ডি",N0Q27IA5NT,bKash,2250,"2024-09-10 23:57:02",paid
2121,2432987,05-074-0156-01,RGFkTRjnKz,bKash,720,"2024-09-11 09:53:53",paid
2122,2433436,05-077-0286-02,RYRmkVcFgr,bKash,27301,"2024-09-11 09:56:35",paid
2124,2442627,18-322-0115-07,dAivcyslB8,bKash,4038,"2024-09-11 10:41:17",paid
2125,2462837,26-583-0002-0ক,ejQqRpoUi3,bKash,12109,"2024-09-11 10:58:07",paid
2126,2444511,18-383-0011-00,TbfI0IYVXR,bKash,2700,"2024-09-11 11:00:47",paid
2127,2486354,25-385-0181-00,7n1ECbhL8I,bKash,1362,"2024-09-11 11:01:47",paid
2130,2486274,25-385-0140-02,UzPMeNJ4Zh,bKash,1593,"2024-09-11 11:36:02",paid
2132,2437864,10-188-0045-00,0bBkFhSDeU,bKash,1002,"2024-09-11 12:11:14",paid
2133,2462755,26-581-0032-00,6gI3GALeCk,bKash,511,"2024-09-11 13:07:35",paid
2134,2423937,14-268-0097-01,5s4Ms3UO2I,bKash,477,"2024-09-11 13:12:40",paid
2135,2439391,17-289-0031-00,Fw86Z1oAiw,bKash,2430,"2024-09-11 13:32:23",paid
2137,2432134,29-651-0077-07,hZrtnFO8lE,bKash,11160,"2024-09-11 14:51:21",paid
2138,2458148,24-484-0210-00,lyBUQl6Slm,DBBL,4558,"2024-09-11 16:48:53",paid
2141,2420372,04-054-0054-01,4RboKANjiw,bKash,640,"2024-09-12 00:09:49",paid
2142,2465314,30-679-0225-00,NgEM1U0Lpp,bKash,674,"2024-09-12 08:39:02",paid
2144,2424406,14-272-0059-এ3,X2cTGg3vvJ,bKash,3960,"2024-09-12 09:35:39",paid
2145,2466115,30-687-0056-01,NUsiE0M9uz,"UCB CARD",3600,"2024-09-12 10:20:17",paid
2146,2431334,29-462-0022-03,YyiuMvh3My,bKash,9533,"2024-09-12 10:26:31",paid
2147,2434610,23-421-0012-6খ,9EcIw9PTjW,bKash,6480,"2024-09-12 10:58:29",paid
2148,2477861,31-724-0073-35,6RDLq9Eq49,UPAY_MFS,180,"2024-09-12 11:24:11",paid
2149,2464908,30-679-0025-01,2CU4PzqZKP,bKash,12285,"2024-09-12 11:38:33",paid
2150,2415517,09-109-0005-00,04XFi47Lvl,UPAY_MFS,962,"2024-09-12 11:41:49",paid
2152,2442821,18-358-0140-00,vr7FQckZul,bKash,24300,"2024-09-12 12:05:09",paid
2153,2486120,25-385-0063-07,UOYKc1ZB45,bKash,416,"2024-09-12 12:44:43",paid
2154,2486139,25-385-0063-7A,XkhfbsEulO,bKash,518,"2024-09-12 12:46:44",paid
2161,2417930,09-729-0210-00,1JhjHS80J6,bKash,180,"2024-09-12 15:09:09",paid
2169,2417946,09-729-0226-00,ULtuNQLjih,bKash,180,"2024-09-12 15:12:34",paid
2170,2417786,09-729-0074-00,222zD7rJKJ,bKash,180,"2024-09-12 15:15:12",paid
2174,2461550,26-570-0020-04,dUS3tCExID,bKash,1080,"2024-09-12 19:13:21",paid
2175,2462884,26-584-0008-01,8oscYkulq0,DBBL,900,"2024-09-12 19:25:58",paid
2180,2470791,27-597-0026-01,EAOfGagpyf,bKash,1800,"2024-09-12 22:57:31",paid
2181,2429352,22-456-0036-9খ,bYFQY8JOXK,bKash,598,"2024-09-13 10:17:40",paid
2183,2465111,30-679-0132-00,lDBXskOBfW,bKash,765,"2024-09-13 11:15:25",paid
2184,2465110,30-679-0131-00,xKbivRAfIi,bKash,968,"2024-09-13 11:19:16",paid
2185,2422527,14-247-0012-01,tMeOApKM66,bKash,3060,"2024-09-13 11:20:33",paid
2190,2412153,06-083-0064-00,D09iwX01vE,bKash,180,"2024-09-13 17:12:57",paid
2193,2493399,09-116-0595-4A,dTOAdupdBp,bKash,1800,"2024-09-13 18:11:11",paid
2194,2420240,04-053-0011-01,5EZGPXhTrv,"UCB CARD",1649,"2024-09-13 19:44:49",paid
2195,2480907,12-346-0007-00,AoHs1D29P4,bKash,720,"2024-09-13 20:14:50",paid
2196,2426873,03-037-0029-27,00gc4VAWpw,bKash,225,"2024-09-13 22:39:42",paid
2197,2435490,23-469-0039-8এ,BbINVJFhQA,bKash,7740,"2024-09-14 00:56:38",paid
2198,2423695,14-268-0044-3ক,sCmh1YxqIE,bKash,180,"2024-09-14 09:02:56",paid
2199,2418823,09-791-0525-00,UKbeCZMRfu,UPAY_MFS,180,"2024-09-14 10:59:35",paid
2201,2489533,28-633-0064-00,ZGfNBgxWE9,bKash,1800,"2024-09-14 11:28:15",paid
2202,2475513,31-696-0078-34ক,iE7dxaWlxv,bKash,9900,"2024-09-14 11:37:09",paid
2205,2482809,16-267-0016-0খ,gOFhT3qJFO,bKash,180,"2024-09-14 12:54:32",paid
2208,2443907,18-377-0020-06,j8ZYenNjG9,bKash,606,"2024-09-14 13:06:30",paid
2211,2458617,24-501-0314-এ1,FvfIubG85F,bKash,3600,"2024-09-14 16:29:13",paid
2212,2482780,16-267-0003-00,EQrvMkvHbv,bKash,180,"2024-09-14 17:40:31",paid
2213,2421802,14-111-0071-03,Q8kNsPxGuQ,UPAY_MFS,701,"2024-09-14 20:15:01",paid
2215,2438938,17-286-0004-0খ,2Ntt0U9IHJ,bKash,5144,"2024-09-15 08:54:15",paid
2216,2490198,28-640-0009-11,Bcxoc6SgNA,bKash,212,"2024-09-15 09:44:01",paid
2218,2422267,14-245-0018-00,vPb5dUmEUr,bKash,540,"2024-09-15 10:27:16",paid
2219,2488769,28-619-0056-02,G015VIxVq1,bKash,180,"2024-09-15 11:27:45",paid
2221,2465739,30-684-0021-03,zDoeMPDjPN,bKash,864,"2024-09-15 11:34:24",paid
2223,2493938,02-840-0146-00,whw5ZXubov,bKash,15400,"2024-09-15 11:41:32",paid
2224,2493876,21-771-0043-07,j2vVvE4DGP,bKash,905,"2024-09-15 11:44:11",paid
2225,2493878,10-131-0038-00,Z9q2ODU5bK,DBBL,536,"2024-09-15 12:11:15",paid
2226,2492135,10-131-0038-07,Q1bLgU6xyl,DBBL,6300,"2024-09-15 12:19:04",paid
2227,2485379,16-288-0031-68,IcytcAeCBO,bKash,36131,"2024-09-15 13:54:48",paid
2228,2462849,26-583-0007-00,3FB6w5BsQU,bKash,795,"2024-09-15 13:59:29",paid
2229,2411858,06-071-0038-3খ,Wy1THpxMN6,bKash,1800,"2024-09-15 15:32:18",paid
2230,2442957,18-365-0008-11,nJRHY5WPFI,bKash,1049,"2024-09-15 18:38:08",paid
2231,2442979,18-365-0008-28,7axJuk8NB0,bKash,180,"2024-09-15 18:44:15",paid
2239,2419360,04-040-0052-00,i5PDqKKQuf,bKash,952,"2024-09-16 00:59:40",paid
2243,2436108,10-129-0024-00,MYs2yIIlGc,"UCB CARD",90000,"2024-09-16 10:12:58",paid
2244,2460245,24-544-0031-00,7w1ev1WRNA,"UCB CARD",1260,"2024-09-16 17:06:47",paid
2245,2483131,16-267-0128-00,qTwJDDIPEx,bKash,180,"2024-09-16 18:50:54",paid
2255,2480428,12-339-0073-00,DbS86ZyJ0v,DBBL,1657,"2024-09-17 09:37:27",paid
2256,2480889,12-345-0052-00,7gJ7eJ2JL8,DBBL,608,"2024-09-17 10:20:42",paid
2257,2441400,17-311-0067-17ঙ,Ya3XOqcTif,"UCB CARD",36900,"2024-09-17 10:28:06",paid
2258,2443713,18-375-0034-00,u9Lg4NomXx,bKash,270,"2024-09-17 10:31:41",paid
2259,2488105,25-565-0014-05,Gi45DR97u3,bKash,201,"2024-09-17 10:48:58",paid
2260,2486299,25-385-0156-00,PzFr2EWvQl,bKash,180,"2024-09-17 10:59:04",paid
2261,2488134,25-565-0028-00,GEvbUR4eCu,bKash,7200,"2024-09-17 11:13:47",paid
2262,2461042,26-385-0049-01,7T4tjY4hyD,bKash,3401,"2024-09-17 11:54:15",paid
2263,2444095,18-380-0003-00,aaOehFjQgb,bKash,2115,"2024-09-17 12:46:40",paid
2266,2484787,16-286-0053-07,N4isap6eJG,bKash,7845,"2024-09-17 13:43:40",paid
2269,2465874,30-686-0022-1ক,xUciomrX7e,bKash,2367,"2024-09-17 21:19:00",paid
2270,2476151,31-712-0042-00,aPkq8WrmzK,bKash,180,"2024-09-17 21:59:32",paid
2271,2495036,01-008-0071-08,awNTnMXO6l,"UCB CARD",23040,"2024-09-17 23:03:39",paid
2274,2419051,09-805-0143-00,mi5RO3bxJT,bKash,7200,"2024-09-18 10:50:13",paid
2275,2462877,26-584-0004-00,FIP9hvVqTL,bKash,184,"2024-09-18 11:02:43",paid
2276,2486495,25-386-0038-1ক,qIBCnzCedv,bKash,180,"2024-09-18 11:07:41",paid
2277,2475515,31-696-0078-36,RXNHAFUj6r,bKash,3150,"2024-09-18 11:07:41",paid
2278,2462836,26-583-0002-01,9ovn4Yssx6,bKash,2923,"2024-09-18 11:34:41",paid
2279,2465660,30-683-0041-00,SQZcxcRPyJ,bKash,1260,"2024-09-18 11:50:39",paid
2280,2465523,30-682-0052-01,HoNqufUtHR,bKash,1080,"2024-09-18 12:11:40",paid
2281,2426207,03-033-0188-04,lccn52XEC4,Nagad,180,"2024-09-18 12:32:43",paid
2282,2485502,16-288-0060-52,DgEEYY5q8f,bKash,492,"2024-09-18 12:42:36",paid
2283,2436161,10-131-0039-00,m9lMaXE8Mc,bKash,730,"2024-09-18 12:46:28",paid
2289,2467595,01-006-0012-05,nUSEVyUhpE,bKash,180,"2024-09-18 23:06:41",paid
2292,2464430,30-674-0025-04,r6mI04vlJf,Nagad,180,"2024-09-19 07:09:38",paid
2293,2437877,10-188-0058-00,w9gtSvuu39,DBBL,14400,"2024-09-19 07:22:54",paid
2294,2492477,10-132-0043-00,yKYFpTbELp,"UCB CARD",18000,"2024-09-19 09:43:53",paid
2296,2413086,06-086-0221-00,8tYuwvUmSo,DBBL,579,"2024-09-19 10:03:16",paid
2297,2441389,17-311-0064-12,uVVIdRd4Mt,bKash,180,"2024-09-19 10:06:15",paid
2298,2427003,03-037-0066-02,8aYXO7NoVk,bKash,425,"2024-09-19 10:44:55",paid
2299,2489180,28-627-0003-12,iRYLejT1GD,Nagad,486,"2024-09-19 11:06:42",canceled
2303,2489180,28-627-0003-12,r7UYHvA9sR,DBBL,486,"2024-09-19 11:19:27",paid
2305,2441298,17-311-0062-00,cs7wySjDoW,bKash,180,"2024-09-19 11:23:36",paid
2306,2462108,26-572-0091-00,T73serfHe7,bKash,180,"2024-09-19 11:42:48",paid
2307,2461315,26-559-0019-00,inspdYAR0W,bKash,2250,"2024-09-19 12:08:28",paid
2308,2417256,09-117-0028-05,HFJHcjMp9C,Nagad,180,"2024-09-19 12:30:10",canceled
2310,2417256,09-117-0028-05,qNugmP5LF5,Nagad,180,"2024-09-19 12:47:32",paid
2312,2481512,12-732-0025-00,OxPl9b5pSr,DBBL,576,"2024-09-19 12:56:26",paid
2313,2446057,20-391-0092-04,CoG898zeYE,bKash,7200,"2024-09-19 13:14:51",paid
2315,2422049,14-111-0206-00,s9qQlfFqxT,bKash,180,"2024-09-19 15:49:14",paid
2317,2484785,16-286-0053-05,XIS2pP09Bq,bKash,2700,"2024-09-19 16:49:31",paid
2318,2422021,14-111-0194-04,OK2hIZhOVX,bKash,180,"2024-09-19 19:59:57",paid
2320,2462015,26-572-0035-00,bYBP1jQrvv,bKash,1494,"2024-09-19 21:56:09",paid
2322,2485214,16-287-0066-6গ,hPKORwx093,bKash,446,"2024-09-19 22:28:48",paid
2323,2422996,14-260-0136-04,KKm5ZthpJA,bKash,666,"2024-09-20 14:38:32",paid
2324,2464496,30-675-0011-00,FTqiymFFI1,bKash,21600,"2024-09-20 15:28:01",paid
2326,2415158,09-108-0010-02,YKSQ1aXPDu,bKash,396,"2024-09-20 18:11:18",paid
2327,2457894,24-481-0168-04,gZOwIRpH56,bKash,2850,"2024-09-20 19:45:12",paid
2328,2464882,30-679-0015-00,yZNOSih6Yy,bKash,1204,"2024-09-20 20:17:54",paid
2329,2423490,14-267-0437-02,PdyxjNjw8u,bKash,180,"2024-09-20 20:59:05",paid
2330,2484389,16-285-0001-01,yCPcXT6nt6,bKash,8100,"2024-09-21 11:30:23",paid
2332,2458936,24-509-0465-02,VTutmfxrXC,"UCB CARD",20700,"2024-09-21 11:55:33",paid
2335,2459551,24-524-0152-15,ADzUHyEGm2,bKash,199,"2024-09-21 12:22:44",paid
2337,2415473,09-108-0130-02,qYd52uVLU1,bKash,640,"2024-09-21 12:23:47",paid
2338,2465600,30-683-0012-00,0J8Do7KnX4,bKash,5400,"2024-09-21 12:24:12",paid
2340,2485937,16-827-0044-18ক,JQeJIEXdHs,bKash,180,"2024-09-21 13:05:32",paid
2341,2464957,30-679-0053-00,fIXUkBelsk,bKash,2160,"2024-09-21 13:16:47",paid
2342,2489196,28-627-0008-00,l8guvLOg1Q,bKash,13500,"2024-09-21 13:57:29",paid
2343,2480412,12-339-0058-00,xeWRGmv3L7,bKash,1200,"2024-09-21 14:59:22",paid
2344,2482631,15-733-0027-01,wkmHMa4PXn,"UCB CARD",1876,"2024-09-21 16:22:31",paid
2345,2425519,03-029-0142-0ক,br5wicSRM3,bKash,709,"2024-09-21 16:33:28",paid
2346,2424261,14-270-0090-03,w47AR5hyVB,bKash,180,"2024-09-21 17:10:26",paid
2348,2464869,30-679-0011-03,yPivfL04fG,bKash,511,"2024-09-21 18:47:38",paid
2350,2462813,26-582-0008-01,ZpyHaY4Wo8,bKash,180,"2024-09-21 19:59:41",paid
2351,2418674,09-788-0649-00,aL7fD31GLk,bKash,410,"2024-09-21 20:09:51",paid
2352,2417937,09-729-0217-00,quY1vXQ6eu,bKash,180,"2024-09-21 20:13:09",paid
2353,2418657,09-788-0093-00,gGy0hhYx5y,bKash,180,"2024-09-21 20:19:40",paid
2355,2485179,16-287-0064-02,3PqXM8XTtP,bKash,1728,"2024-09-21 21:34:24",paid
2356,2439403,17-289-0031-0খ,YI6TbNS5Pn,bKash,10800,"2024-09-21 22:09:28",paid
2358,2494195,03-007-0039-06,p4XvMvuadq,bKash,725,"2024-09-22 10:44:32",paid
2359,2424267,14-270-0091-00,fEtCxk7F39,Nagad,180,"2024-09-22 11:02:53",paid
2360,2424256,14-270-0088-01,DPWT82oMBv,Nagad,180,"2024-09-22 11:06:20",paid
2361,2444831,18-386-0162-02,R54cs0gQpL,bKash,180,"2024-09-22 11:32:58",paid
2362,2462780,26-581-0043-01,1DlnhNEbHY,bKash,199,"2024-09-22 11:40:05",paid
2365,2464610,30-676-0062-00,nQerRoKB72,bKash,782,"2024-09-22 12:00:38",paid
2366,2480771,12-344-0008-00,9vF5aNQcLv,UPAY_MFS,1882,"2024-09-22 12:00:41",paid
2367,2462671,26-580-0003-00,nW96pWV6u5,bKash,618,"2024-09-22 12:09:38",paid
2369,2443064,"18-366-0004-0 সি",6wgp0ihuo0,bKash,5166,"2024-09-22 12:10:30",paid
2370,2461402,26-560-0016-00,K4oGnhk8sV,bKash,180,"2024-09-22 12:11:40",paid
2371,2486086,25-385-0051-0A,OWQ5AK6NVx,bKash,360,"2024-09-22 12:13:40",paid
2372,2444041,18-379-0004-00,JdO0SKkNZA,bKash,1073,"2024-09-22 12:19:08",paid
2373,2486177,25-385-0078-00,c0VBSjeMMJ,bKash,23564,"2024-09-22 12:19:43",paid
2375,2487909,25-563-0015-00,YGEyXb5R4J,bKash,180,"2024-09-22 12:22:19",paid
2377,2494972,18-386-0084-4A,iclkEDjBt7,"UCB CARD",4875,"2024-09-22 12:26:25",paid
2379,2461335,26-559-0031-00,WPaweQ79rN,bKash,1900,"2024-09-22 12:44:59",paid
2380,2421260,04-067-0013-04,VWxtz4I0y2,bKash,533,"2024-09-22 13:21:13",paid
2382,2495338,17-311-0011-39,sqSU48Zydo,bKash,3474,"2024-09-22 14:28:31",paid
2383,2438797,17-283-0037-00,LQVDv9qcSX,Nagad,360,"2024-09-22 14:34:50",paid
2384,2422023,14-111-0194-06,qJcJWaUvwY,bKash,342,"2024-09-22 18:18:34",paid
2385,2417787,09-729-0075-00,bkpOx3XgpV,bKash,180,"2024-09-22 21:04:36",paid
2387,2462997,30-057-0005-00,qJHFWUEob5,bKash,1602,"2024-09-22 21:53:04",paid
2388,2477669,31-724-0053-05,Xutawui6EM,bKash,389,"2024-09-22 21:55:54",paid
2389,2433170,05-077-0147-01,lR7UectLgd,bKash,3504,"2024-09-22 22:30:02",paid
2393,2416736,09-114-0040-03,smSUQNjixh,bKash,1472,"2024-09-22 23:51:12",paid
2394,2486146,25-385-0070-00,RcHwHJr7HF,bKash,4625,"2024-09-23 00:06:07",paid
2395,2440710,17-311-0011-0এ,6tdVbbEJv4,bKash,9000,"2024-09-23 08:41:15",paid
2396,2494980,10-129-0019-00,HH6KHUNdus,bKash,1895,"2024-09-23 09:37:41",paid
2397,2486109,25-385-0059-01,2tqHvZUaXY,bKash,180,"2024-09-23 09:55:12",paid
2398,2436641,10-159-0021-00,ZaJLvD97cC,bKash,2139,"2024-09-23 09:57:09",paid
2399,2458091,24-483-0189-00,5jSK4mzv4U,bKash,10800,"2024-09-23 10:40:57",paid
2401,2485108,16-287-0041-04,RwmRiIW8Uk,bKash,1035,"2024-09-23 11:16:13",paid
2403,2462712,26-581-0003-00,fSHg9VmnES,bKash,3150,"2024-09-23 11:24:18",paid
2405,2476055,31-710-0005-30,IgxC9ri9yb,bKash,1152,"2024-09-23 11:55:59",paid
2410,2468017,01-007-0157-00,zJwPCoRQkR,bKash,180,"2024-09-23 12:14:06",paid
2411,2474752,31-694-0016-2A,sUYAALtR7n,bKash,3600,"2024-09-23 12:16:17",paid
2412,2435754,23-472-0012-3C,5f3O2lFzdD,bKash,1663,"2024-09-23 12:32:21",paid
2413,2470084,27-585-0142-00,cJ3m75ooeK,bKash,1706,"2024-09-23 12:35:46",paid
2415,2495413,27-592-0018-02,Uk0UgwaOeU,bKash,3240,"2024-09-23 13:16:32",paid
2416,2426974,03-037-0055-01,UaRXNQjqtG,bKash,640,"2024-09-23 13:18:20",paid
2417,2427210,03-038-0060-02,uvT7O1nyab,Nagad,1145,"2024-09-23 13:29:58",canceled
2418,2427210,03-038-0060-02,1cP0eZW8kZ,bKash,1145,"2024-09-23 13:31:05",paid
2419,2433911,05-082-0001-00,Ry9V55tV8G,bKash,710,"2024-09-23 14:52:29",paid
2420,2489207,28-627-0010-00,FuPY4FZ7ID,bKash,1683,"2024-09-23 18:20:41",paid
2421,2417124,09-116-0440-00,MvjSjmUOVS,bKash,12600,"2024-09-23 18:46:11",paid
2422,2426845,03-037-0028-00,B1B7sfLu8t,bKash,180,"2024-09-23 18:52:51",paid
2424,2426846,03-037-0028-01,ptmQRYvtbL,bKash,180,"2024-09-23 18:59:46",paid
2425,2443694,18-375-0027-08,ciTtZc61HD,bKash,180,"2024-09-23 19:19:12",paid
2429,2433948,05-082-0013-11,P6rH1nvOVc,bKash,1800,"2024-09-23 21:58:03",paid
2436,2462179,26-573-0024-06,9ujQtJalvs,"UCB CARD",180,"2024-09-23 23:39:18",paid
2438,2462023,26-572-0039-01,N3oEI65JG2,bKash,180,"2024-09-24 09:59:08",paid
2440,2487590,25-559-0042-00,mQMY5ZQFIY,bKash,2536,"2024-09-24 10:18:27",paid
2441,2467706,01-006-0036-02,1kyqE3uM0K,bKash,180,"2024-09-24 10:32:42",paid
2442,2462768,26-581-0038-05,HIijakOMTy,bKash,180,"2024-09-24 10:48:12",paid
2443,2467519,01-006-0006-15,geXTUsfSNK,bKash,410,"2024-09-24 10:54:27",paid
2445,2466834,01-004-0002-00,M4DdqAofkL,bKash,180,"2024-09-24 10:56:45",paid
2446,2483133,16-267-0129-00,9NvRLZv1nt,bKash,180,"2024-09-24 11:07:33",paid
2447,2423415,14-267-0404-02,A3ishNEEIi,bKash,432,"2024-09-24 11:08:24",paid
2448,2461347,26-559-0038-02,TTY1y3Sz4l,bKash,180,"2024-09-24 11:31:30",paid
2449,2480752,12-343-0054-00,5hA8KCTZal,bKash,1564,"2024-09-24 12:02:56",paid
2450,2443937,18-377-0025-4ক,ZygEd0TN6K,bKash,1366,"2024-09-24 12:08:54",paid
2452,2427293,03-725-0011-00,PrUOwNtrB0,bKash,3118,"2024-09-24 12:21:34",paid
2453,2431332,29-462-0022-01,h9ymiK6icu,bKash,8766,"2024-09-24 12:31:30",paid
2454,2487049,25-552-0089-00,6a3ySxVXx3,bKash,180,"2024-09-24 12:34:20",paid
2455,2488077,25-564-0051-01,qrZx1k7zK5,bKash,1800,"2024-09-24 12:40:16",paid
2456,2485021,16-287-0010-00,jHVbuvbMWw,Nagad,180,"2024-09-24 12:43:32",canceled
2457,2426976,03-037-0055-03,lxWiOCvWNw,bKash,180,"2024-09-24 12:46:35",paid
2458,2440482,17-309-0026-02,nTXYAmiQcO,bKash,410,"2024-09-24 12:52:52",paid
2459,2435903,23-474-0050-2এ,13vr3f8Tx3,"UCB CARD",6030,"2024-09-24 12:54:39",paid
2460,2467835,01-007-0007-12,mzb6947iRZ,bKash,360,"2024-09-24 12:56:02",paid
2461,2487982,25-564-0001-10,K5foEHglzD,bKash,14400,"2024-09-24 12:56:42",paid
2462,2468084,01-007-0192-00,EamDwfyxhh,bKash,180,"2024-09-24 12:58:27",paid
2463,2467834,01-007-0007-11,lavrWCfxxh,bKash,418,"2024-09-24 13:00:27",paid
2464,2485021,16-287-0010-00,fStzOsjNXa,UPAY_MFS,180,"2024-09-24 13:00:51",canceled
2465,2485021,16-287-0010-00,RtTwWiUPZV,UPAY_MFS,180,"2024-09-24 13:05:50",paid
2466,2430459,22-460-0015-00,fD6Mp6Dg8u,bKash,4500,"2024-09-24 14:15:42",paid
2467,2465371,30-681-0005-07,ocBBZOEOpC,bKash,1723,"2024-09-24 15:05:57",paid
2468,2458020,24-481-0168-65ক,jgZ14FkZKk,bKash,5400,"2024-09-24 15:11:02",paid
2474,2423440,14-267-0410-1ক,Unkd1zbpRT,bKash,180,"2024-09-24 17:09:20",paid
2475,2426790,03-037-0014-01,NdYChgSFD4,bKash,180,"2024-09-24 18:33:46",paid
2476,2443439,18-371-0026-00,RiUuhHJAHp,bKash,1800,"2024-09-24 20:14:02",paid
2477,2448653,19-395-0064-00,MqvaKz71bH,bKash,180,"2024-09-24 20:17:19",paid
2478,2443412,18-371-0025-14,Vvys4MJPvq,Nagad,9900,"2024-09-24 20:19:09",paid
2479,2430987,29-443-0005-00,iA8v6OXXit,"City Bank",26163,"2024-09-24 20:27:42",paid
2480,2446454,20-410-0015-00,4OoPK35XVa,bKash,16388,"2024-09-24 20:33:52",paid
2481,2418882,09-792-0572-00,xPng4M28aX,bKash,180,"2024-09-24 23:20:26",paid
2482,2418504,09-787-0095-00,bPp8KD8Uq7,bKash,180,"2024-09-24 23:23:03",paid
2483,2418397,09-781-0030-00,awPqY9o8LZ,bKash,180,"2024-09-24 23:24:53",paid
2484,2418032,09-729-0309-00,PEminPS03O,bKash,180,"2024-09-24 23:30:22",paid
2486,2415668,09-109-0067-0খ,QMvRwGEED4,bKash,360,"2024-09-24 23:34:43",paid
2487,2418027,09-729-0305-00,n02ljSZCbO,bKash,180,"2024-09-24 23:36:26",paid
2488,2418025,09-729-0304-00,dmW1gdVuWm,bKash,180,"2024-09-24 23:38:36",paid
2490,2418039,09-729-0316-00,gaWt3on4OC,bKash,180,"2024-09-24 23:41:34",paid
2491,2418379,09-781-0012-00,aRT8W4pMQz,bKash,180,"2024-09-24 23:43:10",paid
2492,2417845,09-729-0130-00,87hFWALIkM,bKash,180,"2024-09-24 23:53:58",paid
2493,2417976,09-729-0256-00,Le4aZJ9xic,bKash,180,"2024-09-24 23:57:14",paid
2494,2418453,09-787-0044-00,pE8HhWG9Ki,bKash,180,"2024-09-24 23:59:29",paid
2496,2494323,17-290-0413-2এ,egXa0HfX0x,"UCB CARD",13225,"2024-09-25 00:14:03",canceled
2501,2418147,09-729-0422-00,4G5xSKjNlj,bKash,180,"2024-09-25 00:16:32",paid
2502,2459552,24-524-0152-16,Zg69e59ylu,bKash,180,"2024-09-25 00:17:11",paid
2503,2494323,17-290-0413-2এ,gB4jrpVTZd,"UCB CARD",13225,"2024-09-25 00:17:58",paid
2505,2418793,09-791-0496-00,AeTp1JCuxV,bKash,180,"2024-09-25 00:19:48",paid
2506,2460234,24-544-0025-00,KON2tauPai,"UCB CARD",12600,"2024-09-25 00:56:29",paid
2512,2417482,09-126-0272-00,E8WMgEgIer,bKash,180,"2024-09-25 08:32:52",paid
2514,2418378,09-781-0011-00,KVJIcSJlRV,bKash,180,"2024-09-25 08:35:08",paid
2515,2417989,09-729-0269-00,p33ehisD9I,bKash,180,"2024-09-25 08:40:42",paid
2516,2418034,09-729-0311-00,ie1wUqaUDe,bKash,432,"2024-09-25 08:47:57",paid
2517,2418033,09-729-0310-00,jPYHqabmK1,bKash,180,"2024-09-25 09:08:34",paid
2518,2418384,09-781-0017-00,ZmIyfImas4,bKash,180,"2024-09-25 09:10:48",paid
2520,2417974,09-729-0254-00,csC6tJRj7D,bKash,180,"2024-09-25 10:11:15",paid
2521,2418038,09-729-0315-00,kMeWWdXuEv,bKash,180,"2024-09-25 10:12:58",paid
2522,2444071,18-379-0018-01,YUacmGXNYN,bKash,4500,"2024-09-25 10:34:05",paid
2523,2462082,26-572-0073-09,3hnIhw8BAY,bKash,180,"2024-09-25 10:46:24",paid
2525,2413032,06-086-0190-02,RDuVh4hc9b,bKash,460,"2024-09-25 11:00:20",paid
2526,2487990,25-564-0005-00,9aSCNBlxUi,bKash,180,"2024-09-25 11:29:50",paid
2528,2494562,26-562-0110-03,ZLHHk5pobJ,bKash,4869,"2024-09-25 11:41:09",paid
2529,2462872,26-583-0024-01,3h5DGTWCGW,bKash,180,"2024-09-25 11:54:19",paid
2530,2425902,03-033-0035-01,fSONrKvG37,bKash,450,"2024-09-25 11:58:46",paid
2531,2495679,27-611-0001-05,bymZL4Iv1V,bKash,6692,"2024-09-25 12:02:11",paid
2535,2495329,29-444-0087-01,nuTF7ufTpC,bKash,1756,"2024-09-25 12:08:38",paid
2536,2439873,17-302-0147-00,4B0H2vsxl3,bKash,12065,"2024-09-25 12:08:48",paid
2539,2487775,25-561-0039-00,se82LE4y07,bKash,235,"2024-09-25 13:02:49",paid
2549,2462865,26-583-0020-00,3vjYw9ZVk0,bKash,2122,"2024-09-25 15:09:44",paid
2550,2469198,27-408-0033-00,B1q9PFiDBW,bKash,33440,"2024-09-25 15:10:25",paid
2553,2475703,31-701-0016-00,vT2AD1Z8Lp,bKash,450,"2024-09-25 15:36:54",paid
2555,2457332,24-408-0010-03,j4errhcHX9,bKash,159914,"2024-09-25 17:50:03",paid
2556,2480945,12-346-0046-00,DOoiZBtfln,bKash,905,"2024-09-25 18:42:01",paid
2557,2493752,18-375-0074-00,bEbDXJZnnQ,Nagad,180,"2024-09-25 19:19:21",paid
2558,2431486,29-462-0075-02,mMbxl29Yza,bKash,466,"2024-09-25 19:56:06",paid
2559,2440719,17-311-0011-13,D74SQH0FFo,bKash,2700,"2024-09-25 20:48:44",paid
2560,2443179,18-368-0019-3ঘ,nF6OiHvLfB,bKash,17100,"2024-09-25 21:21:20",paid
2561,2443180,18-368-0019-3ঙ,ED5nh0ENhp,bKash,22500,"2024-09-25 21:39:23",paid
2563,2419716,04-041-0011-00,SLcDLlVlNV,bKash,180,"2024-09-25 22:45:39",paid
2566,2418787,09-791-0490-00,XeeOjr1XLR,bKash,180,"2024-09-25 23:34:39",paid
2567,2418905,09-792-0598-00,qajQbKCYgv,bKash,180,"2024-09-25 23:47:45",paid
2568,2418158,09-729-0619-00,u85IzSNnI7,bKash,360,"2024-09-25 23:49:33",paid
2569,2418157,09-729-0618-00,cmh1CJga6y,bKash,180,"2024-09-25 23:52:28",paid
2570,2418807,09-791-0508-00,i6C7jmoAgY,bKash,180,"2024-09-25 23:54:27",paid
2571,2418806,09-791-0507-00,b0U29JOTXQ,bKash,180,"2024-09-25 23:57:00",paid
2572,2418902,09-792-0594-00,BIilQCQUDP,bKash,180,"2024-09-26 00:01:09",paid
2573,2418016,09-729-0295-00,y52e4ZzJTF,bKash,180,"2024-09-26 00:02:47",paid
2576,2444284,18-380-0030-49এ,Edx0DSUAMS,bKash,4500,"2024-09-26 09:31:04",paid
2578,2419053,09-805-0147-00,IhoOK0AHs9,bKash,2007,"2024-09-26 09:58:46",paid
2579,2495297,25-386-0069-00,uTmlBZiprD,bKash,45275,"2024-09-26 10:07:54",paid
2581,2419046,09-805-0137-00,CmqeqSK0gV,bKash,2945,"2024-09-26 10:25:22",paid
2583,2415999,09-110-0220-0বি,6K3gvTSZSU,bKash,9011,"2024-09-26 11:02:03",paid
2585,2465320,30-679-0228-00,tq5vsrzHHY,bKash,507,"2024-09-26 11:25:27",paid
2588,2490404,28-641-0013-01,GcWEwshR3n,"UCB CARD",8633,"2024-09-26 11:45:10",canceled
2589,2490404,28-641-0013-01,XRlgqGmHZ7,"UCB CARD",8633,"2024-09-26 11:50:03",canceled
2590,2490404,28-641-0013-01,c65rnBzXMO,"UCB CARD",8633,"2024-09-26 11:52:36",canceled
2591,2482819,16-267-0022-00,l2F1DASRnq,bKash,640,"2024-09-26 11:53:34",paid
2592,2487915,25-563-0017-01,0VLb8lPFpa,bKash,1800,"2024-09-26 11:55:35",paid
2593,2440328,17-308-0097-6খ,ZyYMyAg2Zl,DBBL,576,"2024-09-26 12:09:51",paid
2595,2461749,26-570-0103-01,G5mDwwNRjo,bKash,1152,"2024-09-26 12:16:40",paid
2596,2482993,16-267-0085-06,vW8iznvlmc,bKash,180,"2024-09-26 12:19:34",paid
2597,2423439,14-267-0410-01,qTWS5caFPi,bKash,180,"2024-09-26 12:21:47",paid
2598,2423443,14-267-0411-0ক,wv1kyITazr,bKash,180,"2024-09-26 12:24:19",paid
2599,2480755,12-343-0057-00,zJFdNI8Eve,bKash,615,"2024-09-26 12:36:07",paid
2601,2423423,14-267-0405-04,jyiM8oDsP3,bKash,180,"2024-09-26 12:57:10",paid
2604,2458321,24-490-0065-00,yMajekqpAa,bKash,3166,"2024-09-26 14:00:53",paid
2605,2419588,04-040-0161-1ক,gLMm1AAFtk,Nagad,925,"2024-09-26 14:06:59",paid
2606,2486567,25-386-0077-01,GG4pX7t0OV,bKash,10800,"2024-09-26 14:25:13",paid
2607,2487686,25-560-0026-01,AolmkN06Gq,bKash,21244,"2024-09-26 14:29:07",paid
2608,2444033,18-378-0002-00,rDYJHiFwXC,"EBL CARD",30750,"2024-09-26 15:23:00",paid
2609,2466076,30-687-0034-04,qYWlKlYN2s,bKash,180,"2024-09-26 15:59:06",paid
2610,2476205,31-712-0066-0ছ,yr9vOV6UIf,Nagad,180,"2024-09-26 16:31:27",canceled
2611,2476205,31-712-0066-0ছ,acXMLrHI2A,Nagad,180,"2024-09-26 16:34:00",paid
2612,2461488,26-570-0001-00,iJQWT9jidd,Nagad,2279,"2024-09-26 16:36:04",paid
2613,2490404,28-641-0013-01,h6eQQkzlTr,"EBL CARD",8633,"2024-09-26 17:01:58",paid
2614,2462757,26-581-0033-01,JPQspBOzyk,bKash,1758,"2024-09-26 18:00:04",paid
2615,2461995,26-572-0023-02,thnea6vHVe,bKash,1099,"2024-09-26 18:14:14",paid
2617,2413901,06-093-0020-00,bqd7ELgEsN,Nagad,8325,"2024-09-26 19:52:50",paid
2619,2417714,09-728-0064-05,0LdyLSvnWN,"EBL CARD",14922,"2024-09-27 00:30:02",paid
2620,2470796,27-597-0030-00,iT1tmXyrIh,Nagad,3780,"2024-09-27 01:18:36",paid
2621,2476226,31-712-0072-06,tXUtnUVQzQ,Nagad,999,"2024-09-27 08:49:24",paid
2622,2468892,01-012-0007-04,LDjoAYALxk,bKash,3960,"2024-09-27 09:35:09",paid
2626,2477762,31-724-0057-4গ,MQT7NdDcJu,bKash,8100,"2024-09-27 17:26:58",paid
2627,2462762,26-581-0035-01,JIlIVtyVkR,bKash,2301,"2024-09-27 19:10:50",paid
2631,2417283,09-117-0039-00,dwvOWCoBsx,bKash,1170,"2024-09-27 20:55:38",paid
2632,2488691,28-619-0017-00,nchAd5DACn,UPAY_MFS,180,"2024-09-27 20:56:20",paid
2634,2494238,29-462-0062-00,EAo1BQcNKp,"EBL CARD",51250,"2024-09-27 21:10:58",paid
2635,2418638,09-788-0074-00,EWN90WfHKa,bKash,410,"2024-09-27 22:26:09",paid
2636,2418697,09-788-0678-00,Y0YiEMvj6j,bKash,410,"2024-09-27 22:29:43",paid
2637,2418383,09-781-0016-00,yyRDFcHDhO,bKash,180,"2024-09-27 22:38:49",paid
2638,2418080,09-729-0356-00,Xac11FwOKy,bKash,180,"2024-09-27 22:42:16",paid
2642,2417942,09-729-0222-00,IaZ9PwAQeo,bKash,180,"2024-09-27 22:46:30",paid
2643,2487647,25-559-0091-00,02uh2rLGnP,bKash,22500,"2024-09-27 22:47:02",paid
2644,2418774,09-791-0477-00,bhUgSXtGu8,bKash,180,"2024-09-27 22:48:18",paid
2645,2418154,09-729-0476-00,CaCVuTHdUP,bKash,180,"2024-09-27 22:51:21",paid
2646,2418037,09-729-0314-00,5DKWcyZepr,bKash,410,"2024-09-27 22:54:20",paid
2648,2418078,09-729-0354-00,PvZloFsh3e,bKash,180,"2024-09-27 22:56:32",paid
2649,2417808,09-729-0097-00,cyvA80pOqn,bKash,180,"2024-09-27 22:58:02",paid
2650,2417809,09-729-0098-00,9lG81n2xhS,bKash,180,"2024-09-27 23:00:37",paid
2651,2417872,09-729-0152-00,0ggZSn4zg1,bKash,180,"2024-09-27 23:04:11",paid
2652,2418031,09-729-0308-00,BVYGFkNjQN,bKash,180,"2024-09-27 23:20:06",paid
2653,2418066,09-729-0342-00,IhDrkmXYlf,bKash,180,"2024-09-27 23:25:32",paid
2654,2418084,09-729-0360-00,UhyLP319t9,bKash,180,"2024-09-27 23:28:15",paid
2655,2417741,09-729-0027-00,ItSDL2hM2y,bKash,180,"2024-09-27 23:30:38",paid
2656,2417975,09-729-0255-00,ETWSUozQfL,bKash,180,"2024-09-27 23:34:22",paid
2657,2481085,12-351-0015-00,9HjtoKRPqH,bKash,7719,"2024-09-28 00:13:03",paid
2658,2487318,25-556-0008-00,QALh15dXDh,bKash,180,"2024-09-28 00:24:59",paid
2659,2487314,25-556-0004-01,CpQYeTVcSn,bKash,180,"2024-09-28 01:14:19",paid
2660,2474905,31-694-0033-3/A,2DO8LGHZ0a,Nagad,900,"2024-09-28 08:19:53",paid
2661,2418083,09-729-0359-00,glhwIJoFZ5,bKash,180,"2024-09-28 08:23:55",paid
2662,2418075,09-729-0351-00,njvzeg1qqN,bKash,180,"2024-09-28 08:30:51",paid
2663,2418374,09-781-0007-00,hoXI1iVQLo,bKash,180,"2024-09-28 08:34:17",paid
2664,2418721,09-788-0712-00,SK4FAwD851,bKash,180,"2024-09-28 08:36:33",paid
2665,2418394,09-781-0027-00,cEwNvoLbop,bKash,180,"2024-09-28 08:38:03",paid
2666,2418040,09-729-0317-00,c3uOmQjpZu,bKash,180,"2024-09-28 08:44:19",paid
2667,2418705,09-788-0687-00,wcLH16v0tF,bKash,180,"2024-09-28 08:59:19",paid
2669,2418153,09-729-0428-00,nT1nBIqneD,bKash,180,"2024-09-28 09:05:43",paid
2670,2486997,25-552-0059-00,Zn4uCySVuH,bKash,3217,"2024-09-28 09:31:48",paid
2672,2418149,09-729-0424-00,rsbe2U0Rmd,bKash,180,"2024-09-28 09:34:42",paid
2673,2418704,09-788-0686-00,RBDu9KzPkV,bKash,180,"2024-09-28 09:37:42",paid
2674,2418439,09-787-0029-00,xu1EAO8dzt,bKash,1560,"2024-09-28 09:39:57",paid
2675,2475521,31-696-0078-41,gov51Fva2V,bKash,180,"2024-09-28 09:40:34",paid
2676,2418440,09-787-0030-00,23DXgIByqG,bKash,1560,"2024-09-28 09:41:50",paid
2677,2418523,09-787-0114-00,DvCv5swA0K,bKash,180,"2024-09-28 09:44:48",paid
2678,2418012,09-729-0292-00,hmXvmQ6PrR,bKash,180,"2024-09-28 09:47:16",paid
2679,2418011,09-729-0291-00,7Sj8nBwcGd,bKash,180,"2024-09-28 09:49:24",paid
2681,2418941,09-792-0639-00,tdeYmlSGLK,bKash,180,"2024-09-28 09:56:26",paid
2682,2418376,09-781-0009-00,1vgOuWY6IW,bKash,180,"2024-09-28 10:01:11",paid
2683,2418813,09-791-0514-00,HknLZh2IVn,bKash,180,"2024-09-28 10:03:10",paid
2684,2495838,01-008-0074-00,PbzVxxi0W0,bKash,180,"2024-09-28 10:15:59",paid
2685,2418081,09-729-0357-00,dtt2CiOhd6,bKash,180,"2024-09-28 10:36:54",paid
2687,2461491,26-570-0001-03,2U5zUqbSOl,Nagad,23400,"2024-09-28 11:01:10",paid
2688,2418076,09-729-0352-00,85QhblQdCQ,bKash,180,"2024-09-28 11:02:02",paid
2689,2418814,09-791-0515-00,JSGOOyoNYW,bKash,180,"2024-09-28 11:11:44",paid
2691,2486178,25-385-0079-00,XEz6rNYrv5,Nagad,1077,"2024-09-28 11:45:47",paid
2692,2495396,18-386-0084-1A,R6uMhTLkGk,"EBL CARD",15300,"2024-09-28 11:48:11",paid
2695,2495417,09-110-0057-2(A+B),vSgWrloHEk,DBBL,22347,"2024-09-28 13:05:06",paid
2696,2495422,09-110-0057-4B,Yt4IZ0eV19,DBBL,7582,"2024-09-28 13:17:32",paid
2699,2413613,06-088-0094-0ঙ,rFdIvXvyVC,bKash,20813,"2024-09-28 13:28:28",paid
2700,2487313,25-556-0004-00,NCQFZDwVOb,bKash,139,"2024-09-28 13:45:05",paid
2701,2436758,10-160-0031-51,GxfiMMfO0E,bKash,990,"2024-09-28 18:47:49",paid
2703,2418380,09-781-0013-00,xUA3Shkeu5,bKash,180,"2024-09-28 19:01:41",paid
2704,2418791,09-791-0494-00,TTxOTH5cJH,bKash,180,"2024-09-28 20:01:32",paid
2705,2418886,09-792-0577-00,Wf1G2u7udZ,bKash,180,"2024-09-28 20:03:41",paid
2706,2418910,09-792-0602-0ক,iAGA3CrgE9,bKash,180,"2024-09-28 20:05:39",paid
2707,2418908,09-792-0601-00,dyKMVDS0tj,bKash,180,"2024-09-28 20:07:39",paid
2708,2418720,09-788-0711-00,RP8QDrIBgW,bKash,180,"2024-09-28 20:14:47",paid
2709,2417904,09-729-0182-00,NxKpADH6Wn,bKash,180,"2024-09-28 20:32:33",paid
2710,2477871,31-724-0073-36ছ,MPJgFUqJ3i,Nagad,184,"2024-09-28 20:50:31",paid
2711,2418800,09-791-0501-00,6u02ZrrbHu,bKash,180,"2024-09-28 20:50:33",paid
2712,2436518,10-157-0021-00,wNwVyHOIUy,bKash,317,"2024-09-28 21:00:12",paid
2714,2417954,09-729-0234-00,yLmzXzYfGy,bKash,180,"2024-09-28 21:12:05",paid
2715,2418711,09-788-0695-00,5m7jqNrHlG,bKash,180,"2024-09-28 21:13:33",paid
2716,2418525,09-787-0116-00,7vrRf6PVSG,bKash,180,"2024-09-28 21:17:31",paid
2717,2418900,09-792-0592-00,wrIlvmF9Hs,bKash,410,"2024-09-28 21:19:04",paid
2718,2442041,17-323-0022-15,dpZzHjX3G8,bKash,680,"2024-09-28 21:37:35",paid
2720,2420448,04-056-0023-00,jzexVftlqU,bKash,259,"2024-09-28 21:44:31",paid
2726,2486706,25-390-0240-0খ,zfKaJKOD14,bKash,7310,"2024-09-28 23:52:02",paid
2727,2495419,09-110-0057-3A,HDhZO1OWzF,DBBL,24480,"2024-09-29 00:00:06",paid
2728,2414743,09-011-0294-00,8cFkgYWb0Z,bKash,12402,"2024-09-29 00:40:06",paid
2729,2486576,25-386-0078-01,6t7TtIgLxt,bKash,1620,"2024-09-29 01:07:49",paid
2730,2486577,25-386-0079-00,WkcEg64RYJ,bKash,180,"2024-09-29 01:09:45",paid
2731,2418348,09-754-0057-00,uSHF89cCjc,bKash,180,"2024-09-29 07:15:53",paid
2732,2417871,09-729-0151-00,l9YkfiIpvp,bKash,410,"2024-09-29 08:12:07",paid
2733,2418381,09-781-0014-00,L8OEXEvRFX,bKash,180,"2024-09-29 08:14:46",paid
2734,2418393,09-781-0026-00,pKkVbSJnM0,bKash,410,"2024-09-29 08:16:51",paid
2735,2417970,09-729-0250-00,y4CONB10iT,bKash,180,"2024-09-29 08:18:22",paid
2736,2417991,09-729-0271-00,06G2JyOa50,bKash,180,"2024-09-29 08:20:47",paid
2737,2417881,09-729-0161-00,ozACP8KOqx,bKash,180,"2024-09-29 08:22:20",paid
2738,2486291,25-385-0152-00,BQ8r9JIcT4,"EBL CARD",1152,"2024-09-29 08:25:47",paid
2739,2418782,09-791-0485-00,HyYhm14Hhp,bKash,180,"2024-09-29 08:32:53",paid
2740,2486080,25-385-0050-05,P6ofvvie8G,bKash,1484,"2024-09-29 08:34:58",paid
2741,2482923,16-267-0050-02,noK5hbe5Of,bKash,180,"2024-09-29 08:50:53",paid
2743,2415335,09-108-0063-D,JdWgXchwmx,Nagad,9162,"2024-09-29 08:56:20",paid
2744,2418482,09-787-0074-00,wBNxHy7KNZ,bKash,1100,"2024-09-29 08:59:04",paid
2745,2418544,09-787-0125-0ক,bEwdbbgpxW,bKash,180,"2024-09-29 09:08:06",paid
2746,2418424,09-787-0013-00,J58EAFuA3L,bKash,410,"2024-09-29 09:16:03",paid
2747,2418390,09-781-0023-00,lxVfQbJXTP,bKash,180,"2024-09-29 09:18:21",paid
2748,2418715,09-788-0699-00,3m7jb3Yxug,bKash,780,"2024-09-29 09:19:46",paid
2749,2418897,09-792-0589-00,AYuKIjtNKE,bKash,273,"2024-09-29 09:21:18",paid
2750,2418398,09-781-0031-00,weiuEYeQxt,bKash,410,"2024-09-29 09:22:46",paid
2751,2460077,24-542-0058-00,MMg3C1qLoi,bKash,3766,"2024-09-29 09:23:48",paid
2752,2468890,01-012-0007-02,xNUfQUEBcH,"EBL CARD",11520,"2024-09-29 09:32:06",paid
2753,2460892,24-551-0022-03,XAivMPRAVF,"EBL CARD",5319,"2024-09-29 09:36:12",paid
2754,2468893,01-012-0007-05,WFuZKMNGDd,"EBL CARD",3960,"2024-09-29 09:39:01",paid
2755,2493729,02-022-0042-00,kiNnrXc9WW,"EBL CARD",10304,"2024-09-29 09:52:55",canceled
2760,2423796,14-268-0063-31,CPOlv1Vqre,bKash,180,"2024-09-29 10:11:32",paid
2762,2423425,14-267-0406-00,rM1YBGGpPq,bKash,180,"2024-09-29 10:15:17",paid
2763,2484496,16-285-0031-01,2E6aTPJ2io,bKash,180,"2024-09-29 10:17:54",paid
2765,2421788,14-111-0061-00,7H1dHBDiwc,bKash,1273,"2024-09-29 10:22:44",paid
2766,2424542,03-002-0037-07,sYOfJh6zIg,bKash,360,"2024-09-29 10:23:13",paid
2767,2461489,26-570-0001-01,B5ohRe5VjL,Nagad,36900,"2024-09-29 10:25:37",canceled
2768,2461489,26-570-0001-01,Sk9cTzWQzO,Nagad,36900,"2024-09-29 10:27:48",paid
2771,2425522,03-029-0144-01,47S5xgZiZk,bKash,410,"2024-09-29 10:40:37",paid
2773,2467114,01-004-0124-01,R7Exvy1WYP,bKash,1411,"2024-09-29 10:56:12",paid
2776,2415214,09-108-0028-6ক,7ZWYRqbHKp,bKash,180,"2024-09-29 11:09:05",paid
2779,2439149,17-289-0009-00,pD0K0T7L0j,bKash,360,"2024-09-29 11:29:40",paid
2780,2415401,09-108-0094-00,W1zSYBMmAl,bKash,585,"2024-09-29 11:31:25",paid
2781,2423164,14-267-0199-00,daaFi4dYU4,bKash,387,"2024-09-29 11:34:28",paid
2782,2415397,09-108-0093-02,RdjXWAXJuu,bKash,540,"2024-09-29 11:35:13",paid
2785,2457596,24-478-0165-00,uSWiQsjRLS,Nagad,180,"2024-09-29 11:54:04",paid
2786,2495882,28-627-0007-03,ZEuG7dU0R2,bKash,4875,"2024-09-29 11:54:11",paid
2790,2413345,06-087-0054-00,ACVXEmFVNC,bKash,470,"2024-09-29 12:00:16",paid
2792,2484177,16-284-0007-01,mg7GSYQ0Mc,bKash,720,"2024-09-29 12:07:32",paid
2794,2485202,16-287-0066-08,cS00ouDfGO,bKash,180,"2024-09-29 12:08:37",paid
2797,2484264,16-284-0017-3ক,oFfwRImQhl,bKash,225,"2024-09-29 12:11:10",paid
2798,2464899,30-679-0020-01,1cwReGlXQ0,UPAY_MFS,180,"2024-09-29 12:21:43",paid
2800,2493393,09-115-0040-4ক,OLG4FNsrDH,UPAY_MFS,1015,"2024-09-29 12:28:48",paid
2802,2494625,18-388-0058-05,922KgpLsNc,"EBL CARD",570514,"2024-09-29 12:30:35",canceled
2803,2457900,24-481-0168-10এ,1rjudx11yj,Nagad,15750,"2024-09-29 12:35:56",paid
2804,2464656,30-678-0001-00,bUKkwUb6kv,UPAY_MFS,4471,"2024-09-29 12:42:43",paid
2805,2426776,03-037-0008-1ক,3JOTEYfi5h,bKash,804,"2024-09-29 12:50:28",paid
2806,2467784,01-006-0072-00,AX8yip42K3,Nagad,180,"2024-09-29 12:52:24",paid
2808,2441375,17-311-0063-8খ,oYENTaMD56,bKash,8640,"2024-09-29 13:17:42",paid
2809,2488174,25-566-0003-02,ul2hFAVi93,bKash,526,"2024-09-29 13:19:57",paid
2811,2418399,09-781-0032-00,UFRUsEfTmS,bKash,180,"2024-09-29 13:31:53",paid
2813,2488227,25-567-0019-02,PUEKp5lzSk,"EBL CARD",399,"2024-09-29 13:32:44",paid
2814,2418588,09-788-0021-00,BxCcbRybf7,bKash,180,"2024-09-29 13:34:10",paid
2816,2441067,17-311-0029-0খ,XUiPlABmBd,bKash,7380,"2024-09-29 13:35:57",paid
2821,2495935,09-124-0130-0চ,oQSpwlt0Bk,bKash,13120,"2024-09-29 13:48:31",paid
2823,2495938,09-729-0052-00,S7mMZ1PitJ,bKash,180,"2024-09-29 13:52:57",paid
2825,2472682,02-024-0001-00,BYwDm8vxtc,bKash,1354,"2024-09-29 13:54:40",paid
2826,2473990,31-691-0042-19/ক,bO09DWwQVy,bKash,180,"2024-09-29 14:00:51",paid
2827,2422350,14-246-0035-03,bZKZRoNbG1,bKash,1823,"2024-09-29 14:02:59",paid
2829,2458145,24-484-0206-00,qKdjjUkFlT,bKash,332,"2024-09-29 14:27:35",paid
2830,2487058,25-552-0096-00,0G9Wf8WBJg,bKash,180,"2024-09-29 14:29:09",paid
2831,2488090,25-565-0007-00,q0vRHoyHUH,bKash,1590,"2024-09-29 14:30:22",paid
2832,2487013,25-552-0063-04,kjSoExHMPB,bKash,1425,"2024-09-29 14:31:32",paid
2833,2487712,25-561-0008-00,1xqA4K1RgN,bKash,1368,"2024-09-29 14:32:42",paid
2834,2487710,25-561-0005-00,qPJDTBQu1O,bKash,180,"2024-09-29 14:33:46",paid
2835,2488103,25-565-0014-03,VjE8xYFPgT,bKash,3254,"2024-09-29 14:34:54",paid
2836,2486853,25-552-0007-04,Hv8QpQ3FrS,bKash,518,"2024-09-29 14:35:57",paid
2838,2486276,25-385-0142-00,RFWvbU6jzN,bKash,358,"2024-09-29 14:37:06",paid
2840,2462845,26-583-0005-03,jJfE3F1Fll,bKash,450,"2024-09-29 14:38:47",paid
2841,2413515,06-088-0053-3ক,Z8X6D6KShj,bKash,416,"2024-09-29 15:04:42",paid
2842,2417501,09-289-00এন-76,VjogVR2Ctz,Nagad,8492,"2024-09-29 15:50:31",paid
2843,2423392,14-267-0392-01,39AsyCVqFS,bKash,180,"2024-09-29 16:39:15",paid
2844,2424382,14-272-0023-05,mG1bfHkyGT,bKash,450,"2024-09-29 16:43:50",paid
2845,2440768,17-311-0011-43,NPmqS6taHV,bKash,8890,"2024-09-29 17:14:46",paid
2847,2494513,22-454-0009-0E,AU0RR0dUI4,bKash,720,"2024-09-29 17:24:40",paid
2848,2494512,22-454-0009-0D,xTmphEtcTB,bKash,720,"2024-09-29 17:29:00",paid
2850,2417779,09-729-0066-00,HDPatcOH1D,bKash,180,"2024-09-29 17:37:26",paid
2852,2417780,09-729-0067-00,Z879al45IX,bKash,180,"2024-09-29 17:41:15",paid
2853,2418438,09-787-0028-00,BZbnDErXxb,bKash,180,"2024-09-29 17:43:15",paid
2854,2442434,18-322-0061-08,93CW7wy2gf,bKash,180,"2024-09-29 17:48:04",paid
2855,2418570,09-788-0003-00,MFH3CUJFoi,bKash,410,"2024-09-29 17:48:38",paid
2856,2416805,09-115-0010-06,STHQTaYTbu,DBBL,180,"2024-09-29 17:52:30",paid
2857,2418713,09-788-0697-00,OAzORGovqZ,bKash,180,"2024-09-29 17:55:30",paid
2859,2418712,09-788-0696-00,Mxeuv2UTLk,bKash,180,"2024-09-29 17:59:15",paid
2860,2416046,09-111-0257-00,eid8tA4P0l,bKash,984,"2024-09-29 18:01:09",paid
2861,2459623,24-529-0076-00,ULjSRnc80I,bKash,246,"2024-09-29 18:05:55",paid
2862,2436409,10-148-0026-00,hoyV3ntg4Q,bKash,73800,"2024-09-29 18:17:39",paid
2863,2474293,31-692-0017-49,VLaLXfyKiC,bKash,180,"2024-09-29 18:31:36",paid
2864,2458914,24-507-0484-7A,c7vD8xvkSY,"UCB CARD",10248,"2024-09-29 18:34:42",paid
2865,2458909,24-507-0484-5B,p9T69cMts9,bKash,10248,"2024-09-29 18:40:34",paid
2866,2467325,01-004-0207-01,0Zek3mUAig,UPAY_MFS,640,"2024-09-29 18:47:47",paid
2867,2458916,24-507-0484-7C,PQydaaWlQn,"UCB CARD",10257,"2024-09-29 18:58:29",paid
2868,2487145,25-554-0014-00,WDCziK8S5a,bKash,5740,"2024-09-29 19:13:03",paid
2869,2462754,26-581-0031-00,TZy7YWH9tg,bKash,864,"2024-09-29 19:34:55",paid
2870,2411948,06-071-0052-26,EKMrgMbrjT,IBBL,1026,"2024-09-29 19:53:38",paid
2871,2433787,05-080-0014-00,wTz1h5JiTp,bKash,360,"2024-09-29 20:04:50",paid
2872,2458912,24-507-0484-6B,BV3wnhepUD,bKash,10248,"2024-09-29 20:08:22",paid
2873,2489295,28-629-0009-00,sN52dXcon6,bKash,1957,"2024-09-29 20:10:33",paid
2874,2468166,01-008-0011-05,gonxoPLvGR,bKash,6055,"2024-09-29 20:52:26",paid
2875,2465895,30-686-0032-03,51E54BSmto,bKash,180,"2024-09-29 20:54:04",paid
2876,2485251,16-287-0083-02,dmzbO5F3gc,Nagad,180,"2024-09-29 22:28:21",paid
2877,2485027,16-287-0013-01,YylIYJIQXz,Nagad,7200,"2024-09-29 22:34:22",paid
2878,2458905,"24-507-0484-4 A",P3T0wikGm2,"UCB CARD",10247,"2024-09-29 22:58:53",paid
2880,2470028,27-585-0116-02,Ecj8TtYFSL,bKash,18888,"2024-09-29 23:38:28",paid
2881,2425594,03-029-0174-01,kqjHlmWvfF,bKash,1435,"2024-09-29 23:46:01",paid
2882,2457597,24-478-0165-02,k1Azp2kzSX,bKash,180,"2024-09-30 00:04:18",paid
2884,2457012,24-390-0014-02,vP3HfH4xKi,DBBL,2870,"2024-09-30 01:08:40",paid
2885,2458906,24-507-0484-4B,scWKavba9T,"UCB CARD",10248,"2024-09-30 02:53:05",paid
2887,2418090,09-729-0366-00,PHF89KL9sK,bKash,180,"2024-09-30 07:57:15",paid
2890,2418463,09-787-0055-00,EFJWby0Xic,bKash,3400,"2024-09-30 08:00:39",paid
2892,2418030,09-729-0307-00,bNdMaloakl,bKash,180,"2024-09-30 08:03:10",paid
2893,2418492,09-787-0084-00,YhYeYtS5Sk,bKash,180,"2024-09-30 08:04:38",paid
2894,2418137,09-729-0412-00,p0nRnWkHxV,bKash,180,"2024-09-30 08:08:46",paid
2895,2418640,09-788-0076-00,8IRptKOgu7,bKash,180,"2024-09-30 08:10:45",paid
2896,2418642,09-788-0078-00,PFljNUuJMt,bKash,180,"2024-09-30 08:13:19",paid
2897,2417995,09-729-0276-00,prAYOzpmOG,bKash,180,"2024-09-30 08:16:46",paid
2898,2418898,09-792-0590-00,4S5ZkGaQFm,bKash,410,"2024-09-30 08:19:19",paid
2899,2417978,09-729-0258-00,npceZOEpTO,bKash,180,"2024-09-30 08:20:56",paid
2900,2417848,09-729-0133-00,7ssTHpZDMG,bKash,180,"2024-09-30 08:22:29",paid
2901,2417874,09-729-0154-00,OTXBhOBs30,bKash,180,"2024-09-30 08:24:42",paid
2902,2418029,09-729-0306-00,RHH3LkhRNf,bKash,180,"2024-09-30 08:28:30",paid
2903,2418567,09-787-0145-00,WA9RVEd87E,bKash,180,"2024-09-30 08:32:52",paid
2904,2418013,09-729-0293-00,4AxlLDfOP9,bKash,180,"2024-09-30 08:47:42",paid
2906,2477845,31-724-0073-24ক,0bXlUqcn3a,Nagad,180,"2024-09-30 09:29:44",paid
2907,2419738,04-043-0003-00,IY1cQKF9RB,bKash,199,"2024-09-30 09:31:06",paid
2908,2464995,30-679-0074-00,LnRqWoXEd9,bKash,950,"2024-09-30 09:33:34",paid
2915,2458899,24-507-0484-2A,XEjzgyQucq,"UCB CARD",10248,"2024-09-30 09:58:17",paid
2916,2426375,03-035-0002-03,3yHYVjZQ3S,bKash,6534,"2024-09-30 10:03:47",paid
2919,2488206,25-567-0006-00,nSS4YmnZrI,bKash,180,"2024-09-30 10:19:15",paid
2921,2468174,01-008-0013-01,rCsXj2Ropy,Nagad,1170,"2024-09-30 10:27:32",paid
2922,2468422,01-008-0096-00,qG0LfEoT8p,Nagad,180,"2024-09-30 10:31:14",paid
2923,2461802,26-570-0134-00,pdRpkk8aWt,bKash,994,"2024-09-30 10:33:34",paid
2925,2461799,26-570-0131-01,6ar3RiKJyz,DBBL,180,"2024-09-30 10:38:59",paid
2926,2493644,25-385-0077-03,JUB1jiLGxJ,bKash,3064,"2024-09-30 11:33:15",paid
2928,2488185,25-566-0006-00,pinrlyyCaS,bKash,4050,"2024-09-30 11:37:36",paid
2929,2463919,30-667-0081-00,KSUoOwA27g,bKash,351,"2024-09-30 11:37:51",paid
2930,2433345,05-077-0231-01,9yxXm9puvJ,bKash,17876,"2024-09-30 11:43:08",paid
2931,2443911,18-377-0020-10,Ad9uH5fVX5,bKash,28800,"2024-09-30 11:43:51",paid
2932,2455938,21-436-0021-10,hNPaVAfA64,bKash,1260,"2024-09-30 11:45:52",paid
2933,2452350,21-436-0072-24,sfLd3poPVw,bKash,360,"2024-09-30 11:48:07",paid
2934,2468900,01-012-0012-00,KYKTII64W5,"UCB CARD",10809,"2024-09-30 11:50:38",paid
2935,2457599,24-478-0165-04,W8Rbw6yToJ,bKash,10535,"2024-09-30 11:52:09",paid
2936,2488261,25-569-0011-00,kyHemCDwFs,bKash,51930,"2024-09-30 11:53:31",paid
2937,2457634,24-478-0167-7ঘ,Tzfgb7DoIr,bKash,1728,"2024-09-30 11:54:17",paid
2938,2480819,12-344-0056-00,4BdQJpkgaf,bKash,918,"2024-09-30 11:54:21",paid
2939,2475124,31-694-0077-02,w5y9FgG94A,bKash,900,"2024-09-30 11:56:22",paid
2940,2438317,10-214-0084-00,GfYdze9kbl,bKash,320,"2024-09-30 11:56:24",paid
2943,2489186,28-627-0005-03,rWEv4iba8A,bKash,180,"2024-09-30 12:05:53",paid
2944,2462180,26-573-0024-07,7DKZTtkgR1,bKash,10000,"2024-09-30 12:14:26",paid
2945,2457618,"24-478-0167-08,খ",o6NmRDQEmO,bKash,180,"2024-09-30 12:24:43",paid
2946,2436510,10-157-0015-00,loJVsl6M5B,bKash,3584,"2024-09-30 12:27:46",paid
2947,2413949,06-094-0005-03,QLv476X7QQ,bKash,807,"2024-09-30 12:28:55",paid
2948,2454858,21-429-0040-35/1,DbqkfM4hCE,bKash,14940,"2024-09-30 12:36:38",paid
2949,2488253,25-569-0003-00,c5KF9OO2lS,bKash,6660,"2024-09-30 12:38:20",paid
2952,2489125,28-625-0036-00,8Jj6M1Q03i,bKash,926,"2024-09-30 12:44:36",paid
2954,2480960,12-347-0008-00,Wg9C4gZZsl,bKash,1051,"2024-09-30 12:48:38",paid
2955,2452215,21-436-0015-01,1NyBOpGVQN,bKash,3746,"2024-09-30 12:51:03",paid
2956,2428848,22-447-0024-11,twv784g8b4,bKash,432,"2024-09-30 12:52:17",paid
2959,2468414,01-008-0090-03,ldhlXxsuOA,Nagad,7448,"2024-09-30 13:00:55",paid
2960,2452327,21-436-0072-01,Qtp67xk08C,bKash,1024,"2024-09-30 13:01:27",paid
2961,2468686,01-011-0587-00,NhIWCBw1Qa,Nagad,1440,"2024-09-30 13:04:29",paid
2962,2486254,25-385-0126-03,9jXAJCGZJY,bKash,595,"2024-09-30 13:27:06",paid
2963,2423486,14-267-0436-1A,6lEp44noik,Nagad,558,"2024-09-30 13:28:31",paid
2964,2487998,25-564-0008-01,t1LQf6vCEg,bKash,2304,"2024-09-30 13:31:09",paid
2965,2486263,25-385-0133-00,d9MU0VNKbv,bKash,180,"2024-09-30 13:34:02",paid
2966,2487913,25-563-0016-01,ev2DNuoNwY,bKash,360,"2024-09-30 13:35:59",paid
2967,2458166,24-484-0218-A,zTAR4mZkIv,bKash,18900,"2024-09-30 13:38:14",paid
2968,2487903,25-563-0012-03,7wC33Tqid5,bKash,432,"2024-09-30 13:40:36",paid
2969,2461376,26-560-0008-1ক,PhtVOreEpk,DBBL,42697,"2024-09-30 13:45:52",paid
2970,2487894,25-563-0008-00,ayCuVFJu4U,bKash,180,"2024-09-30 13:53:20",paid
2971,2443892,18-377-0013-00,JrwzBjJERA,bKash,5400,"2024-09-30 14:32:42",paid
2972,2490480,28-642-0017-00,zR6a8o3NLl,bKash,5040,"2024-09-30 14:33:36",paid
2974,2450470,21-426-0153-00,2R7LvSadav,bKash,729,"2024-09-30 15:05:58",paid
2976,2487761,25-561-0028-01,4AfWpyH0RF,bKash,9000,"2024-09-30 15:24:51",paid
2977,2475700,31-701-0014-00,Y00F8lZWjc,Nagad,180,"2024-09-30 15:31:22",paid
2978,2487578,25-558-0150-00,cQKnQghxKP,bKash,304,"2024-09-30 16:14:51",paid
2979,2444372,18-380-0052-00,wH2bNWuzEF,bKash,2475,"2024-09-30 16:37:19",paid
2981,2416830,09-115-0010-31,xSXff21dhE,DBBL,180,"2024-09-30 18:16:04",paid
2982,2430001,22-456-0092-546,2Nkjb8OH0o,bKash,180,"2024-09-30 18:44:38",paid
2983,2485414,16-288-0050-01,jx9PD5UKAp,bKash,410,"2024-09-30 18:44:47",paid
2984,2427080,03-037-0085-00,xNHy6b9CUE,bKash,410,"2024-09-30 19:03:43",paid
2985,2493729,02-022-0042-00,X0QweHaEVa,bKash,10304,"2024-09-30 19:16:03",paid
2986,2495536,18-368-0014-01,YslskYZOaf,IBBL,3118,"2024-09-30 19:35:32",paid
2988,2416949,09-115-0039-2গ,bIZ3wiAyK8,bKash,180,"2024-09-30 20:03:49",paid
2991,2487324,25-556-0015-00,OfMEkms7QF,bKash,180,"2024-09-30 20:32:41",paid
2993,2418072,09-729-0348-00,QZXDOyfupY,bKash,180,"2024-09-30 21:00:59",paid
2994,2418676,09-788-0651-00,JDpFWfGW76,bKash,410,"2024-09-30 21:04:05",paid
2995,2475994,31-709-0008-00,cMbYhsHOcB,Nagad,180,"2024-09-30 21:09:23",canceled
2996,2417475,09-124-0133-0গ,zxmn1cXxWK,bKash,180,"2024-09-30 21:27:20",paid
2997,2418430,09-787-0020-00,msZLWFOkvT,bKash,180,"2024-09-30 21:31:40",paid
2998,2449554,19-415-0022-9B,91Ue20BoVK,bKash,1304,"2024-09-30 21:32:16",paid
2999,2417947,09-729-0227-00,20PmyKwcfJ,bKash,180,"2024-09-30 21:34:59",paid
3000,2428908,22-447-0043-02,8eaQTFthPP,bKash,1152,"2024-09-30 21:42:34",paid
3001,2487797,25-562-0012-00,QYu00JGlan,bKash,9708,"2024-09-30 21:43:48",paid
3002,2418465,09-787-0057-00,0Bx7yzKTkG,bKash,410,"2024-09-30 21:50:27",paid
3003,2475994,31-709-0008-00,btn9FQECYU,bKash,180,"2024-09-30 21:54:05",paid
3004,2474898,31-694-0033-00,jeEgbWfEF5,bKash,343,"2024-09-30 22:02:16",paid
3005,2418015,09-729-0294-00,haw07ps8dL,bKash,180,"2024-09-30 22:08:42",paid
3006,2418074,09-729-0350-00,zYyPJbs7Fn,bKash,180,"2024-09-30 22:11:26",paid
3007,2418036,09-729-0313-00,8U2pAD5Yt8,bKash,180,"2024-09-30 22:15:20",paid
3008,2419148,09-847-0003-00,od2gu4ZH0c,bKash,364,"2024-09-30 22:17:01",paid
3010,2466141,30-687-0065-08,aKP7ugBz4u,bKash,630,"2024-09-30 22:20:11",paid
3011,2417853,09-729-0138-00,7QJyUJvUDy,bKash,1330,"2024-09-30 22:41:12",paid
3012,2461977,26-572-0009-01,J3Sw7wRrLt,bKash,180,"2024-09-30 22:42:37",paid
3014,2417902,09-729-0180-00,m1Cp6JvMxC,bKash,180,"2024-09-30 22:45:21",paid
3015,2418263,09-731-0097-00,txnb72Osx0,bKash,180,"2024-09-30 22:48:37",paid
3016,2418382,09-781-0015-00,LBpzssFLH1,bKash,180,"2024-09-30 22:50:48",paid
3017,2481933,15-242-0083-18,Xe14uL6BKn,bKash,5427,"2024-09-30 22:50:57",paid
3021,2417861,09-729-0144-00,oOfum4rcde,bKash,180,"2024-09-30 22:55:29",paid
3022,2417862,09-729-0145-00,ae4ARpsXBL,bKash,1330,"2024-09-30 22:57:17",paid
3023,2418801,09-791-0502-00,I1RYV51tYt,bKash,180,"2024-09-30 23:00:38",paid
3024,2418437,09-787-0027-00,AQ6aEqmJm4,bKash,410,"2024-09-30 23:02:25",paid
3025,2417772,09-729-0058-00,11bkRmAoLx,bKash,180,"2024-09-30 23:05:03",paid
3026,2417771,09-729-0057-00,YqRDRJ6V6P,bKash,180,"2024-09-30 23:07:00",paid
3030,2417908,09-729-0186-00,tV2tdrkD2R,bKash,180,"2024-09-30 23:13:42",paid
3031,2418865,09-792-0551-00,G3FeBlAYFb,bKash,410,"2024-09-30 23:18:24",paid
3034,2418497,09-787-0088-00,UwlDXQ6YZj,bKash,180,"2024-09-30 23:24:43",paid
3035,2417783,09-729-0071-00,1z8QyTj18Y,bKash,180,"2024-09-30 23:26:09",paid
3036,2418435,09-787-0025-00,EogeNhipmU,bKash,180,"2024-09-30 23:29:01",paid
3037,2418085,09-729-0361-00,Co1c3y794T,bKash,410,"2024-09-30 23:31:18",paid
3038,2418408,09-781-0040-00,cUHdrRvdOp,bKash,180,"2024-09-30 23:33:05",paid
3039,2418271,09-731-0106-00,LHfPjtXGX3,bKash,410,"2024-09-30 23:34:39",paid
3040,2418252,09-731-0086-00,dvYOSy3XYY,bKash,180,"2024-09-30 23:36:56",paid
3041,2496254,17-319-0015-01,jR7qdjkaOn,bKash,189,"2024-10-06 12:51:32",paid
3044,2496330,31-714-0046-1/চ,3neoSiRwN3,bKash,928,"2024-10-08 09:07:47",paid
3045,2496161,22-447-0024-00,UEhhaSv4ux,bKash,2488,"2024-10-08 21:13:29",paid
3047,2496332,31-694-0016-2B,YG8BeHdTjh,bKash,378,"2024-10-15 08:57:05",paid
3048,2496592,13-241-0133-00,uRoyuIa5Kj,"UCB CARD",10768,"2024-10-17 15:15:52",canceled
3050,2496592,13-241-0133-00,bPkM5xyFnD,DBBL,10768,"2024-10-17 15:27:26",paid
3051,2513216,23-469-0063-5B,nc2g8T3sYc,DBBL,23405,"2024-10-22 13:40:46",failed
3052,2513216,23-469-0063-5B,Zl26kKX3Tz,"UCB CARD",23405,"2024-10-22 13:46:03",paid
3053,2551368,10-131-0039-00,j2yL6EYfEQ,bKash,730,"2024-10-29 12:23:10",paid
3054,2517412,14-247-0054-00,U6A2W80VXO,bKash,274,"2024-10-29 14:44:43",paid
3989,2567208,24-515-0007-14,VZKHHgYYG7,bKash,1510,"2024-12-01 19:39:45",paid
3990,2544977,27-609-0106-00,vCUu8f9bkn,"UCB CARD",2983,"2024-12-01 19:55:44",paid
4000,2547634,09-115-0033-00,G2G1RS3tPc,bKash,1435,"2024-12-02 10:12:27",paid
4004,2544991,27-610-0039-00,3Jx8rNzL4P,bKash,13965,"2024-12-02 12:55:36",paid
4005,2544993,27-610-0039-02,RNRSS4yoKa,bKash,6720,"2024-12-02 13:48:04",paid
4006,2560559,01-009-0053-00,mOmMIZsGhf,bKash,604,"2024-12-02 14:32:13",paid
4007,2524425,25-561-0015-01,mkCGEigzJe,Nagad,1888,"2024-12-02 18:31:32",paid
4012,2580177,18-772-0107-00,RnvQAKa0wJ,Nagad,10688,"2024-12-03 07:56:42",paid
4013,2580178,18-772-0108-00,EB6yiXRPrQ,Nagad,23275,"2024-12-03 08:05:41",paid
4014,2566950,24-506-0431-00,BMYyWsueYP,bKash,9381,"2024-12-03 08:11:27",paid
4015,2565505,24-476-0116-4A,Y8E15pcZhK,Nagad,7153,"2024-12-03 10:01:13",canceled
4016,2519043,14-270-0068-01,0ByX1pkeaj,bKash,189,"2024-12-03 10:38:42",paid
4017,2519051,14-270-0072-03,9UPa1WO2s7,bKash,434,"2024-12-03 10:46:17",paid
4018,2518041,14-267-0307-03,jImQW8GJ2U,bKash,206,"2024-12-03 10:50:22",paid
4019,2518055,14-267-0312-08,65tRb2eh77,bKash,574,"2024-12-03 10:55:47",paid
4020,2519119,14-270-0112-02,Wrueufk2Lx,bKash,189,"2024-12-03 10:58:10",paid
4024,2547870,09-116-0595-7A,ZFWYm5FQd3,bKash,1888,"2024-12-03 13:59:33",paid
4025,2531600,03-033-0091-00,GCFniVP7Vb,bKash,196,"2024-12-03 17:21:41",paid
4026,2528785,29-444-0087-01,qhFRRP0F6q,bKash,794,"2024-12-03 18:46:02",paid
4029,2510958,07-102-0006-01,hwh2kGNL1j,bKash,1950,"2024-12-04 00:17:04",paid
4030,2538233,16-284-0039-2ক,GJo8A0jd4C,bKash,189,"2024-12-04 10:02:38",paid
4031,2555604,06-087-0042-02,WSt7RR9pPL,bKash,378,"2024-12-04 10:24:51",paid
4032,2573861,31-724-0073-36A,A4V7rBSq4b,bKash,9438,"2024-12-04 13:21:43",paid
4033,2581110,24-520-0018-00,zB3yTcgsSG,bKash,436,"2024-12-04 21:48:42",paid
4036,2526308,19-406-0058-00,qIhaKcVM5s,bKash,189,"2024-12-05 11:39:31",paid
4037,2537367,16-267-0271-07,eBB3wYZBpO,bKash,189,"2024-12-05 12:17:55",paid
4041,2526313,19-406-0064-02,JW99WNkJ9y,bKash,666,"2024-12-05 21:18:44",paid
4042,2581085,09-754-0019-00,265I1ZTA03,bKash,189,"2024-12-05 21:53:03",paid
4043,2580969,16-286-0044-74/ক,jrosKuRNpO,bKash,649,"2024-12-05 23:41:56",paid
4044,2581133,09-119-0004-00,Xflwwln0aY,bKash,51520,"2024-12-06 12:42:36",paid
4045,2516748,14-111-0145-A,cDxFdcqcpV,bKash,189,"2024-12-06 17:28:22",paid
4048,2528631,29-443-0005-00,WipBGA53aS,Nagad,22750,"2024-12-06 23:36:40",canceled
4050,2544775,27-606-0042-01,2pEw5aC1ki,bKash,1339,"2024-12-08 21:16:21",paid
4051,2551719,10-157-0015-01,Q2Qvm9uRrD,bKash,9416,"2024-12-08 22:10:39",paid
4052,2530391,03-007-0072-07,0ZgZi4Itcu,bKash,189,"2024-12-09 12:20:05",paid
4053,2551307,10-129-0017-00,PsaqkC3BPJ,bKash,16988,"2024-12-09 15:44:10",paid
4054,2531745,03-033-0153-01,Y7sjuwjvnK,bKash,189,"2024-12-10 11:13:14",paid
4056,2511733,26-562-0088-00,oUXtLRMIeb,DBBL,11088,"2024-12-10 13:23:03",paid
4080,2569736,31-688-0112-00,R18FL1au0G,Nagad,3055,"2024-12-11 10:03:06",paid
4081,2555867,06-088-0074-01,16dyBTpevd,bKash,3035,"2024-12-11 13:02:14",paid
4082,2530399,03-007-0073-01,s5DiaKZh4x,bKash,189,"2024-12-11 14:31:44",paid
4083,2575585,28-627-0007-03,8eJrHXHSue,bKash,1425,"2024-12-11 17:25:47",paid
4085,2520339,22-456-0044-02,FsR6AUzK2Z,bKash,2218,"2024-12-11 19:27:29",paid
4088,2518385,14-267-0472-01,6LLRcvl0oc,"UCB CARD",19500,"2024-12-11 23:10:08",canceled
4089,2518385,14-267-0472-01,PUVu7UeXC0,bKash,19500,"2024-12-11 23:16:38",paid
4090,2532883,03-725-0009-00,4DHMyPjzlr,bKash,419,"2024-12-12 09:40:15",paid
4094,2536458,30-687-0130-03,bZeVW0jqjQ,bKash,1623,"2024-12-12 13:07:23",paid
4096,2542085,04-064-0016-00,PNi5p6PoPi,Nagad,419,"2024-12-13 19:41:14",canceled
4097,2542085,04-064-0016-00,ky9F7iNG00,Nagad,419,"2024-12-13 19:42:46",paid
4098,2518963,14-270-0026-00,1XECRI9DQG,bKash,189,"2024-12-14 18:46:06",paid
4099,2573463,31-724-0009-03,OpqkGBRtV8,bKash,269,"2024-12-14 23:29:39",paid
4101,2517718,14-256-0224-00,yN4qpGoo0D,bKash,5663,"2024-12-15 11:11:59",paid
4103,2561021,01-012-0022-3খ,vpjolPoF4n,bKash,661,"2024-12-15 17:22:25",paid
4104,2535242,30-679-0087-00,6FYXRS1vkn,bKash,1433,"2024-12-15 18:12:17",paid
4107,2538107,16-284-0015-11,U2XmCwWHva,bKash,189,"2024-12-15 21:27:59",paid
4108,2581268,27-610-0065-05,isn8sTqLyv,bKash,689,"2024-12-15 21:57:08",paid
4109,2575708,28-630-0016-00,fmhmUIoeyK,Nagad,347,"2024-12-16 11:04:56",paid
4110,2559246,01-004-0160-00,kPnIOXePOQ,DBBL,1133,"2024-12-16 11:18:47",paid
4111,2527267,05-077-0147-01,JxccZnEg3q,bKash,3504,"2024-12-16 12:42:28",paid
4114,2511330,26-385-0049-01,0yVKvZta6V,bKash,3401,"2024-12-17 11:07:36",paid
4115,2552473,10-165-0087-00,WglBDzZJv8,bKash,963,"2024-12-17 13:12:33",paid
4116,2512198,26-570-0186-06,jLHuSPRusV,bKash,783,"2024-12-17 23:18:35",paid
4120,2524289,25-559-0042-00,Us6uoXXEuK,Nagad,2536,"2024-12-18 11:38:09",paid
4121,2547930,09-117-0013-1গ,W5ypW80EZ0,bKash,189,"2024-12-18 12:01:27",paid
4123,2528029,05-082-0008-00,M5Run36OJv,bKash,733,"2024-12-18 18:11:07",paid
4125,2528034,05-082-0011-01,axGNo0tzFK,bKash,189,"2024-12-18 18:30:17",paid
4126,2561466,17-283-0006-00,4hL36ATOJm,bKash,3786,"2024-12-18 19:40:20",paid
4127,2521748,13-098-0038-00,K3NtMpZg7A,bKash,1415,"2024-12-18 19:46:30",paid
4128,2511636,26-559-0038-01,nDyaYVahuU,bKash,189,"2024-12-19 10:11:29",paid
4129,2577298,18-322-0115-07,jtpJWkBB15,bKash,4038,"2024-12-19 11:29:29",paid
4130,2533647,30-639-0041-01,5AI8PRwpKn,bKash,1518,"2024-12-19 12:08:36",paid
4132,2575992,28-633-0085-00,d9h3aRrgp8,bKash,15100,"2024-12-20 21:17:30",paid
4133,2575989,28-633-0084-01,Zke5OH4Mah,bKash,8775,"2024-12-20 21:34:33",paid
4134,2548224,09-289-00এন-76,MpJfgK9UE1,bKash,8492,"2024-12-20 22:59:24",paid
4135,2559903,01-007-0121-01,Ra0qvJg8oi,bKash,419,"2024-12-21 12:04:59",paid
4137,2543414,27-585-0187-00,DDp6gn0WuF,bKash,592,"2024-12-21 13:59:54",paid
4138,2543413,27-585-0186-00,gXh38dyuXm,bKash,348,"2024-12-21 14:05:07",paid
4139,2525241,19-391-0110-0ক,npAoHoKutH,Nagad,189,"2024-12-21 15:21:05",paid
4143,2575630,28-627-0026-01,j3V8OQkPsf,bKash,191,"2024-12-22 11:27:42",paid
4145,2575589,28-627-0008-01,JtfMYzoBGe,bKash,2076,"2024-12-22 11:31:31",paid
4147,2511618,26-559-0027-04,rTC3lnwkgJ,Nagad,283,"2024-12-22 11:50:22",paid
4148,2581937,30-679-0137-01,N7pPqzN2gL,"UCB CARD",15100,"2024-12-22 12:26:34",paid
4151,2518801,14-268-0110-02,e7ZJbOjiUw,"UCB CARD",189,"2024-12-22 17:02:54",paid
4158,2524898,25-566-0012-00,UWLekNsckH,bKash,2005,"2024-12-23 10:44:12",paid
4159,2524735,25-564-0028-02,RG3rqhNQ0I,bKash,2141,"2024-12-23 11:58:39",paid
4160,2564687,17-323-0010-01,RGUTvVPony,bKash,736,"2024-12-23 16:38:22",paid
4163,2512288,26-572-0023-02,LBjYA83BK9,bKash,3210,"2024-12-23 20:36:14",paid
4167,2523169,25-386-0029-00,U7MI172xBY,bKash,3525,"2024-12-24 10:44:19",paid
4169,2582182,28-633-0067-06,vg6Vzx6TaB,bKash,189,"2024-12-24 11:12:25",paid
4170,2523046,"25-385-0178-6 বি",Hic1tFZJzA,bKash,1131,"2024-12-24 11:21:57",paid
4171,2512442,26-573-0017-01,J6odg7oyNR,bKash,189,"2024-12-24 11:54:55",paid
4172,2512448,26-573-0017-07,nIVd1SbylB,bKash,398,"2024-12-24 11:55:56",paid
4173,2578441,18-375-0049-02,wZd5rW1bs6,bKash,670,"2024-12-24 11:59:06",paid
4177,2578578,18-377-0020-06,tWLvSRydso,bKash,606,"2024-12-24 15:08:25",paid
4178,2499266,15-733-0017-00,PgoA2srCnw,"UCB CARD",3000,"2024-12-24 15:14:29",paid
4180,2524451,25-561-0024-1ক,eKFeDDoF8x,bKash,6000,"2024-12-24 17:52:56",paid
4181,2551720,10-157-0016-00,A5GpwYVTzd,bKash,189,"2024-12-24 19:59:41",paid
4184,2568498,24-546-0017-00,cGZRHPLyzg,bKash,661,"2024-12-25 13:24:57",paid
4185,2580464,15-241-0044-00,1ZPDANtvlI,"UCB CARD",10000,"2024-12-25 14:15:48",paid
4189,2516200,12-357-0035-00,KCYp9bHS4d,bKash,4806,"2024-12-26 09:25:45",paid
4190,2524804,25-565-0014-03,m1Vd6zoqB8,bKash,3254,"2024-12-26 10:11:59",paid
4192,2578572,18-377-0020-00,Z5M5U37BoH,bKash,189,"2024-12-26 11:34:06",paid
4193,2524611,25-563-0015-02,dioMX72ii7,bKash,189,"2024-12-26 11:41:08",paid
4195,2569870,31-690-0019-00,gngtecnCn7,bKash,1567,"2024-12-26 12:25:07",paid
4198,2566127,24-481-0168-6ক,f0r7oGEIqp,bKash,2458,"2024-12-26 15:41:27",paid
4202,2511001,07-102-0022-02,scN5WZA9C6,bKash,2265,"2024-12-26 23:33:56",paid
4203,2565929,24-479-0184-0এ,qwfjO89S4r,bKash,83421,"2024-12-27 16:35:04",paid
4204,2555603,06-087-0042-01,NYBqVjZHVf,bKash,189,"2024-12-28 15:48:19",paid
4205,2576793,28-641-0010-00,eNwxmG46wV,bKash,3569,"2024-12-28 18:34:19",paid
4206,2533395,30-421-0180-07,IlONegG7ew,bKash,189,"2024-12-28 20:53:24",paid
4208,2542625,27-522-0066-0খ,GmWou1dxCM,bKash,8431,"2024-12-29 07:58:14",paid
4210,2559675,01-006-0023-03,C96SCLmQuH,Nagad,6878,"2024-12-29 08:26:11",paid
4211,2536712,16-267-0027-02,2YmPxw2njS,bKash,2643,"2024-12-29 12:24:59",paid
4212,2536716,16-267-0027-2ক,jMUnrwBJfn,bKash,724,"2024-12-29 12:31:26",paid
4213,2582445,25-385-0190-02,zsNY7hQKjn,bKash,12950,"2024-12-29 13:51:50",paid
4214,2544761,27-606-0012-01,ZIuNlHx0mE,bKash,2825,"2024-12-29 14:29:03",paid
4215,2519082,14-270-0094-00,MsGHlzxpR4,bKash,1367,"2024-12-29 15:04:59",paid
4216,2516794,14-111-0181-05,YndoNJDSIi,bKash,189,"2024-12-29 17:05:23",paid
4218,2541930,04-063-0051-01,bSQAE16JLW,Nagad,419,"2024-12-29 19:19:24",paid
4219,2555910,06-088-0094-0ঙ,Zoz95076pg,bKash,10406,"2024-12-29 21:39:07",paid
4221,2524803,25-565-0014-02,2zmPDXIyXZ,bKash,220,"2024-12-30 10:37:00",paid
4222,2523744,25-552-0087-00,AASge7l3mt,bKash,189,"2024-12-30 10:46:39",paid
4223,2524681,25-564-0001-09,dW94jIfpOx,bKash,236,"2024-12-30 10:48:19",paid
4225,2579761,18-388-0078-00,CfCe2nkR4t,DBBL,208,"2024-12-30 11:25:21",paid
4226,2575073,28-619-0011-01,0IvW8U5zDy,bKash,190,"2024-12-30 11:45:08",paid
4227,2575085,28-619-0018-02,OJIt5xBni2,bKash,2265,"2024-12-30 11:45:58",paid
4228,2582588,24-511-0448-00,fCVFPxM0na,bKash,11325,"2024-12-30 13:35:03",paid
4230,2522747,25-385-0010-01,GXNAPSPFJK,bKash,673,"2024-12-30 14:46:15",paid
4231,2523081,25-385-0205-00,iJoA51w6Ki,bKash,189,"2024-12-30 15:06:09",paid
4233,2537249,16-267-0213-00,l1Q4p3brun,bKash,189,"2024-12-30 17:44:21",paid
4235,2498103,02-026-0049-00,dA5tI0oWnC,bKash,12065,"2024-12-30 18:32:09",paid
4236,2518057,14-267-0312-10,bIwMYSVEDP,bKash,189,"2024-12-30 20:16:05",paid
4237,2559940,01-007-0135-00,mCx7c56cDc,bKash,980,"2024-12-30 22:31:09",paid
4241,2563913,17-311-0031-11,CmlirLJfOr,bKash,4427,"2024-12-30 23:37:17",paid
4242,2517771,14-260-0120-04,cThV7kV95E,Nagad,8022,"2024-12-30 23:42:41",paid
4243,2521773,13-098-0058-00,FT1SrpBz8B,bKash,594,"2024-12-31 00:42:34",paid
4249,2581524,06-086-0147-04,AVZwMZoVKL,bKash,419,"2024-12-31 09:41:08",paid
4250,2517775,14-260-0120-08,lJ6n0VNRDH,bKash,1888,"2024-12-31 09:45:03",paid
4251,2543421,27-585-0192-00,nEkuz924UD,bKash,15966,"2024-12-31 10:10:44",paid
4253,2520297,22-456-0026-00,pJSxlGdR6H,bKash,7469,"2024-12-31 11:04:58",paid
4254,2515729,12-347-0013-00,Gk42Qpadxe,bKash,453,"2024-12-31 11:22:30",paid
4255,2576396,28-638-0036-4ঞ,PB8XefStr4,bKash,1189,"2024-12-31 11:35:03",paid
4257,2517953,14-267-0171-00,8POACH7xyc,bKash,1560,"2024-12-31 11:45:07",paid
4259,2518936,14-270-0021-02,JPEgFrfCGa,bKash,189,"2024-12-31 11:51:55",paid
4260,2531659,03-033-0123-01,cS6D8mS2N7,bKash,189,"2024-12-31 11:56:04",paid
4261,2531649,03-033-0116-03,CY5UE8x71E,bKash,879,"2024-12-31 12:00:59",paid
4263,2571449,31-696-0076-04,mpKwD5lcHc,bKash,9664,"2024-12-31 12:06:08",paid
4265,2511616,26-559-0027-02,ieL4oR4mO6,bKash,1699,"2024-12-31 12:24:18",paid
4267,2565956,24-479-0184-3ঞ,1Dhy5h7cW0,bKash,2318,"2024-12-31 12:28:51",paid
4272,2530304,03-007-0041-00,vfRHMENtpo,bKash,189,"2024-12-31 13:28:20",paid
4273,2524515,25-562-0025-00,6eWEQX3xFF,bKash,11475,"2024-12-31 13:45:25",paid
4275,2562105,17-289-0028-03,oopp0kfghc,Nagad,521,"2024-12-31 14:50:29",paid
4276,2515849,12-351-0015-00,BFvD5imSHY,bKash,7719,"2024-12-31 14:54:16",paid
4278,2538229,16-284-0039-01,Py1KWfydzf,bKash,1870,"2024-12-31 15:04:30",paid
4283,2531622,03-033-0101-00,pY1ad03vqb,bKash,879,"2024-12-31 15:56:19",paid
4284,2532243,03-036-0001-6ক,jYKpxMBYGM,bKash,736,"2024-12-31 18:06:24",paid
4285,2531694,03-033-0136-01,t52PbeeAOF,bKash,189,"2024-12-31 18:52:13",paid
4286,2531701,03-033-0137-00,ImsoLHqV0A,bKash,2029,"2024-12-31 18:57:54",paid
4287,2542073,04-064-0008-00,YmdIC7CtYT,Nagad,649,"2024-12-31 18:58:57",paid
4288,2574999,28-618-0269-01,KshrotDCbg,Nagad,1813,"2024-12-31 20:01:11",paid
4290,2533908,30-663-0025-00,tEIlCDGDuH,Nagad,2250,"2024-12-31 20:12:36",paid
4291,2556173,06-093-0002-02,1fAomPXIhC,"UCB CARD",10000,"2024-12-31 20:14:30",paid
4296,2530434,03-007-0087-0B,wxcwnhTIdi,bKash,415,"2024-12-31 22:45:31",paid
4298,2551609,10-148-0018-00,08TsPxD55z,bKash,8050,"2024-12-31 23:33:57",paid
4299,2578549,18-377-0002-00,S4iY7weEDP,bKash,233,"2024-12-31 23:39:23",paid
4300,2582968,30-687-0061-00,oVA3PhSn3W,bKash,1504,"2025-01-06 11:09:22",paid
4302,2583210,28-624-0024-21F,DBV1Fg83zJ,bKash,185,"2025-01-13 12:42:58",paid
4312,2764741,02-019-0019-00,DxjclZUfZ1,bKash,3176,"2025-01-28 12:54:48",paid
4313,2724626,24-477-0148-02,zVMw4yTlnJ,Nagad,423,"2025-01-29 21:46:59",paid
4316,2758692,25-559-0078-03,xYi5BXF0C9,bKash,462,"2025-01-30 13:22:24",paid
4317,2741751,30-639-0001-03,RD76vemxGq,bKash,193,"2025-01-30 21:05:44",paid
4319,2741555,30-421-0180-015,qkdaL7ZNqg,"UCB CARD",148,"2025-02-01 21:23:17",paid
4322,2751093,16-287-0066-02,prIDhJrtW3,bKash,700,"2025-02-04 01:04:40",paid
4323,2762732,28-619-0067-01,vBYfUAUG38,bKash,254,"2025-02-04 18:19:26",paid
4324,2737467,26-577-0032-01,H09dufAN46,bKash,193,"2025-02-05 07:52:32",paid
4327,2735752,17-323-0019-0ক,HLC6vowUd1,bKash,24063,"2025-02-05 13:04:18",paid
4328,2761886,27-609-0106-00,NYBp8n4iSB,"UCB CARD",2983,"2025-02-07 10:29:12",paid
4329,2741003,18-398-0046-00,HGogleV1fS,"UCB CARD",193,"2025-02-07 23:17:33",paid
4330,2744268,30-686-0018-03,uSXbNeoUJT,bKash,193,"2025-02-08 22:34:33",paid
4331,2727345,24-544-0045-01,HB9oqnVl0U,bKash,259,"2025-02-09 00:51:35",paid
4332,2765233,31-688-0039-15A,LKBb3DKchY,bKash,1232,"2025-02-09 23:43:42",paid
4336,2736431,26-559-0031-00,kzbNWQ47Eu,bKash,2000,"2025-02-11 10:53:06",paid
4339,2730980,29-444-0085-01,rc79cgIl6B,bKash,231,"2025-02-11 15:11:46",paid
4340,2729830,10-175-0203-00,5ObMQ54VTB,DBBL,2033,"2025-02-12 13:18:26",paid
4343,2697190,14-267-0320-01,7J1abm3I4I,bKash,423,"2025-02-12 17:08:08",paid
4345,2765312,16-827-0044-3B,cwCWlSHOXu,bKash,307,"2025-02-13 18:10:52",paid
4346,2725977,24-507-0484-7B,16cgeyCoMZ,"City Bank",30262,"2025-02-13 18:13:41",paid
4347,2765270,14-270-0111-00,Rktc3MsA8h,bKash,193,"2025-02-13 18:57:21",paid
4349,2737864,26-581-0033-01,2Jk9n8gPNc,bKash,5273,"2025-02-16 10:15:45",paid
4350,2726603,24-524-0110-00,XogNINYdId,bKash,665,"2025-02-16 10:28:13",paid
4351,2749947,16-283-0150-00,xv3PZx3BJl,bKash,7700,"2025-02-17 06:03:22",paid
4352,2737894,26-581-0045-01,EkO5M3wTqN,bKash,1589,"2025-02-17 18:38:18",paid
4355,2765553,24-501-0273-5B,L1JYJfFjHJ,"UCB CARD",6669,"2025-02-17 23:32:17",paid
4358,2750260,16-284-0044-00,4OKcI84Kvo,Nagad,193,"2025-02-18 11:48:49",canceled
4359,2750260,16-284-0044-00,UKM2xDt47L,Nagad,193,"2025-02-18 11:51:04",canceled
4360,2750260,16-284-0044-00,vMHFemlx9c,bKash,193,"2025-02-18 11:52:08",paid
4361,2733472,17-296-0415-05,vydeqgFy5b,bKash,5775,"2025-02-18 13:33:49",paid
4363,2737834,26-581-0013-00,xd0i1vD1lX,bKash,290,"2025-02-19 11:15:38",paid
4364,2690170,01-004-0199-01,O4itsl13d6,bKash,193,"2025-02-19 13:14:44",paid
4366,2697563,14-268-0020-03,zHKdEUeAyv,bKash,285,"2025-02-19 19:09:29",paid
4367,2739825,18-380-0020-03,3T11LT1rkc,bKash,1311,"2025-02-19 19:54:40",paid
4368,2757157,25-385-0056-02,DYBZj3NcyD,bKash,22578,"2025-02-20 11:14:31",paid
4369,2755872,12-357-0035-00,nLvwIoZkx9,bKash,4806,"2025-02-20 16:33:31",paid
4370,2691314,01-009-0003-00,lQknl61o12,bKash,193,"2025-02-22 10:26:43",paid
4372,2749084,16-267-0148-2খ,v0k5JtNRXa,"UCB CARD",5132,"2025-02-23 09:44:29",canceled
4374,2734124,17-308-0110-01,EhbKmMNWOp,bKash,5775,"2025-02-23 11:52:58",paid
4376,2749943,16-283-0146-00,0ZaGovhXWL,DBBL,770,"2025-02-23 16:02:47",paid
4379,2693036,20-385-0250-00,9g3Lgi4oyo,bKash,2660,"2025-02-24 10:59:18",paid
4381,2744020,30-683-0020-02,7itoJlY7zw,bKash,423,"2025-02-25 10:54:53",paid
4383,2766238,16-267-0271-3ঙ,SdC44KIsaG,bKash,4340,"2025-02-26 17:03:30",paid
4385,2700637,09-115-0010-42,dHEyiBKnW5,DBBL,193,"2025-02-27 11:32:53",paid
4386,2740762,18-388-0079-06,To0ac5Fzmy,bKash,423,"2025-02-27 13:25:28",paid
4388,2700596,09-115-0010-01,Lo8ydZV297,bKash,4657,"2025-02-27 17:49:03",paid
4391,2725508,24-496-0210-8এ,YEuFPWsFJj,bKash,36000,"2025-03-02 11:42:38",paid
4392,2766073,09-110-0210-04,J8MOnodUX7,bKash,238,"2025-03-02 20:46:09",paid
4393,2749677,16-280-0032-01,ZPLSQ646qR,bKash,193,"2025-03-03 11:31:38",paid
4394,2719491,03-035-0094-00,JWr0Z0hVZ7,bKash,423,"2025-03-03 18:42:20",paid
4396,2742306,30-667-0076-00,kNcAUuRuPn,bKash,193,"2025-03-03 19:23:24",paid
4397,2712686,06-090-0026-00,ubMe3jzuEQ,bKash,456,"2025-03-04 13:04:07",paid
4398,2765546,04-053-0011-01,5tB5QJXY4R,bKash,1764,"2025-03-04 22:27:21",paid
4401,2762286,28-610-0018-1ক,b2sHp8BCKv,bKash,27704,"2025-03-05 11:31:35",paid
4403,2697561,14-268-0020-01,gHR2O1RPrK,bKash,285,"2025-03-06 12:46:26",paid
4404,2697435,14-267-0452-00,yWtrpFEBi7,bKash,193,"2025-03-06 13:02:55",paid
4407,2691367,01-009-0031-00,VN62hEGofj,bKash,193,"2025-03-09 15:53:24",paid
4408,2749971,16-283-0156-01,JCSfbNlM5V,bKash,1430,"2025-03-10 10:59:29",paid
4410,2736506,26-562-0061-00,XoRFpWC61a,bKash,193,"2025-03-10 14:01:01",paid
4413,2739572,18-377-0020-06,sS0gyE8BRN,bKash,606,"2025-03-10 18:01:58",paid
4421,2710833,06-071-0052-24,AwFtPJM1Rr,bKash,2618,"2025-03-11 13:20:33",paid
4423,2698242,14-270-0118-01,8wLEN9rlF9,bKash,193,"2025-03-12 12:09:57",paid
4424,2730987,29-444-0087-01,dbkrIysa4C,bKash,794,"2025-03-12 15:17:30",paid
4425,2760160,27-585-0106-2ক,dB4sKWAnjM,bKash,193,"2025-03-12 21:55:51",paid
4426,2694283,20-420-0016-01,v5iOeji2T1,"UCB CARD",29520,"2025-03-12 22:53:44",paid
4428,2700541,09-114-0044-03,rL96MrLQWg,bKash,1559,"2025-03-13 16:35:13",paid
4430,2734754,17-311-0014-9A,MQmlaafIjU,bKash,1256,"2025-03-14 11:02:48",paid
4432,2741174,18-772-0108-00,MPdij0KxZ0,bKash,23275,"2025-03-14 16:23:54",paid
4434,2741173,18-772-0107-00,k9pkdtOC82,bKash,10688,"2025-03-14 16:28:12",paid
4435,2725909,24-506-0431-00,J5GOLRHJpw,bKash,9381,"2025-03-14 16:30:23",paid
4437,2734166,17-308-0134-00,dBz8ItPNpc,bKash,1327,"2025-03-15 16:52:13",paid
4438,2712683,06-090-0023-00,swDBy0TIC3,bKash,193,"2025-03-16 11:56:02",paid
4439,2724769,24-479-0170-14সি,1wITuuhW4N,"UCB CARD",3176,"2025-03-16 13:30:44",paid
4440,2726145,24-515-0005-00,GhAst8XgB1,Nagad,2599,"2025-03-16 16:01:50",paid
4442,2719487,03-035-0091-01,QpLW7Y6HGB,bKash,193,"2025-03-17 11:39:31",paid
4443,2737943,26-583-0002-01,jdHtvgfBGZ,bKash,2923,"2025-03-17 12:25:32",paid
4444,2730833,29-443-0005-00,ET6abKJYqQ,"UCB CARD",22750,"2025-03-18 10:05:11",paid
4446,2759083,25-564-0020-01,tJmpW8RSQb,bKash,221,"2025-03-18 13:06:03",paid
4447,2703755,05-077-0147-01,2YD52VrhA2,bKash,3504,"2025-03-19 08:19:10",paid
4449,2712694,06-090-0031-00,MnRZACQbrR,bKash,373,"2025-03-19 10:58:40",paid
4451,2755985,12-753-0032-00,2ji7OQPMZ0,bKash,1812,"2025-03-19 12:07:55",paid
4455,2708097,31-714-0001-0ঠ,oCz3F2YNPL,bKash,510,"2025-03-19 12:41:32",paid
4458,2758666,25-559-0053-00,A9V6AI6rbe,bKash,193,"2025-03-19 18:49:55",paid
4459,2689570,01-003-0015-00,Dz57qRdShZ,bKash,148,"2025-03-20 05:23:36",paid
4460,2689588,01-003-0019-11,fQaASKI8XA,bKash,953,"2025-03-20 11:27:12",paid
4461,2737933,26-582-0015-00,4bCUGN3ITc,bKash,928,"2025-03-20 11:37:23",paid
4462,2757421,25-385-0189-00,9YLgMYGQLL,bKash,1348,"2025-03-20 12:44:58",paid
4463,2739936,18-380-0030-38,Xg6ksqG1TD,"UCB CARD",1848,"2025-03-20 12:46:02",paid
4464,2737071,26-572-0006-01,bbzvg5L9bI,bKash,4620,"2025-03-20 12:54:30",paid
4466,2759167,25-565-0014-03,Ap4HlLWBW2,bKash,3254,"2025-03-21 15:21:50",paid
4468,2741177,18-772-0129-00,i3bJXIKuo5,bKash,1076,"2025-03-21 16:40:56",paid
4470,2690527,01-006-0023-03,9zti65SXmP,bKash,6878,"2025-03-23 08:42:47",paid
4471,2760320,27-585-0186-00,dbpbSV7F2e,bKash,348,"2025-03-23 10:40:43",paid
4472,2760321,27-585-0187-00,PCt7cnvcqt,bKash,592,"2025-03-23 10:47:48",paid
4476,2740819,18-389-0003-00,bjEuiy3qIH,bKash,9879,"2025-03-23 19:09:32",paid
4478,2762781,28-620-0012-00,jNxvgJe4IR,bKash,3420,"2025-03-23 19:40:44",paid
4479,2766297,09-011-0244-00,ddHcQFY6Dv,bKash,3164,"2025-03-23 23:33:51",paid
4480,2758746,25-560-0026-00,0RTOTSbYsb,bKash,2610,"2025-03-24 10:14:12",paid
4482,2689819,01-004-0062-2ক,74JX9z1Pu8,bKash,208,"2025-03-24 11:34:14",paid
4484,2708103,31-714-0002-0ক,GGeyj0DylE,bKash,751,"2025-03-24 11:36:24",paid
4486,2740617,18-388-0055-2খ,IFCE9wHSq7,bKash,4038,"2025-03-24 11:56:27",paid
4487,2765920,25-561-0004-02,AalBQTzu03,bKash,28875,"2025-03-24 12:01:51",paid
4488,2766557,24-485-0099-00,ZjJRGLUtBr,"UCB CARD",16140,"2025-03-24 12:38:17",paid
4491,2752431,02-022-0033-00,UBvm6BhRAB,bKash,8075,"2025-03-24 12:51:52",paid
4493,2759530,27-522-0066-0খ,iqfX4MboeX,bKash,8431,"2025-03-24 18:59:03",paid
4494,2748950,16-267-0099-06,0GxEaVA4l1,bKash,423,"2025-03-24 20:40:27",paid
4495,2738287,18-322-0115-07,POCJ6yW9Ch,bKash,4038,"2025-03-25 09:15:16",paid
4496,2719458,03-035-0082-00,LwDQmG4v0f,bKash,193,"2025-03-25 12:45:25",paid
4497,2739315,18-375-0018-04,SzMLZJrxq6,bKash,2138,"2025-03-25 12:54:24",paid
4498,2739323,18-375-0018-1খ,3fmGwP59mc,bKash,8669,"2025-03-25 12:56:40",paid
4499,2739311,18-375-0018-00,BMSomU41xH,bKash,4275,"2025-03-25 12:58:08",paid
4500,2751365,16-288-0060-25,9LtgoMEF6z,Nagad,193,"2025-03-25 13:01:38",canceled
4501,2751365,16-288-0060-25,YYsebQLpbN,bKash,193,"2025-03-25 13:08:52",paid
4504,2765211,24-478-0167-0F,DqTsmFUQwJ,bKash,14620,"2025-03-25 13:59:12",paid
4505,2758343,25-555-0023-34,DbF4lb6MIn,bKash,193,"2025-03-25 15:35:06",paid
4507,2762556,28-618-0270-02,ZO4RmWmfEn,DBBL,193,"2025-03-26 01:21:35",paid
4508,2691361,01-009-0027-00,fAgVOYy4y2,bKash,366,"2025-03-26 16:57:01",paid
4509,2750876,16-286-0115-26,030O4HDqXy,bKash,193,"2025-03-26 22:38:24",paid
4510,2753012,02-856-0019-00,REFd1i4C5t,DBBL,14725,"2025-03-27 10:03:02",paid
4511,2766653,15-733-0027-01,xaigwwuniX,"UCB CARD",5629,"2025-03-27 11:38:53",paid
4513,2765605,24-501-0273-8B,ujj7kBWcjf,bKash,6063,"2025-03-27 13:48:01",paid
4514,2725173,24-483-0199-02,QnKTMc1nFZ,bKash,9250,"2025-03-27 13:52:43",paid
4516,2725975,24-507-0484-6C,mRfUuRlDaX,bKash,22500,"2025-03-27 23:54:40",paid
4517,2725969,24-507-0484-4C,eKhTvponKZ,"City Bank",22500,"2025-03-28 09:54:27",paid
4524,2755521,12-351-0015-00,jtAgBRsIxP,bKash,7719,"2025-03-30 04:22:01",paid
4525,2753706,11-776-0031-00,rtXxdwSCPH,bKash,1848,"2025-03-30 12:25:56",paid
4526,2753705,11-776-0030-00,XXyx8slPmq,bKash,1540,"2025-03-30 12:35:25",paid
4527,2701316,09-289-00এন-76,jGMZ9Aszlu,bKash,8492,"2025-03-31 00:27:51",paid
4528,2766898,09-805-0098-00,LGnuiSTxJv,bKash,1851,"2025-04-08 13:20:02",paid
4531,2846722,20-410-0034-01,BZwbEi0yAi,bKash,474,"2025-04-23 17:08:50",paid
4532,2817286,18-322-0115-27,bpIM5jD7Di,bKash,9875,"2025-04-23 17:52:53",paid
4537,2817645,18-365-0008-44,g1drvztx7K,"UCB CARD",13918,"2025-04-27 16:15:16",paid
4541,2834248,25-552-0078-00,27PKhdfCo6,Nagad,5431,"2025-04-30 13:23:27",paid
4542,2796764,23-442-0065-00,kPZCzY2yga,bKash,4750,"2025-05-01 13:36:36",paid
4543,2817796,18-368-0016-02,FgMeIGTmin,Nagad,198,"2025-05-01 13:50:35",paid
4544,2812760,27-609-0106-00,28Ez89C0rr,bKash,2983,"2025-05-03 22:39:26",paid
4547,2822214,24-507-0484-5C,SXh0L0wv0W,bKash,30600,"2025-05-04 12:25:21",paid
4548,2799429,14-258-0152-00,lKCze4qghO,bKash,10026,"2025-05-07 11:03:42",paid
4549,2798601,14-111-0240-05,a2iTXzdGE4,bKash,1782,"2025-05-07 11:34:46",paid
4552,2837553,12-345-0017-00,UbvwWJxCI4,bKash,198,"2025-05-09 18:12:13",paid
4558,2830471,16-288-0063-00,WKwUm00eEd,bKash,198,"2025-05-12 21:32:23",paid
4559,2842539,30-679-0191-02,hqkaQ7vazM,bKash,9875,"2025-05-13 18:15:30",paid
4561,2776972,01-008-0024-18,T25f9wfMl5,UPAY_MFS,198,"2025-05-15 12:25:38",paid
4563,2845183,11-098-0815-00,hi55CEoB3k,Nagad,3128,"2025-05-15 13:56:32",canceled
4566,2845183,11-098-0815-00,Ebf1PuyX6b,bKash,3128,"2025-05-15 18:24:34",paid
4567,2847912,24-549-0013-4C,ZPNDNHWxkz,"UCB CARD",21850,"2025-05-15 19:18:44",paid
4570,2843120,30-685-0036-00,8VV8rie4DG,Nagad,11850,"2025-05-16 18:13:59",paid
4571,2801777,29-462-0081-00,z7J8dEXjnw,bKash,342,"2025-05-16 22:53:35",paid
4573,2794825,06-086-0118-03,Zh4eTr17Mp,Nagad,237,"2025-05-17 19:31:22",paid
4575,2847984,24-549-0013-4B,k0PqXeo1id,"UCB CARD",21850,"2025-05-18 07:39:34",paid
4576,2776957,01-008-0024-02,37G4H5Vz2d,bKash,316,"2025-05-18 11:59:23",paid
4580,2819394,18-386-0135-01,UayDGmKLmQ,bKash,822,"2025-05-19 11:20:14",paid
4581,2848090,31-709-0001-0ক,qSXacrvzGg,bKash,1500,"2025-05-19 13:48:28",paid
4582,2831148,28-616-0007-00,SjS4S8jZ0D,bKash,5431,"2025-05-19 16:47:00",paid
4585,2848219,19-385-0001-03,j4pmrgLCFe,IBBL,102892,"2025-05-20 13:49:54",paid
4587,2843096,30-685-0022-05,AhNF5jNuSy,bKash,1174,"2025-05-22 09:28:18",paid
4591,2848284,28-627-0001-1A,ELMaoEJo1r,bKash,263,"2025-05-24 00:43:49",paid
4592,2776916,01-008-0008-01,Mg27C2rSFu,bKash,1472,"2025-05-25 10:45:22",paid
4594,2783457,09-011-0255-00,leLg96nUE7,bKash,198,"2025-05-25 16:29:52",paid
4598,2777066,01-008-0049-03,uJCRANmrJI,bKash,198,"2025-05-26 10:26:12",paid
4599,2834907,25-560-0025-02,CTqRtFRavK,bKash,2213,"2025-05-26 12:07:28",paid
4600,2818466,18-375-0077-00,WeWz52UXNK,bKash,198,"2025-05-26 12:57:02",paid
4601,2823764,24-547-0006-00,2dU7dYpChh,Nagad,4444,"2025-05-26 23:17:06",failed
4602,2823764,24-547-0006-00,2n0ISk8LXG,Nagad,4444,"2025-05-26 23:22:51",paid
4603,2833595,25-385-0204-00,wvzCpubJ0x,bKash,198,"2025-05-27 10:30:29",paid
4604,2780418,31-698-0002-00,UkAQA4QLng,"UCB CARD",828,"2025-05-27 10:55:22",paid
4605,2839447,26-573-0020-04,Qvq03Mfrxw,bKash,198,"2025-05-27 11:32:47",paid
4606,2838644,26-560-0007-02,pvDzzFvJd7,bKash,395,"2025-05-27 12:05:29",paid
4607,2813924,17-289-0025-03,9QQYT86UEm,bKash,198,"2025-05-28 12:08:33",paid
4608,2795033,06-086-0184-04,4XBEZKRPLM,bKash,565,"2025-05-28 12:40:13",paid
4613,2826857,07-098-0326-00,8B3T9Q4FZD,bKash,8050,"2025-05-29 23:28:34",paid
4614,2832753,28-638-0036-4ঝ,L3425LvndD,DBBL,5530,"2025-05-30 00:33:40",paid
4615,2842634,30-680-0009-00,ysi5jLxBjj,Nagad,198,"2025-05-30 19:52:07",paid
4619,2798621,14-111-0240-18,2auhNgCZD3,bKash,472,"2025-06-01 10:48:51",paid
4623,2828133,16-267-0148-2খ,SPm8fanNDd,bKash,5265,"2025-06-02 10:25:11",paid
4625,2824459,04-040-0008-04,xnJHxwJUpm,bKash,873,"2025-06-02 14:56:54",paid
4627,2829971,16-287-0009-00,nWXNfMQ1aV,bKash,198,"2025-06-02 22:24:50",paid
4629,2838607,26-559-0031-00,W2g2EFRoav,bKash,3900,"2025-06-03 10:18:48",paid
4632,2799939,14-267-0407-02,M8MXeyvFUc,bKash,547,"2025-06-03 21:52:51",paid
4633,2774596,02-840-0146-00,WDo5MX55I4,bKash,10325,"2025-06-04 19:38:09",paid
4634,2774609,02-856-0019-00,ZZIhmroj0E,DBBL,14725,"2025-06-05 18:09:34",paid
4638,2787903,09-805-0025-01,FTI32uFfUJ,bKash,1975,"2025-06-11 18:04:57",paid
4640,2842302,30-679-0085-01,kqU8E4aMzz,bKash,10238,"2025-06-12 11:03:01",paid
4641,2788838,05-077-0147-01,jDQEofGjQz,bKash,3504,"2025-06-12 12:04:50",paid
4643,2832548,28-636-0009-00,iAiqu9l8NO,bKash,6705,"2025-06-12 12:14:33",paid
4652,2822513,24-517-0013-00,i9PtySi03I,bKash,9381,"2025-06-13 22:41:13",paid
4653,2838134,12-357-0035-00,q4rhvJmC7m,Nagad,4806,"2025-06-14 10:15:07",paid
4654,2815599,17-311-0013-10,Q2FBLQVaxU,bKash,1197,"2025-06-14 15:05:11",paid
4656,2816150,17-315-0063-00,HGa0pGxh9R,bKash,57275,"2025-06-15 00:21:28",paid
4657,2817267,18-322-0115-07,4CIQmY7oPs,bKash,4038,"2025-06-15 09:36:49",paid
4658,2787673,09-791-0491-00,BUFTMxL2n4,bKash,198,"2025-06-15 11:09:46",paid
4659,2849163,31-692-0031-11,glSIhGmfKq,bKash,398,"2025-06-15 12:48:56",paid
4660,2777000,01-008-0030-0গ,zQpzFjfiCT,bKash,721,"2025-06-15 19:33:51",paid
4662,2831936,28-627-0007-03,JDytvu2udf,bKash,2925,"2025-06-15 23:09:13",paid
4667,2814241,17-293-0388-2এ,JTGa3ekIIU,bKash,8726,"2025-06-18 19:26:48",paid
4669,2816964,17-324-0061-20খ,7Srbl7qxRP,bKash,198,"2025-06-18 19:53:25",paid
4671,2842996,30-684-0010-05,SglK4st0In,bKash,198,"2025-06-19 00:38:02",paid
4672,2839487,26-574-0083-00,gm5n2L1bD9,bKash,1203,"2025-06-19 10:42:31",paid
4673,2849165,31-714-0044-00,keEwK2hxMZ,bKash,395,"2025-06-19 11:12:12",paid
4675,2827703,16-267-0002-0C,UBdt0SCrVS,bKash,814,"2025-06-19 19:17:49",paid
4676,2827908,16-267-0079-00,5KKgUiKkE2,bKash,198,"2025-06-19 19:23:26",paid
4677,2777865,01-012-0064-0A,dIfl1J6JMe,bKash,10405,"2025-06-19 19:26:47",paid
4683,2815046,17-308-0134-00,6lFvAhAQVp,bKash,2255,"2025-06-19 22:24:17",paid
4686,2848770,26-390-0287-09,bDqUn9skpK,bKash,19113,"2025-06-19 23:10:52",paid
4688,2814419,17-300-0197-00,PCbhihw1YC,"City Bank",39905,"2025-06-20 08:07:32",canceled
4694,2787006,09-729-0397-00,6BDm4eu7Xj,bKash,658,"2025-06-21 18:53:21",paid
4699,2773296,03-038-0070-00,7Y7zTwA1Z7,bKash,428,"2025-06-22 11:18:43",paid
4700,2840123,26-583-0002-01,AZeYEfX2Y5,bKash,2923,"2025-06-22 11:34:47",paid
4701,2849986,01-001-0024-0ক,BSgW9mysww,bKash,523,"2025-06-22 11:35:49",paid
4702,2814419,17-300-0197-00,9aIHIAsp8M,"City Bank",39905,"2025-06-22 11:36:02",paid
4711,2834802,25-558-0152-00,INA7BR1ILG,bKash,3422,"2025-06-23 09:18:07",paid
4712,2847635,31-723-0001-04,SH55t3tCfm,bKash,295,"2025-06-23 09:49:40",paid
4713,2835226,25-564-0010-01,PjdzovsWmi,bKash,13339,"2025-06-23 10:15:04",paid
4714,2771945,03-033-0027-06,cTzKabhInc,bKash,198,"2025-06-23 10:58:10",paid
4715,2839958,26-580-0003-00,uZhMcQYk6e,bKash,1918,"2025-06-23 11:36:32",paid
4718,2840133,26-583-0005-04,J2PFYZMRO9,bKash,1000,"2025-06-23 14:06:39",paid
4720,2840129,26-583-0005-00,0YffUDUtG1,bKash,3500,"2025-06-23 14:09:26",paid
4721,2840130,26-583-0005-01,6jIspQVHkT,bKash,1000,"2025-06-23 14:10:55",paid
4722,2795032,06-086-0184-03,4I4mN3qRt3,bKash,820,"2025-06-23 16:08:23",paid
4724,2798213,14-111-0019-00,dDHcYQlzUj,bKash,1425,"2025-06-23 22:20:25",paid
4727,2795031,06-086-0184-02,9xRefJqPUI,bKash,436,"2025-06-24 09:51:35",paid
4728,2833749,25-386-0062-04,YClW3qI5zw,bKash,24000,"2025-06-24 11:21:23",paid
4730,2824212,24-551-0022-03,T2WtpzIKlF,bKash,9944,"2025-06-24 12:13:53",paid
4732,2846808,13-241-0162-0ক,ZjLTDzp7aF,"UCB CARD",13529,"2025-06-24 20:28:25",paid
4734,2807691,21-816-0002-73/16,uD4SlJcAHK,bKash,400,"2025-06-24 22:51:01",paid
4737,2817511,18-360-0153-0A,cPDhgQM5al,"UCB CARD",39500,"2025-06-25 10:34:35",paid
4738,2833561,"25-385-0178-6 বি",De9mzok0Rv,bKash,3336,"2025-06-25 11:19:11",paid
4739,2837293,12-340-0075-00,99sfGJ9mIg,bKash,1360,"2025-06-25 11:55:49",paid
4740,2770737,03-007-0035-00,muISFE23n9,bKash,988,"2025-06-25 12:52:54",paid
4741,2850828,16-285-0081-00,6WkPAGEBMi,Nagad,78836,"2025-06-25 12:59:58",paid
4742,2849950,01-007-0175-12,uI3uiQJUln,bKash,1185,"2025-06-25 13:04:15",paid
4743,2848754,26-572-0043-00,2LVqUVXT7W,bKash,6050,"2025-06-25 14:04:47",paid
4744,2839309,26-572-0044-00,6OUfTtOOej,bKash,5850,"2025-06-25 14:06:43",paid
4746,2821592,24-488-0040-1A,94wDte09CW,bKash,1975,"2025-06-25 16:51:34",paid
4748,2774823,08-098-0725-00,ppCUJoK0Mx,bKash,771,"2025-06-25 22:23:22",paid
4749,2850211,29-443-0005-00,KnuoF1t4QW,"UCB CARD",44363,"2025-06-26 09:18:21",paid
4750,2850846,18-360-0153-00,ZMTLqcvnhE,"UCB CARD",60349,"2025-06-26 10:52:59",paid
4751,2834812,25-559-0042-00,CGcJZqF2bo,bKash,5206,"2025-06-26 10:56:00",paid
4753,2849734,17-311-0114-00,nahmxutstA,"UCB CARD",15000,"2025-06-26 12:08:49",paid
4755,2811194,27-585-0187-00,FzVIBKgLin,bKash,592,"2025-06-26 15:20:22",paid
4756,2811193,27-585-0186-00,Q3zO5Gz9JI,bKash,348,"2025-06-26 15:24:31",paid
4758,2784296,09-108-0137-A,TIIo6zNcNm,bKash,6913,"2025-06-26 17:34:06",paid
4761,2777770,01-012-0024-1A,zwPxn7nj3h,"UCB CARD",52288,"2025-06-26 20:40:11",paid
4762,2804096,19-415-0022-9B,IjMP5QU3UL,bKash,1304,"2025-06-26 21:10:20",paid
4765,2803730,19-402-0109-00,k9hKpXU1XX,"UCB CARD",2240,"2025-06-27 20:37:01",paid
4766,2837783,12-351-0015-00,dqPSmY7iBi,bKash,7719,"2025-06-28 01:40:30",paid
4767,2822151,24-506-0431-00,LAr1YST9g6,Nagad,9381,"2025-06-28 09:05:38",paid
4768,2820161,18-772-0107-00,6NEn7EVv3c,Nagad,10688,"2025-06-28 09:09:45",paid
4769,2820162,18-772-0108-00,9sLRmrOmgl,Nagad,23275,"2025-06-28 09:12:57",paid
4770,2799653,14-267-0171-00,F6L6aENv46,bKash,1560,"2025-06-28 10:34:28",paid
4772,2773325,03-038-0074-08,c3cm3EPIUF,bKash,198,"2025-06-28 12:47:29",paid
4773,2786827,09-729-0223-00,kM1BWIVIww,bKash,198,"2025-06-28 17:03:15",paid
4774,2796472,23-011-0097-00,2KaAJN8QZB,"UCB CARD",15600,"2025-06-28 17:12:47",canceled
4775,2796472,23-011-0097-00,3gcQokDTeB,bKash,15600,"2025-06-28 17:14:23",paid
4777,2784953,09-111-0277-0A,3XP3Mn1CVI,bKash,357,"2025-06-28 18:57:22",paid
4779,2810401,27-522-0066-0খ,FKgN78QnYY,bKash,8431,"2025-06-29 00:12:46",paid
4780,2835260,25-564-0028-02,JgezANZyN3,bKash,2141,"2025-06-29 10:10:31",paid
4781,2771372,03-029-0080-05,SxC50jVRKe,Nagad,888,"2025-06-29 10:36:33",paid
4782,2798438,14-111-0143-00,lJRtL6nKMs,bKash,198,"2025-06-29 11:19:14",paid
4784,2800986,14-841-0240-35,n4qv3uh0WL,bKash,18438,"2025-06-29 11:44:46",paid
4786,2851013,10-173-0058-00,g3OZ99lvgp,"UCB CARD",26831,"2025-06-29 12:28:06",paid
4788,2814147,17-290-0413-2এ,xrDD7ePEBr,"UCB CARD",5750,"2025-06-29 12:56:13",paid
4790,2776943,01-008-0021-01,EQ1YdtkQgt,bKash,6616,"2025-06-29 13:19:45",paid
4793,2834033,25-407-0019-01,q4RpQPt7UY,bKash,3950,"2025-06-29 15:08:51",paid
4795,2801932,29-643-0030-04,V7euPqlWvz,bKash,44438,"2025-06-29 15:54:30",paid
4801,2817769,18-368-0007-06,c4UGGP9pCU,bKash,625,"2025-06-29 20:08:48",paid
4802,2795029,06-086-0184-00,YOfELIYuHp,bKash,428,"2025-06-29 21:41:49",paid
4804,2786382,09-289-00এন-76,vanbZWNQZb,Nagad,8492,"2025-06-29 22:35:29",paid
4805,2814148,17-290-0413-2বি,y8FD6Luyi9,"UCB CARD",5750,"2025-06-29 22:40:46",paid
4806,2818557,18-377-0020-06,2bS3pukvs9,bKash,606,"2025-06-30 00:52:02",paid
4807,2784297,09-108-0138-00,SzIcqnQHhT,bKash,22713,"2025-06-30 06:45:40",paid
4808,2814546,17-304-0024-0ক,GzOHEVLmyk,"UCB CARD",9875,"2025-06-30 08:21:34",paid
4809,2830707,16-822-0044-65খ,HvmpoZs1uo,Nagad,3393,"2025-06-30 09:13:00",paid
4811,2851377,24-526-0014-01,6V6CEy9uO0,bKash,4931,"2025-06-30 10:40:44",paid
4812,2819480,18-386-0162-01,MdMffceOnE,bKash,2992,"2025-06-30 11:11:12",paid
4813,2783989,09-108-0023-01,MxMbMwlyNn,bKash,198,"2025-06-30 11:36:06",paid
4814,2830208,16-287-0087-01,vavKmz3anF,bKash,428,"2025-06-30 11:39:59",paid
4815,2773013,03-037-0044-14,K1ahWheJFz,bKash,798,"2025-06-30 11:55:56",paid
4816,2790657,10-160-0031-34,0C4gjYRUdJ,bKash,428,"2025-06-30 11:58:16",paid
4817,2832127,28-632-0003-01,dU0PwSfCHA,bKash,3368,"2025-06-30 12:06:45",paid
4818,2776824,01-007-0180-00,AhhzgJMlWk,bKash,3616,"2025-06-30 12:29:44",paid
4819,2835329,25-565-0014-03,ibgwg7sgJv,bKash,3254,"2025-06-30 12:37:57",paid
4820,2848971,25-386-0052-00,CGSqoNdPME,bKash,15289,"2025-06-30 13:44:08",paid
4821,2818823,18-380-0021-01,JoxTWSTyJj,bKash,5472,"2025-06-30 13:54:15",paid
4825,2774575,02-026-0241-00,w1YCaXLYK5,bKash,7600,"2025-06-30 15:51:40",paid
4828,2785592,09-114-0040-03,DGdzJTHxcU,bKash,1264,"2025-06-30 15:53:06",paid
4830,2851639,28-617-0008-2ই,77c7sGXlHv,bKash,4148,"2025-06-30 16:00:17",paid
4831,2822936,24-528-0145-1ক,CPIr5LhhRI,bKash,3200,"2025-06-30 16:53:15",paid
4834,2801874,29-643-0001-00,vZnTcQ6XE0,bKash,6446,"2025-06-30 17:14:17",paid
4835,2851601,18-322-0066-21,oWFm0yzyn6,bKash,998,"2025-06-30 17:36:35",paid
4837,2832266,28-633-0061-01,g9JuY5dfl8,bKash,511,"2025-06-30 18:50:34",paid
4838,2832269,28-633-0061-1A,TaryYMDc1j,bKash,773,"2025-06-30 18:54:06",paid
4839,2774795,08-098-0697-00,WVa19ByXUb,bKash,323,"2025-06-30 22:21:59",paid
4840,2852013,31-723-0001-04,Bwe8BE4InR,bKash,487,"2025-07-01 14:57:04",paid
4841,2852496,25-553-0009-02,ondDIwF5VK,bKash,634,"2025-07-08 12:39:38",paid
4842,2852328,31-692-0017-18/ঙ,7D8nKZpTJ4,bKash,1180,"2025-07-09 10:16:54",paid
4848,2853496,18-374-0022-01,TX3GK6qKqF,"City Bank",27790,"2025-07-14 13:24:00",paid
4849,2853348,17-286-0010-2খ,eRCIenrv4e,bKash,14600,"2025-07-14 21:13:58",paid
4851,2853676,24-516-0024-00,kykEchjNFv,"UCB CARD",20000,"2025-07-16 12:01:57",paid
4853,2852976,17-307-0011-02,AIujftSlRw,Nagad,900,"2025-07-17 10:02:59",paid
4856,2853170,15-276-0019-00,nGIGa51j2U,bKash,2592,"2025-07-19 14:13:18",paid
4858,2915854,15-241-0038-01,FVRaI9NTxT,bKash,1350,"2025-07-23 11:39:14",paid
4859,2930753,30-687-0038-01,bkE4IzQEm9,bKash,2296,"2025-07-23 12:17:03",paid
4864,2890633,14-091-0030-00,bJArWA4a1f,bKash,2502,"2025-07-24 15:49:05",paid
4865,2899624,24-408-0017-4ডি,RxhpTuSx7M,Nagad,4680,"2025-07-24 18:47:55",paid
4866,2899623,24-408-0017-4এ,uEyQ2FCmOo,Nagad,6750,"2025-07-24 19:31:22",paid
4868,2868937,20-390-0362-00,0wO4gosCmt,"UCB CARD",43830,"2025-07-25 11:20:26",paid
4872,2920243,25-385-0014-02,t3Xaq61sfp,bKash,2993,"2025-07-27 12:40:05",paid
4873,2916913,16-267-0017-00,63Cc1P5mvQ,bKash,180,"2025-07-27 13:58:57",paid
4874,2920470,25-385-0152-04,PqVxUyR0N9,Nagad,180,"2025-07-27 18:53:26",paid
4875,2920570,25-385-0210-00,dOsazVMkWe,bKash,180,"2025-07-27 19:32:26",paid
4877,2931675,31-714-0064-1/ঙ,lJSPSfaMog,bKash,870,"2025-07-27 21:18:27",paid
4879,2884087,10-148-0026-00,orpx02gGMz,Nagad,73800,"2025-07-27 23:23:52",canceled
4880,2903711,26-560-0012-00,dYgdUFFHPX,bKash,813,"2025-07-28 10:19:01",paid
4882,2920258,25-385-0051-00,j19uQVNyHB,bKash,450,"2025-07-28 10:55:48",paid
4883,2903705,26-560-0010-01,eIjP2BZBi0,bKash,198,"2025-07-28 13:08:05",paid
4884,2883833,10-131-0038-00,vD25IwCn1y,DBBL,536,"2025-07-28 15:17:39",paid
4886,2883836,10-131-0038-07,44IFugQL0F,DBBL,6300,"2025-07-28 15:26:21",paid
4887,2883776,10-129-0019-00,dlgKWTF0G2,DBBL,1895,"2025-07-28 15:27:30",paid
4888,2854398,23-011-0122-00,7kpPK2KSrG,bKash,288,"2025-07-28 16:21:25",paid
4890,2896138,18-322-0086-18,qmDdmpiXgI,bKash,567,"2025-07-28 18:39:16",paid
4891,2931782,31-714-0046-1/চ,ZXyxKRNu6v,bKash,257,"2025-07-28 18:51:51",paid
4893,2903330,26-385-0026-01,aG9PmEsSuv,bKash,6228,"2025-07-28 22:12:21",paid
4894,2890784,14-111-0034-00,u8Uv9g8O4X,bKash,180,"2025-07-29 10:11:52",paid
4895,2903800,26-562-0110-03,m9mNMLuOBT,bKash,4869,"2025-07-29 11:26:01",paid
4896,2899798,24-477-0138-2এক্স,TO8cuUHmDv,bKash,585,"2025-07-29 14:06:27",paid
4897,2896289,18-322-0115-53,rUONKlRNSL,bKash,25200,"2025-07-29 14:46:12",paid
4898,2882066,05-070-0001-01,0TwBpiVsLM,bKash,1437,"2025-07-29 15:09:55",paid
4903,2900005,24-479-0171-00,3nxWsF7OlD,DBBL,216,"2025-07-30 10:56:50",paid
4904,2932007,01-004-0035-00,zvQVxkP2ze,bKash,180,"2025-07-30 12:52:28",paid
4905,2896288,18-322-0115-52,MAOHz1XQvN,bKash,241,"2025-07-30 14:09:03",paid
4907,2923252,28-624-0024-07,BOCNL3lrdP,bKash,254,"2025-07-30 21:34:06",paid
4909,2920286,25-385-0059-01,T03fImWsTf,bKash,180,"2025-07-31 11:24:19",paid
4912,2874109,09-108-0130-04,X4ZSLcBgde,bKash,5904,"2025-07-31 13:24:57",paid
4916,2923432,28-627-0010-00,8OW9PoOEiy,bKash,1683,"2025-07-31 20:26:13",paid
4917,2923402,28-627-0003-09,jH5M0rqGfj,bKash,197,"2025-07-31 20:32:41",paid
4920,2923385,28-625-0049-00,x9Y3EKy380,bKash,180,"2025-08-01 11:31:59",paid
4923,2888967,27-592-0026-2ক,zbSJ1rxjNI,bKash,48,"2025-08-01 21:32:34",paid
4924,2920404,25-385-0114-00,xOD2jbbuOu,bKash,395,"2025-08-02 08:22:48",paid
4926,2899776,24-477-0138-01,UuBRR7MzXE,bKash,979,"2025-08-02 11:30:36",paid
4927,2923420,28-627-0007-08,IZEjjdQ7uq,bKash,2160,"2025-08-02 11:47:49",paid
4928,2854839,23-463-0064-3/1C,c9gRQ6uCEH,bKash,1800,"2025-08-02 11:57:19",paid
4930,2916930,16-267-0023-1গ,2AQ8YbYhoJ,bKash,1800,"2025-08-02 19:19:05",paid
4931,2878760,17-289-0026-00,nXDuHIEccc,bKash,383,"2025-08-02 22:24:33",paid
4933,2889215,27-595-0047-00,Zt4Lk2yv5y,bKash,4771,"2025-08-03 06:30:04",paid
4935,2896224,18-322-0115-07,QCITzRaE52,bKash,4038,"2025-08-03 09:09:41",paid
4936,2905773,30-639-0027-00,i8pqRq8f68,"UCB CARD",18000,"2025-08-03 09:11:06",paid
4937,2854854,23-463-0064-8এ,hZLynnIghy,bKash,1800,"2025-08-03 10:26:29",paid
4939,2903450,26-390-0262-03,WRGJWe2BnE,DBBL,12600,"2025-08-03 12:53:26",paid
4940,2913030,11-235-0017-00,k3VjnBRfP2,bKash,382,"2025-08-03 14:02:02",paid
4942,2917188,16-267-0105-00,dF14vvmx0o,DBBL,320,"2025-08-03 15:32:44",paid
4943,2923394,28-627-0001-1A,Y3bHLAycJU,bKash,995,"2025-08-03 18:21:41",paid
4949,2889341,27-598-0017-07,ChI6dTe0cc,bKash,3240,"2025-08-04 11:22:36",paid
4950,2913042,11-235-0029-00,wSskwLwrbS,bKash,450,"2025-08-04 12:08:48",paid
4951,2891486,14-246-0094-01,1cgCDaeGCj,bKash,360,"2025-08-04 12:39:48",paid
4953,2870477,03-007-0052-00,x7iR7iQTgi,bKash,948,"2025-08-04 14:49:55",paid
4954,2870475,03-007-0051-01,XLIP18e9G8,bKash,180,"2025-08-04 15:00:41",paid
4955,2870462,03-007-0044-00,zznSP8L2T2,bKash,216,"2025-08-04 15:05:48",paid
4956,2858388,21-427-0009-00,2tLRicLsWV,bKash,1008,"2025-08-04 15:06:50",paid
4958,2932244,01-011-0569-1ক,3gWv8IPpkF,bKash,3300,"2025-08-04 16:25:56",paid
4959,2878808,17-289-0031-15,cj1P7j149j,bKash,3896,"2025-08-04 20:13:17",paid
4960,2904355,26-572-0040-00,qwe1ULHURo,bKash,1440,"2025-08-04 20:44:43",paid
4961,2908921,01-002-0077-00,xuKFvgJ8iq,bKash,180,"2025-08-04 20:53:43",paid
4962,2914870,12-344-0021-00,VzJknNJOgd,bKash,2782,"2025-08-04 23:09:52",paid
4963,2914464,12-339-0029-00,kME3wnuNAm,bKash,3780,"2025-08-05 08:30:52",paid
4965,2879116,17-294-0409-6B,Lrg7RylECp,bKash,1800,"2025-08-05 10:21:42",paid
4966,2903599,26-555-0035-02,JItZRnqljO,bKash,228,"2025-08-05 11:07:13",paid
4967,2906282,30-667-0074-02,Yp4yx22n8l,bKash,180,"2025-08-05 12:49:34",paid
4968,2897409,18-375-0058-0A,mVI7R4YlIX,bKash,360,"2025-08-05 14:13:45",paid
4970,2891646,14-247-0054-00,MXno1bRsda,"UCB CARD",261,"2025-08-05 15:08:23",paid
4971,2886810,19-396-0018-00,LYdEVfN9aN,bKash,477,"2025-08-05 16:45:05",paid
4975,2917287,16-267-0148-13,5EpQSf6oSv,bKash,180,"2025-08-05 18:55:45",paid
4977,2913044,11-235-0029-02,iMtKV4ztm2,bKash,900,"2025-08-05 19:43:23",paid
4978,2855111,23-466-0080-05,tw0bAhAwpv,bKash,900,"2025-08-05 19:52:04",paid
4979,2894295,22-452-0033-05,7jCFUHJGHT,"Al Arafah Wallet",21600,"2025-08-06 06:31:16",canceled
4980,2923431,28-627-0009-00,AkyrAAdl1f,bKash,310,"2025-08-06 07:36:33",paid
4981,2870446,03-007-0041-00,rXoLQnhxxY,bKash,180,"2025-08-06 10:16:41",paid
4982,2879077,17-294-0301-00,5Ih1ECg8bu,bKash,1043,"2025-08-06 11:32:08",paid
4983,2869682,20-412-0001-00,odyc05vcpG,bKash,461,"2025-08-06 11:43:11",paid
4985,2870467,03-007-0045-01,UcgkarN8qw,Nagad,180,"2025-08-06 12:14:07",paid
4988,2890994,14-111-0159-00,kSALw0Jr3D,bKash,180,"2025-08-06 13:22:50",paid
4990,2917304,16-267-0148-2খ,vlAmywvgyw,bKash,1266,"2025-08-06 13:44:45",paid
4991,2896615,18-365-0008-44,HGK1B1SgPM,"UCB CARD",52740,"2025-08-06 14:25:41",paid
4992,2896616,18-365-0008-44এ,dYb280NTI6,"UCB CARD",4500,"2025-08-06 14:41:06",paid
4994,2906711,30-673-0019-02,yYe9eDyOH9,bKash,180,"2025-08-06 16:06:38",paid
4995,2855112,23-466-0080-06,lGGMkvBpNP,bKash,2340,"2025-08-06 18:13:17",paid
4996,2882467,05-077-0014-01,AH9Uz0k5xv,bKash,1514,"2025-08-06 18:45:57",paid
4997,2899721,24-477-0133-00,KsPoK81Yk3,bKash,2511,"2025-08-06 19:35:27",paid
4999,2869859,20-415-0066-3বি,CRf4xXLHHJ,bKash,8708,"2025-08-06 20:20:50",paid
5000,2920604,25-385-0225-00,QAGiwiaZxG,bKash,900,"2025-08-06 20:36:39",paid
5001,2878180,17-283-0037-00,1Xf28GPbP8,bKash,360,"2025-08-06 20:59:44",paid
5007,2904324,26-572-0023-02,zaZauCHNv0,DBBL,4164,"2025-08-06 21:38:45",paid
5008,2900081,24-479-0177-00,tQWCbBLHO2,IBBL,1120,"2025-08-06 23:26:53",paid
5009,2870141,20-421-0355-00,4H9CY4TXT3,"UCB CARD",1605,"2025-08-07 00:43:09",paid
5012,2917627,16-267-0271-3ঙ,6lw8NSDdYv,"UCB CARD",7200,"2025-08-07 10:10:35",paid
5014,2906805,30-674-0025-04,ma0a8tkbZh,DBBL,180,"2025-08-07 11:50:46",paid
5015,2897297,18-375-0023-00,cSZxMu6zw6,bKash,1080,"2025-08-07 12:26:18",paid
5016,2897330,18-375-0033-01,nJQ0dQczyZ,bKash,3150,"2025-08-07 12:31:02",paid
5017,2888384,27-585-0082-3ক,m0nJB1ugCE,bKash,675,"2025-08-07 13:02:46",paid
5018,2918470,16-284-0034-01,CRo9n0JXin,bKash,180,"2025-08-07 14:30:10",paid
5019,2900718,"24-496-0210-5 এ",m4RtkElOfI,bKash,4500,"2025-08-07 16:00:37",paid
5026,2913045,11-235-0029-03,teDcP9kmeI,bKash,900,"2025-08-08 06:07:39",paid
5027,2913043,11-235-0029-01,iRksnZOkgR,bKash,900,"2025-08-08 06:16:27",paid
5028,2913046,11-235-0029-04,ZLuBq2jXW6,bKash,900,"2025-08-08 06:36:59",paid
5029,2896761,18-368-0014-01,Kd9QqeeVUd,IBBL,3118,"2025-08-08 09:01:23",paid
5034,2901203,24-509-0013-07,SRw2ZKRHcq,bKash,576,"2025-08-08 14:26:52",paid
5036,2904365,26-572-0048-00,VLfF6DBf6m,bKash,180,"2025-08-08 19:15:59",paid
5037,2918102,16-283-0121-00,Z2L7544N5b,bKash,180,"2025-08-08 19:42:34",paid
5038,2891393,14-246-0035-06,sJC95rjYqD,bKash,700,"2025-08-08 21:29:50",paid
5039,2914218,12-331-0018-00,xHORjsg4Zi,bKash,2160,"2025-08-09 10:29:55",paid
5040,2891908,14-252-0170-00,XomIhZDGi4,"UCB CARD",9000,"2025-08-09 11:17:30",paid
5042,2897933,18-380-0033-04,zYSYVsFAzW,UPAY_MFS,216,"2025-08-09 12:09:44",canceled
5043,2918578,16-285-0009-5চ,NsRndkgrEq,bKash,601,"2025-08-09 12:46:31",paid
5044,2918651,16-285-0036-00,Yyr6TzCYZ4,bKash,930,"2025-08-09 13:47:21",paid
5045,2881014,17-317-0002-00,cgdFhA7LHr,bKash,46181,"2025-08-09 15:16:26",paid
5050,2900886,24-501-0304-8এ,2BHc62x2tZ,bKash,6480,"2025-08-10 08:08:42",paid
5053,2904430,26-572-0084-00,kiFxUdsWvk,DBBL,720,"2025-08-10 10:15:48",paid
5054,2897445,18-375-0082-00,uGBO4LeZkA,bKash,1328,"2025-08-10 11:09:31",paid
5055,2904210,26-570-0180-08,FuMDQdkawj,bKash,180,"2025-08-10 11:10:00",paid
5056,2873771,09-108-0008-2ক,iRCU5wY8Ru,bKash,180,"2025-08-10 12:25:51",paid
5058,2895705,22-461-0001-0খ,iL1Y8vMfkK,bKash,2886,"2025-08-10 15:43:58",paid
5059,2901149,24-506-0485-00,0aebwXNS0B,"UCB CARD",3780,"2025-08-10 17:25:54",paid
5060,2874107,09-108-0130-02,6Vjv2E9qtw,Nagad,180,"2025-08-10 18:02:02",paid
5061,2898081,18-381-0021-01,T8kODjbubA,bKash,1509,"2025-08-10 18:37:37",paid
5063,2873306,09-011-0273-00,jc3Gj8ZLjP,bKash,2994,"2025-08-10 18:45:28",paid
5064,2858399,21-427-0020-00,dbXiW8ljyE,bKash,360,"2025-08-10 19:49:33",paid
5065,2894423,22-454-0009-0B,01HJsE7nzh,bKash,360,"2025-08-10 20:05:50",paid
5067,2901193,24-507-0484-7A,RMIaqOqutd,bKash,7767,"2025-08-10 21:24:39",paid
5068,2891734,14-248-0011-09,bkwuCZeo2K,bKash,1120,"2025-08-10 21:33:23",paid
5069,2923634,28-632-0018-00,7zBdWCCYEn,bKash,576,"2025-08-10 21:44:05",paid
5071,2920446,25-385-0137-00,iXN5beQ491,bKash,3078,"2025-08-11 10:14:59",paid
5072,2921086,25-552-0028-02,g0lX9HpHtp,bKash,468,"2025-08-11 10:29:15",paid
5074,2870402,03-007-0021-0A,9A4fNnrfdB,bKash,360,"2025-08-11 11:04:07",paid
5075,2870401,03-007-0021-01,zb2y5rBp0L,bKash,226,"2025-08-11 11:06:19",paid
5078,2923733,28-633-0048-00,2Z5zh5pm1x,Nagad,255,"2025-08-11 12:22:43",paid
5079,2907036,30-678-0004-00,f8hW6rxnlp,bKash,228,"2025-08-11 12:29:32",paid
5080,2897152,18-373-0027-00,XqkCZG82cY,bKash,328,"2025-08-11 12:45:06",paid
5081,2874916,09-111-0327-00,LDtbBrHOxV,bKash,180,"2025-08-11 12:58:31",paid
5082,2901736,24-522-0075-00,Bxfta3sbaC,bKash,11700,"2025-08-11 12:58:47",paid
5083,2880906,17-312-0095-7বি+সি,1TxGp6FFat,bKash,8627,"2025-08-11 13:00:35",paid
5084,2888579,27-585-0153-00,FguLgUYvsJ,"UCB CARD",645,"2025-08-11 13:04:04",paid
5085,2888582,27-585-0154-00,A3zyVPud5Q,"UCB CARD",1587,"2025-08-11 13:07:14",paid
5086,2891822,14-248-0037-01,DiK7u7f6xn,bKash,306,"2025-08-11 13:19:18",paid
5087,2891402,14-246-0038-00,JA3IAVlwCa,bKash,180,"2025-08-11 13:22:49",paid
5088,2881179,17-320-0030-00,kUocRuja4l,DBBL,180,"2025-08-11 13:25:18",paid
5089,2888148,27-538-0082-13গ,qyaw9Yhhrn,"UCB CARD",1845,"2025-08-11 13:41:45",canceled
5093,2880935,17-313-0095-6সি,dgQGXnF0bt,bKash,11700,"2025-08-11 15:51:15",paid
5097,2901861,24-526-0013-00,wUyzWMHsfn,bKash,2970,"2025-08-11 16:44:18",paid
5098,2900952,24-502-0325-00,w1lYKDzNTT,bKash,12600,"2025-08-11 16:49:20",paid
5100,2898168,18-384-0002-00,bVFLR281mu,bKash,180,"2025-08-11 19:51:30",paid
5101,2888474,27-585-0106-2ক,NkQ1cvud3u,bKash,180,"2025-08-11 19:54:00",paid
5102,2924121,28-638-0004-02,G8tcSaJUs7,bKash,558,"2025-08-11 20:48:43",paid
5103,2904333,26-572-0028-00,Ezv8v12prw,bKash,180,"2025-08-11 20:52:50",paid
5105,2883911,10-134-0042-00,7nI7ErMiVA,bKash,3240,"2025-08-11 21:54:18",paid
5106,2881177,17-320-0028-00,4P8Oz31nHV,DBBL,180,"2025-08-11 23:27:04",paid
5108,2898466,18-386-0166-00,o7w6SFfYg8,bKash,3600,"2025-08-12 01:27:59",paid
5110,2901188,24-507-0484-5B,fS95EeDx56,bKash,7767,"2025-08-12 09:44:56",paid
5111,2920309,25-385-0063-17,jrUTyl7mcx,bKash,180,"2025-08-12 10:20:50",paid
5112,2921223,25-552-0081-01,kWZxpSwU0w,bKash,180,"2025-08-12 10:54:20",paid
5114,2898365,18-386-0133-00,ioE4kXpCc5,bKash,180,"2025-08-12 12:22:39",paid
5115,2901463,24-516-0082-0চ,XetozRNYWm,bKash,180,"2025-08-12 13:49:47",paid
5118,2889646,27-600-0033-05,SgSinxRrMG,bKash,180,"2025-08-12 19:46:38",paid
5119,2886691,19-395-0040-00,DpwsDJhd4d,bKash,2700,"2025-08-12 20:43:50",paid
5121,2883811,10-131-0014-00,5w4rGSaedP,DBBL,4146,"2025-08-12 21:13:57",paid
5122,2888379,27-585-0082-01,H98vWSI0WH,bKash,1800,"2025-08-12 21:16:44",paid
5123,2873272,09-011-0244-00,1yRZlI56Tn,bKash,3164,"2025-08-12 22:05:26",paid
5125,2915216,12-351-0060-00,3xvY0Ayb9x,bKash,180,"2025-08-12 23:28:28",paid
5127,2880931,17-313-0095-5এ,IgBxan1cJw,bKash,5400,"2025-08-12 23:53:26",paid
5128,2898456,18-386-0162-02,PbdfHPRTek,bKash,180,"2025-08-13 11:30:19",paid
5129,2897697,18-379-0022-00,eRDqkqSBj8,bKash,9900,"2025-08-13 11:57:34",paid
5131,2897934,18-380-0033-05,4T64pkcM5a,bKash,293,"2025-08-13 13:41:48",paid
5133,2881132,17-320-0005-01,8C0miR7PIR,bKash,243,"2025-08-13 13:59:44",paid
5135,2906536,30-670-0006-05,wxfLcdSUdo,bKash,180,"2025-08-13 16:20:40",paid
5136,2885978,10-214-0069-00,1XRsFIqYFw,Nagad,262,"2025-08-13 16:36:00",paid
5138,2921337,25-554-0010-00,cLQrZYgGiP,bKash,180,"2025-08-13 17:37:18",paid
5140,2878385,17-286-0021-12এ,b9Cpggre3u,bKash,1307,"2025-08-13 18:01:02",paid
5141,2907476,30-679-0127-00,yyJj7nIvm3,Nagad,238,"2025-08-13 18:07:02",canceled
5145,2904403,26-572-0071-00,fkM7bzB2Wi,DBBL,1800,"2025-08-13 19:23:07",paid
5146,2890258,27-610-0060-00,GgrjTfNILL,bKash,720,"2025-08-13 19:41:03",paid
5147,2888380,27-585-0082-02,EDOP6smIwB,bKash,2160,"2025-08-13 21:06:34",paid
5148,2902104,24-538-0118-00,drY2cCJ8fX,bKash,720,"2025-08-13 21:17:09",paid
5151,2883205,05-080-0015-00,qHpfoQkW7z,bKash,2448,"2025-08-13 22:20:06",paid
5153,2907758,30-681-0005-07,NUQn41zEry,bKash,1723,"2025-08-13 22:26:06",paid
5154,2883451,05-084-0002-0ক,mYCYRAvuo6,bKash,360,"2025-08-13 22:26:43",paid
5156,2921482,25-555-0023-34,Fct8Y22n3J,bKash,180,"2025-08-13 22:28:39",paid
5157,2890475,27-613-0033-00,jfrjMchGdH,bKash,389,"2025-08-13 22:51:05",paid
5159,2901857,24-525-0009-00,RIzcYNribu,"UCB CARD",338,"2025-08-14 00:04:50",paid
5160,2907476,30-679-0127-00,1lzyRLzxwD,Nagad,238,"2025-08-14 06:22:49",canceled
5161,2907476,30-679-0127-00,LBbNhr5A9y,bKash,238,"2025-08-14 06:28:51",paid
5162,2882853,05-077-0286-02,APBoknqiNd,bKash,27301,"2025-08-14 11:00:00",paid
5163,2882403,05-074-0156-01,xk5lKVTJTn,bKash,720,"2025-08-14 11:02:04",paid
5165,2874676,09-110-0210-04,D8qn3O8BnJ,"UCB CARD",694,"2025-08-14 11:27:12",canceled
5167,2874676,09-110-0210-04,lCsuH6WSSj,"UCB CARD",694,"2025-08-14 11:35:27",paid
5168,2864246,07-107-0062-02,yIIdJR70RP,bKash,495,"2025-08-14 12:09:24",paid
5169,2922723,28-617-0019-01,LcXepiHO4B,bKash,10213,"2025-08-14 12:47:41",paid
5170,2897718,18-380-0003-0ক,hLwUiXmh6l,Nagad,270,"2025-08-14 13:13:14",paid
5173,2915444,12-356-0057-00,UtkDi4w2Cu,bKash,273,"2025-08-14 13:50:15",paid
5174,2897719,18-380-0003-3খ,24AG43cByu,Nagad,360,"2025-08-14 13:51:04",canceled
5175,2897719,18-380-0003-3খ,F2ASuzPocS,Nagad,360,"2025-08-14 14:07:50",failed
5176,2897719,18-380-0003-3খ,0JvgymTNN3,Nagad,360,"2025-08-14 14:10:32",failed
5177,2897719,18-380-0003-3খ,18j1klmsrA,Nagad,360,"2025-08-14 14:11:59",paid
5180,2933036,24-510-0458-5বি,m54qMUsyV6,bKash,16200,"2025-08-14 16:25:02",paid
5181,2933037,24-510-0458-3এ,4tMvSzovtY,bKash,16200,"2025-08-14 16:29:39",paid
5182,2915569,12-357-0083-00,oy2zFCmkwN,bKash,180,"2025-08-14 18:27:13",paid
5183,2893207,14-270-0021-14,6WOEIhvtaz,bKash,180,"2025-08-14 18:55:44",paid
5186,2893190,14-270-0017-00,KfNP5DMQZq,bKash,180,"2025-08-14 22:02:59",paid
5189,2892041,14-260-0136-04,ULFRIkHz9U,bKash,666,"2025-08-15 09:41:35",paid
5192,2892039,14-260-0136-02,rhMHxqH0ex,bKash,477,"2025-08-15 11:17:59",paid
5194,2854465,23-421-0012-6খ,oA5Z1JNwHS,Nagad,6480,"2025-08-15 14:10:14",paid
5200,2923935,28-634-0013-01,UQBVtlgiCR,bKash,180,"2025-08-15 14:42:42",paid
5202,2874848,09-111-0302-04,RfnolcWiRw,bKash,1404,"2025-08-15 19:11:12",paid
5203,2917235,16-267-0128-00,WmC0PXFy0w,bKash,180,"2025-08-15 19:30:34",paid
5205,2875612,09-115-0025-01,BNOG8iCaL7,bKash,180,"2025-08-15 19:59:59",paid
5207,2878482,17-286-0038-4ক,cqfd9VSi5S,bKash,1100,"2025-08-15 23:19:47",paid
5209,2891307,14-245-0018-00,AWhaA8LqlS,Nagad,540,"2025-08-16 00:13:17",failed
5210,2874516,09-110-0057-2(A+B),Vhb4klG3YN,"UCB CARD",22347,"2025-08-16 10:16:33",canceled
5211,2874516,09-110-0057-2(A+B),kARiQzEc7R,DBBL,22347,"2025-08-16 10:22:33",paid
5217,2874520,09-110-0057-4B,rxsmrGT1jW,DBBL,7582,"2025-08-16 11:19:46",paid
5218,2892541,14-267-0437-05,PK5cjgbEoB,bKash,360,"2025-08-16 11:24:25",paid
5219,2874924,09-111-0329-03,Nh2KVqvh0v,bKash,1823,"2025-08-16 11:25:45",paid
5220,2874517,09-110-0057-3A,cMK3wS6yNy,DBBL,24480,"2025-08-16 11:26:11",paid
5221,2901392,24-515-0007-20,f0WTXjGG2N,bKash,180,"2025-08-16 11:30:15",paid
5222,2907631,30-679-0191-02,owEiUigdyD,bKash,9000,"2025-08-16 13:16:51",paid
5223,2908217,30-685-0036-00,dbreR4f3EK,Nagad,10800,"2025-08-16 14:04:26",paid
5224,2923650,28-633-0001-01,Gf9EXUrHlM,bKash,356,"2025-08-16 22:58:15",paid
5226,2917403,16-267-0155-45,ueU1uAtktj,bKash,180,"2025-08-17 11:14:53",paid
5228,2867067,29-085-0009-1/4,at2UskrTUO,bKash,1800,"2025-08-17 11:32:09",paid
5230,2903906,26-570-0040-04,JIuWbEu9ow,bKash,180,"2025-08-17 11:49:08",paid
5231,2886352,19-390-0328-6সি,FHuFuUQGfp,bKash,6871,"2025-08-17 12:01:28",paid
5232,2915533,12-357-0047-00,cO4HOl8XNC,bKash,611,"2025-08-17 12:07:13",paid
5233,2898193,18-385-0234-00,V0lMbA8gq8,bKash,1296,"2025-08-17 12:09:23",paid
5235,2867197,29-421-0079-2/8/এ,6p1awHlSxY,"UCB CARD",7272,"2025-08-17 12:11:38",paid
5236,2892595,14-267-0454-01,ZJqzH9NxM6,bKash,180,"2025-08-17 12:11:43",paid
5237,2888182,27-538-0082-6A,CnrSPvznjq,bKash,5706,"2025-08-17 12:14:01",paid
5238,2905727,30-639-0001-03,uvC9ddEa2t,bKash,180,"2025-08-17 12:27:45",paid
5239,2905728,30-639-0001-04,ws4lYEaYDl,bKash,180,"2025-08-17 12:31:50",paid
5240,2904498,26-573-0020-02,6yAO27go4G,bKash,180,"2025-08-17 12:38:50",paid
5243,2889380,27-598-0017-29/ক,uu9AVaPSfq,DBBL,180,"2025-08-17 13:40:25",paid
5244,2898289,18-386-0102-00,1CnjlInS7T,bKash,180,"2025-08-17 13:47:24",paid
5247,2890805,14-111-0052-00,1a5TZPW1In,bKash,500,"2025-08-17 17:51:05",paid
5248,2890205,27-609-0106-00,cPMKj7AjdI,"UCB CARD",2983,"2025-08-17 19:55:27",paid
5249,2880529,17-311-0029-4গ,yOtcguAl9R,bKash,180,"2025-08-17 20:38:28",paid
5251,2915589,12-732-0016-00,3b52Ohg4G2,bKash,180,"2025-08-17 21:30:11",paid
5252,2875784,09-116-0374-00,IUBzUa0anI,bKash,12240,"2025-08-17 21:34:17",paid
5253,2875785,09-116-0374-01,9JaFajvep5,bKash,8046,"2025-08-17 21:40:46",paid
5255,2886341,19-390-0328-3এ,uKgLPqtj9X,bKash,6871,"2025-08-17 22:17:42",paid
5257,2897914,"18-380-0030-7 ডি",j10E3wb88R,bKash,2250,"2025-08-17 22:22:03",paid
5258,2892504,14-267-0419-00,OwOyYjFiKP,bKash,180,"2025-08-17 22:29:24",paid
5261,2908259,30-686-0018-03,nbrnXK732A,bKash,180,"2025-08-17 23:10:22",paid
5263,2890518,27-614-0010-1ক,hO41tIlIv6,bKash,25200,"2025-08-18 08:36:01",paid
5264,2905144,26-582-0007-03,mg9POENDMO,bKash,180,"2025-08-18 10:02:41",paid
5266,2902534,24-544-0025-00,AOisaCyggV,"UCB CARD",12600,"2025-08-18 10:15:12",paid
5268,2907091,30-678-0024-01,x3bQlxBmBq,bKash,252,"2025-08-18 14:04:35",paid
5269,2908441,30-687-0022-00,0W2UgKJIqe,bKash,900,"2025-08-18 15:14:54",paid
5271,2917936,16-280-0045-00,7CaDlGhaVF,bKash,2520,"2025-08-18 16:42:47",paid
5272,2878783,17-289-0030-00,Dc4a2bqxdi,bKash,287,"2025-08-18 19:34:04",paid
5273,2905688,30-421-0244-03,ZuLQyiSNRV,bKash,180,"2025-08-18 19:47:25",paid
5274,2901672,24-520-0018-00,cSBAbT89yQ,bKash,565,"2025-08-18 19:51:45",paid
5275,2919559,16-288-0050-01,9aWPKc9iFZ,Nagad,180,"2025-08-18 20:27:12",paid
5276,2887456,19-406-0033-00,Mpi7jTe77W,bKash,5783,"2025-08-18 20:32:06",paid
5278,2889436,27-598-0020-18ড,FECLo8mDt5,Nagad,4307,"2025-08-18 22:55:29",canceled
5279,2889436,27-598-0020-18ড,BSzTfTHVAa,bKash,4307,"2025-08-18 23:00:40",paid
5280,2917343,16-267-0152-20খ,xInQXE3LF2,bKash,427,"2025-08-18 23:02:12",paid
5281,2923762,28-633-0064-00,ITT610jHah,bKash,1800,"2025-08-19 00:10:21",paid
5282,2923736,28-633-0050-00,8crDSApabm,bKash,1045,"2025-08-19 00:31:15",paid
5283,2907698,30-679-0225-00,BbrObxcFZs,bKash,674,"2025-08-19 02:56:01",paid
5284,2880134,17-311-0011-0এ,ahwT4YkAnj,bKash,9000,"2025-08-19 08:49:06",paid
5285,2905192,26-583-0009-00,D7hhSo2qk3,bKash,2160,"2025-08-19 10:20:31",paid
5286,2903720,26-560-0013-02,PZDuJ0Vftc,bKash,10080,"2025-08-19 10:50:07",paid
5288,2885723,10-206-0008-00,8HilKTj0NH,bKash,864,"2025-08-19 12:11:48",paid
5289,2904353,26-572-0039-01,w7RaamW7l5,bKash,180,"2025-08-19 12:20:06",paid
5290,2923730,28-633-0046-00,tIwsoxPalM,bKash,180,"2025-08-19 12:20:20",paid
5291,2907100,30-678-0030-00,lIsJ8I1Jl7,bKash,180,"2025-08-19 14:28:08",paid
5293,2924193,28-638-0036-02,UK0xjTFYJK,bKash,180,"2025-08-19 17:23:17",paid
5296,2893143,14-269-0045-03,u94TJO4x2n,bKash,1275,"2025-08-19 18:37:16",paid
5297,2881754,17-324-0049-06,LTjTgrpK6b,bKash,640,"2025-08-19 18:39:35",paid
5298,2875802,09-116-0403-00,xUZ47y2p7P,bKash,4770,"2025-08-19 21:06:03",paid
5299,2874047,09-108-0099-01,jFUJIH6BS4,bKash,180,"2025-08-19 21:18:33",paid
5303,2875502,09-115-0010-08,Fjy32VHnJR,bKash,180,"2025-08-19 22:49:42",paid
5305,2891429,14-246-0056-02+62,g5oLDJjuaT,bKash,1405,"2025-08-19 23:18:55",paid
5306,2921360,25-555-0012-06,ThEAxV0Ico,bKash,180,"2025-08-20 00:40:00",paid
5307,2896015,18-322-0057-00,WgFKDqW0r3,bKash,288,"2025-08-20 07:53:22",paid
5308,2907375,30-679-0074-00,C7g1nWHK0d,bKash,950,"2025-08-20 08:57:03",paid
5309,2885551,10-188-0058-00,N35ggNAbl3,DBBL,14400,"2025-08-20 09:25:18",paid
5310,2908513,30-687-0056-01,dsUmN60aKW,bKash,3600,"2025-08-20 09:55:32",paid
5312,2884518,10-161-0064-00,xaTLwuY5oY,bKash,270,"2025-08-20 11:32:30",paid
5313,2884516,10-161-0062-00,6Ws693x2Fu,bKash,693,"2025-08-20 11:35:26",paid
5316,2904440,26-572-0091-00,9ZHZYME70V,bKash,180,"2025-08-20 11:52:20",paid
5320,2921248,25-552-0094-00,IuGPMdENhO,bKash,1940,"2025-08-20 12:24:53",paid
5323,2889472,27-599-0002-03,0EEzUCZ1Gh,bKash,180,"2025-08-20 12:30:12",paid
5325,2922533,28-610-0006-01,aR9ExNdPT4,bKash,2160,"2025-08-20 12:33:31",paid
5327,2874277,09-109-0060-01,AqIJYQwNSB,bKash,360,"2025-08-20 12:38:40",paid
5328,2878126,17-283-0006-00,XVXOVy8VVH,"UCB CARD",43200,"2025-08-20 12:43:38",paid
5329,2915074,12-347-0039-00,WZQPLbg82x,DBBL,558,"2025-08-20 15:49:38",paid
5332,2892708,14-268-0029-00,CtAincVGLG,bKash,199,"2025-08-20 16:28:04",paid
5333,2875861,09-116-0595-7A,a4SjbN6iL0,bKash,1800,"2025-08-20 16:52:30",paid
5334,2910811,01-008-0097-00,usgyb9MVHo,bKash,180,"2025-08-20 17:58:02",paid
5335,2856273,13-240-0018-01,HUf2TGlYR2,bKash,180,"2025-08-20 19:01:06",paid
5336,2910826,01-009-0003-00,6ODoEZjuW0,bKash,180,"2025-08-20 19:33:05",paid
5338,2924648,28-641-0016-00,rMaoBHrNwY,bKash,1260,"2025-08-20 20:07:46",paid
5339,2873242,03-725-0077-3,mowjQmwmDU,bKash,2280,"2025-08-20 20:18:59",paid
5341,2856275,13-240-0018-03,hQCBn0W9qM,bKash,180,"2025-08-20 22:14:34",paid
5342,2898966,18-398-0045-7B,Jv9GPSJk5B,bKash,1058,"2025-08-20 23:07:09",paid
5343,2931352,01-001-0024-0ক,ZNLOG2S3PB,bKash,477,"2025-08-21 05:56:57",paid
5344,2889471,27-599-0002-02,fhAq0xH9hb,bKash,720,"2025-08-21 09:23:22",paid
5345,2885462,10-182-0002-00,dAjk1fIw8w,bKash,360,"2025-08-21 10:05:20",paid
5347,2897339,18-375-0037-00,E6VCthYnFW,bKash,288,"2025-08-21 10:29:19",paid
5348,2914125,12-327-0064-00,fDzkRAbmVU,bKash,1350,"2025-08-21 10:32:19",paid
5349,2914124,12-327-0063-00,sCoTE8GFbT,bKash,1530,"2025-08-21 10:50:30",paid
5353,2905090,26-581-0027-00,Ttwd6OIMrN,bKash,180,"2025-08-21 11:41:57",paid
5354,2875659,09-115-0044-03,tbrGfSg45R,bKash,214,"2025-08-21 12:07:45",paid
5355,2923438,28-627-0014-00,RAas1Z1bNp,bKash,288,"2025-08-21 12:17:17",paid
5356,2915547,12-357-0061-00,B17e1KqYCR,bKash,301,"2025-08-21 12:17:56",paid
5357,2921979,25-561-0039-01,Q6Af1gRAzQ,bKash,475,"2025-08-21 12:40:11",paid
5360,2923439,28-627-0014-01,TAW035BOUO,bKash,180,"2025-08-21 13:29:28",paid
5361,2854637,23-442-0060-00,PMrk7GJ0YC,bKash,293,"2025-08-21 13:42:55",paid
5362,2902880,24-547-0060-01,5zm2OJj28K,bKash,562,"2025-08-21 13:49:40",paid
5363,2908132,30-684-0021-03,k7D2CXVAC1,Nagad,864,"2025-08-21 15:53:01",paid
5366,2908179,30-685-0021-03,ViWBeGTLux,bKash,576,"2025-08-22 08:08:25",paid
5367,2919345,16-287-0066-06,jeTXR86ZCF,bKash,180,"2025-08-22 08:14:04",paid
5368,2880933,17-313-0095-6এ,PTIgkysj9v,bKash,5400,"2025-08-22 09:28:52",paid
5369,2919617,16-288-0060-28,ItOWpI5F3t,bKash,180,"2025-08-22 09:35:18",paid
5370,2901178,24-507-0484-2A,lBc7AZruHt,bKash,7767,"2025-08-22 10:23:36",paid
5372,2896716,18-367-0006-এ,WOB3iioghy,"UCB CARD",756,"2025-08-22 11:28:52",canceled
5375,2896716,18-367-0006-এ,0RAo5YHCd3,bKash,756,"2025-08-22 11:57:53",paid
5376,2932374,10-160-0031-52,O82fd0yAp5,bKash,266,"2025-08-22 14:17:46",paid
5377,2915594,12-732-0022-00,vA04w0RBW0,bKash,3600,"2025-08-22 17:12:08",paid
5381,2891500,14-246-0101-03,ORiJG0VaAn,bKash,180,"2025-08-22 20:13:43",paid
5382,2891499,14-246-0101-02,cDASM32EbD,bKash,180,"2025-08-22 20:29:03",paid
5384,2920737,25-386-0068-01,9ky0qddZm1,bKash,342,"2025-08-23 11:07:05",paid
5385,2875614,09-115-0027-00,18eHzdRl40,bKash,1827,"2025-08-23 11:40:06",paid
5386,2891494,14-246-0099-00,CC1UdYmVyT,bKash,180,"2025-08-23 11:43:50",paid
5387,2875520,09-115-0010-26,sOepqOXr7C,bKash,180,"2025-08-23 11:56:01",paid
5388,2915536,12-357-0050-00,OitisO2MdE,bKash,360,"2025-08-23 12:09:58",paid
5389,2917189,16-267-0105-01,SAjUt1S0C8,bKash,9214,"2025-08-23 12:19:02",paid
5390,2932419,29-651-0067-02,kEUHOfY3gA,bKash,297,"2025-08-23 12:28:38",paid
5391,2865915,06-086-0221-00,h5fcoNWnvO,DBBL,579,"2025-08-23 12:34:49",paid
5392,2918905,16-286-0050-12,rKtVEenJeB,Nagad,180,"2025-08-23 13:41:37",paid
5393,2915595,12-732-0023-00,MijjSfqYKt,bKash,3780,"2025-08-23 14:38:32",paid
5395,2891498,14-246-0101-01,Y28Ta0A0fY,bKash,180,"2025-08-23 19:08:25",paid
5396,2919164,16-287-0010-00,nkfpxGaFAn,bKash,180,"2025-08-23 19:24:02",paid
5397,2902935,24-548-0007-01,cmgHFrIb1q,bKash,2905,"2025-08-23 19:46:12",paid
5398,2880841,17-311-0064-12,vTomEivnWy,bKash,180,"2025-08-23 19:50:56",paid
5399,2905190,26-583-0008-00,EhwKnfa2f7,bKash,1836,"2025-08-23 20:03:22",paid
5400,2921092,25-552-0029-02,SfjldwKMfR,bKash,14400,"2025-08-23 23:03:13",paid
5406,2924438,28-640-0009-11,agh2SSnIt8,Nagad,212,"2025-08-24 09:22:20",paid
5407,2897566,18-377-0028-04,7zABhmkwSE,bKash,1089,"2025-08-24 10:10:29",paid
5408,2921996,25-562-0008-00,ZsMcnzybmV,bKash,1413,"2025-08-24 10:12:47",paid
5409,2898105,18-382-0119-3ক,LsvHZjYbZf,bKash,3150,"2025-08-24 10:19:38",paid
5410,2904394,26-572-0064-05,uKtGUCixQs,bKash,180,"2025-08-24 10:28:38",paid
5411,2904454,26-572-0095-02,deEsyr0ovT,bKash,893,"2025-08-24 10:31:28",paid
5412,2883502,05-084-0030-2A,2f8Cn2GbYN,bKash,360,"2025-08-24 10:59:19",paid
5413,2921241,25-552-0089-00,AJYl3ksHvV,bKash,180,"2025-08-24 11:20:13",paid
5414,2904356,26-572-0041-00,kOZa9m8pEd,bKash,180,"2025-08-24 11:27:27",paid
5415,2884040,10-140-0029-00,ZR11zRncDF,bKash,6930,"2025-08-24 11:34:31",paid
5417,2917025,16-267-0050-01,4dqU4708DL,bKash,180,"2025-08-24 13:03:23",paid
5420,2906985,30-676-0062-00,paUxFMfuVR,bKash,782,"2025-08-24 14:31:41",paid
5422,2877822,09-809-0285-00,gsPGjf3E3Y,bKash,34560,"2025-08-24 16:18:44",paid
5423,2922140,25-563-0031-00,avKmzFVGJf,bKash,7558,"2025-08-24 17:48:21",paid
5424,2878533,17-289-0009-00,aqSmYgsEE2,bKash,360,"2025-08-24 19:14:02",paid
5426,2919815,16-289-0119-ডি1,Y3p0jg6vqA,bKash,4410,"2025-08-24 19:34:35",paid
5427,2903506,26-390-0287-09,Rv4Iz10Uzd,bKash,9900,"2025-08-24 20:26:04",paid
5428,2868456,29-651-0076-01,T0om4BXUpn,"UCB CARD",18828,"2025-08-24 22:17:32",paid
5431,2874148,09-109-0003-00,JNFafxtZ7G,Nagad,864,"2025-08-24 23:06:14",paid
5432,2919396,16-287-0083-02,hUnvbphBeB,bKash,180,"2025-08-24 23:32:16",paid
5433,2919287,16-287-0050-04,rr5Np2LG65,bKash,180,"2025-08-25 00:43:32",paid
5434,2919936,16-822-0044-78গ,HUJe3iYjp6,bKash,180,"2025-08-25 06:58:42",paid
5435,2920784,25-386-0079-13E1,WGSCGSKMSP,"UCB CARD",5400,"2025-08-25 08:08:28",paid
5436,2918585,16-285-0010-1A,djokxVLx9a,bKash,846,"2025-08-25 08:27:14",paid
5437,2922159,25-563-0046-00,6Y4Phx5uvR,bKash,437,"2025-08-25 10:39:31",paid
5439,2904513,26-573-0024-08,hcfgKI1pon,bKash,720,"2025-08-25 10:54:08",paid
5440,2921862,25-559-0101-00,F2Ie0fIHgR,bKash,180,"2025-08-25 10:56:52",paid
5441,2921178,25-552-0052-02,Zyk1H7py2y,bKash,180,"2025-08-25 10:59:23",paid
5442,2921193,25-552-0062-03,9iKHmBlvkU,bKash,461,"2025-08-25 11:00:48",paid
5444,2922162,25-563-0047-B,aZH135wSCa,bKash,450,"2025-08-25 11:05:55",paid
5446,2905052,26-581-0003-00,69HrUNVkhi,bKash,3150,"2025-08-25 11:12:57",paid
5447,2920689,25-386-0044-B,FVN42FBcKK,bKash,360,"2025-08-25 11:29:58",paid
5448,2904491,26-573-0018-04,KOFDKDUN6u,bKash,216,"2025-08-25 11:32:20",paid
5449,2898301,18-386-0111-00,zHEuiTXYJk,bKash,3600,"2025-08-25 11:36:23",paid
5450,2905159,26-582-0010-04,51xsS1dI6R,bKash,180,"2025-08-25 11:40:12",paid
5451,2905049,26-581-0001-01,ajppoMAfwB,bKash,209,"2025-08-25 11:53:13",paid
5452,2922026,25-562-0027-02,CPHDE5ylz5,bKash,180,"2025-08-25 11:58:43",paid
5453,2903778,26-562-0097-01,m4bZRRMsYC,bKash,180,"2025-08-25 12:00:07",paid
5455,2905177,26-583-0003-00,WPUdm4zNP9,bKash,198,"2025-08-25 12:22:59",paid
5456,2921074,25-552-0024-01,mQaBCyb6CC,bKash,180,"2025-08-25 12:25:01",paid
5457,2905107,26-581-0038-05,VN1ysz72dk,bKash,180,"2025-08-25 12:28:27",paid
5458,2922108,25-563-0013-00,45OAO0lD9Q,bKash,1440,"2025-08-25 12:31:40",paid
5459,2903618,26-559-0004-00,W9EJJp7SET,bKash,734,"2025-08-25 12:46:35",paid
5460,2933130,09-115-0021-1ঙ,wKXjoFDScT,bKash,180,"2025-08-25 12:48:34",paid
5461,2915528,12-357-0042-00,GDjsRyXsDM,bKash,180,"2025-08-25 12:59:06",paid
5462,2862502,04-059-0029-01,jg5LzzVjXo,bKash,180,"2025-08-25 13:03:50",paid
5464,2901937,24-531-0101-01,KGKPjFDEnp,"UCB CARD",2322,"2025-08-25 13:15:45",paid
5465,2915171,12-351-0016-00,zF7baxbzdh,bKash,180,"2025-08-25 14:08:21",paid
5466,2896766,18-368-0016-02,kKkBy1IlFI,bKash,180,"2025-08-25 14:14:47",paid
5467,2915479,12-356-0092-00,RaFYj0iygS,bKash,504,"2025-08-25 15:27:55",paid
5468,2923207,28-624-0017-00,koHG1yoDTu,bKash,410,"2025-08-25 15:38:54",paid
5469,2920160,16-829-0011-55B,uWAY2qaMGA,bKash,360,"2025-08-25 15:41:21",paid
5471,2874684,09-110-0220-0বি,iq59YUKV0h,bKash,9011,"2025-08-25 16:29:57",paid
5472,2920108,16-827-0044-23,xDXU2SaFs7,bKash,282,"2025-08-25 19:40:03",paid
5475,2885002,10-172-0016-00,cDz94aVrsd,DBBL,726,"2025-08-25 21:58:38",paid
5477,2896814,18-368-0020-15,Cv8dDID5sP,bKash,958,"2025-08-25 22:25:25",paid
5479,2921510,25-556-0002-00,rLkKQvTaaj,bKash,284,"2025-08-26 10:06:05",paid
5480,2920099,16-827-0044-16ঞ,neuskxTD7T,bKash,578,"2025-08-26 10:51:26",paid
5481,2922311,25-565-0014-05,kHuMzVW6E1,bKash,201,"2025-08-26 11:09:34",paid
5482,2922126,25-563-0022-00,cjATxkzbGC,bKash,1440,"2025-08-26 11:14:50",paid
5486,2920306,25-385-0063-13খ,XlMbJLkBJX,bKash,198,"2025-08-26 11:23:34",paid
5490,2881566,17-323-0030-12,7oqZw6hiup,bKash,17425,"2025-08-26 11:31:31",paid
5491,2922251,25-564-0031-03,gxK2EB00fV,bKash,468,"2025-08-26 11:56:30",paid
5492,2891021,14-111-0181-03,a03Lvf3T28,bKash,443,"2025-08-26 11:59:42",paid
5493,2904372,26-572-0052-00,DY85cwhY65,bKash,3101,"2025-08-26 12:11:50",paid
5494,2904459,26-573-0004-00,KHsyBXS5ux,bKash,882,"2025-08-26 12:22:53",paid
5495,2903349,26-385-0042-00,yhIerDPjdK,bKash,2250,"2025-08-26 12:34:35",paid
5496,2922301,25-565-0012-00,IOCNMhPeG0,bKash,12155,"2025-08-26 12:52:43",paid
5497,2903698,26-560-0008-1খ,B0uVmpVZdd,bKash,768,"2025-08-26 13:08:40",paid
5498,2921206,25-552-0067-00,BvJOdkViDQ,bKash,180,"2025-08-26 13:18:51",paid
5501,2910172,01-006-0072-00,XHZ6fzrNEZ,bKash,180,"2025-08-26 13:30:49",paid
5503,2910554,01-008-0011-05,1Ndsn78GEu,bKash,6055,"2025-08-26 13:34:12",paid
5506,2878722,17-289-0025-03,K2YdJXnyMM,bKash,180,"2025-08-26 16:54:21",paid
5508,2875572,09-115-0015-04,oBb1a58NNC,bKash,360,"2025-08-26 20:18:39",paid
5510,2901187,24-507-0484-5A,KuBSRNplZh,bKash,7767,"2025-08-26 21:15:38",paid
5512,2917916,16-280-0032-01,5M3qCIjcVY,bKash,180,"2025-08-26 21:59:29",paid
5513,2891706,14-247-0090-00,twQqcjymdr,bKash,1310,"2025-08-27 07:26:37",paid
5514,2892558,14-267-0442-03,cWHQf3oPVE,bKash,180,"2025-08-27 08:56:26",paid
5516,2904407,26-572-0073-01,2pb5gtCoVs,bKash,180,"2025-08-27 10:16:31",paid
5517,2890219,27-610-0039-00,Pawbhyz5Xo,bKash,6003,"2025-08-27 10:36:25",paid
5518,2904305,26-572-0009-01,9zyoUKuuR5,bKash,180,"2025-08-27 10:37:53",paid
5522,2897431,18-375-0071-00,SRSdOMDdeX,bKash,180,"2025-08-27 10:53:13",paid
5523,2874149,09-109-0003-01,o26227Em5U,UPAY_MFS,180,"2025-08-27 10:53:24",paid
5525,2896546,18-365-0004-0ক,rutUxXxOxd,bKash,180,"2025-08-27 11:04:47",paid
5526,2901413,24-515-0013-4B,8LcOXN9ryl,"UCB CARD",1832,"2025-08-27 11:05:43",paid
5528,2896536,18-365-0004-00,lDNPrzuEl3,bKash,180,"2025-08-27 11:07:25",paid
5529,2890221,27-610-0039-02,fnxUgO5a7o,bKash,6408,"2025-08-27 11:11:26",paid
5530,2875458,09-114-0051-02,8YlLWWJpsD,bKash,1476,"2025-08-27 11:38:55",paid
5531,2922429,25-567-0017-00,Wq92RvgB1i,bKash,1994,"2025-08-27 11:41:45",paid
5532,2905211,26-583-0024-01,sFOnNvFQCK,bKash,180,"2025-08-27 11:51:22",paid
5533,2915088,12-347-0053-00,5W1eJSn9bG,DBBL,180,"2025-08-27 13:32:24",paid
5534,2899885,"24-478-0167-08,খ",JqOt2h8THN,Nagad,180,"2025-08-27 13:48:17",paid
5537,2918970,16-286-0061-03,rraplHPdT0,bKash,180,"2025-08-27 15:16:56",paid
5538,2904288,26-571-0026-00,QYC8sDhTv3,bKash,1289,"2025-08-27 15:20:08",paid
5539,2875982,09-117-0033-03,HBde87zMcK,bKash,432,"2025-08-27 16:16:12",paid
5540,2875993,09-117-0037-01,YotqneCKK2,bKash,5040,"2025-08-27 16:18:39",paid
5541,2870541,03-007-0073-01,x2csgkm7o0,bKash,180,"2025-08-27 17:42:01",paid
5542,2920132,16-827-0050-5ক,CvVqfNedmL,bKash,180,"2025-08-27 17:51:40",paid
5546,2916680,15-733-0004-01,Rr7td2EFsT,bKash,180,"2025-08-27 22:50:09",paid
5547,2891453,14-246-0073-00,gNQnxybTnj,bKash,304,"2025-08-27 23:37:55",paid
5548,2933131,06-086-0167-03,pQElZmtx7i,bKash,2020,"2025-08-28 08:50:38",paid
5551,2867990,29-643-0029-00,P7qIxjYuOz,bKash,1406,"2025-08-28 10:42:48",paid
5552,2922160,25-563-0047-00,xGsXftTvll,bKash,4469,"2025-08-28 10:47:20",paid
5553,2922188,25-564-0002-01,I9KFwSObgo,bKash,180,"2025-08-28 11:26:47",paid
5554,2924522,28-640-0027-1ক,snIfzdFT3W,bKash,1960,"2025-08-28 11:48:08",paid
5555,2878463,17-286-0038-04,YRdY5HgZCo,bKash,1800,"2025-08-28 12:22:22",paid
5556,2920780,25-386-0079-13C1,1unwoN7Iji,"UCB CARD",5400,"2025-08-28 12:45:31",canceled
5557,2921910,25-561-0004-01,9zkzmVFTCk,bKash,8710,"2025-08-28 13:12:10",paid
5558,2920555,25-385-0195-00,hWW3AlAPbK,bKash,22896,"2025-08-28 14:32:31",paid
5559,2922113,25-563-0015-00,wiHSrIvnR9,bKash,180,"2025-08-28 14:35:12",paid
5560,2930411,25-563-0017-01,iyBEkT5CO8,bKash,1800,"2025-08-28 14:37:11",paid
5561,2920452,25-385-0141-00,FYqGUg0ZPd,bKash,180,"2025-08-28 14:39:07",paid
5562,2905198,26-583-0014-00,ZgPazl8KxE,bKash,180,"2025-08-28 14:43:24",paid
5564,2875855,09-116-0595-4A,qboE8W1gUj,bKash,1800,"2025-08-28 16:47:09",paid
5565,2920100,16-827-0044-17,KJCARZKhAe,bKash,180,"2025-08-28 20:29:12",paid
5567,2874151,09-109-0005-00,pveaw1r4sA,UPAY_MFS,962,"2025-08-28 22:44:54",paid
5568,2918969,16-286-0061-02,2rjO9ZLLYo,bKash,180,"2025-08-28 23:02:24",paid
5570,2909081,01-003-0015-00,N1wVK3EHta,bKash,238,"2025-08-28 23:44:48",paid
5571,2910876,01-009-0027-00,HDH4K7W9u9,bKash,342,"2025-08-29 01:21:00",paid
5577,2921513,25-556-0004-01,UV8NvEiZ71,bKash,180,"2025-08-29 01:56:55",paid
5579,2881717,17-324-0035-03,DDMXFiMX9I,bKash,1755,"2025-08-29 08:18:41",paid
5580,2898331,18-386-0123-01,4IXC6f56Li,bKash,180,"2025-08-29 09:12:46",paid
5581,2892700,14-268-0020-03,8MQtPCT3n9,bKash,360,"2025-08-29 09:23:03",paid
5582,2904352,26-572-0039-00,ZheAlFBhSx,Nagad,450,"2025-08-29 09:52:16",canceled
5584,2904352,26-572-0039-00,wR7rQoNDWU,Nagad,450,"2025-08-29 10:04:51",paid
5585,2871278,03-029-0148-01,fsjnESNtbQ,bKash,180,"2025-08-29 11:53:01",paid
5587,2923983,28-635-0018-1ক,B1FGtzN6EN,bKash,364,"2025-08-29 17:52:16",paid
5593,2919949,16-822-0044-81গ,iO2GGYfXhw,bKash,180,"2025-08-29 21:01:26",paid
5594,2921032,25-552-0007-01,1y1DrrWwLN,bKash,180,"2025-08-29 21:02:27",paid
5595,2921070,25-552-0023-03,ApzUfGxLHI,bKash,299,"2025-08-29 21:16:04",paid
5596,2875527,09-115-0010-33,ErtXG9YSJp,bKash,180,"2025-08-29 22:02:28",paid
5597,2874126,09-108-0138-00,OF86QjBm4a,bKash,20700,"2025-08-29 22:59:02",paid
5598,2884175,10-157-0016-00,V9Ox9rX5ze,bKash,180,"2025-08-30 08:58:12",paid
5599,2920111,16-827-0044-3B,I6FVhUgk8c,bKash,598,"2025-08-30 09:40:37",paid
5600,2898853,18-398-0001-02,abPuSoSMoX,bKash,180,"2025-08-30 10:44:29",paid
5601,2898854,18-398-0001-03,V8LULXVNol,bKash,1008,"2025-08-30 10:48:29",paid
5605,2886223,19-385-0103-00,vZ8og97VkS,"UCB CARD",11232,"2025-08-30 12:27:06",paid
5607,2878749,17-289-0025-19,xvA4TWr8S4,bKash,10571,"2025-08-30 16:29:04",paid
5608,2902678,24-546-0014-02,yfx1g7up45,bKash,180,"2025-08-30 17:08:33",paid
5609,2920151,16-829-0011-46,AJn92hMsZd,bKash,180,"2025-08-30 17:19:35",paid
5613,2883204,05-080-0014-00,FnkduECeKW,bKash,360,"2025-08-30 21:04:41",paid
5615,2920168,16-829-0011-72,gi438GxiTj,Nagad,180,"2025-08-31 09:52:46",paid
5617,2920623,25-386-0013-00,LdsA6diScQ,bKash,221,"2025-08-31 10:49:49",paid
5618,2905078,26-581-0020-01,ov8x9nI6o7,bKash,180,"2025-08-31 10:56:11",paid
5619,2905056,26-581-0007-00,mTcsTSrlur,bKash,4500,"2025-08-31 10:59:46",paid
5620,2922424,25-567-0013-00,qg4v86M4ky,bKash,2520,"2025-08-31 11:22:16",paid
5621,2915196,12-351-0041-00,NKjbSADNU5,bKash,739,"2025-08-31 11:48:29",paid
5624,2920417,25-385-0120-02,TwQXvMbYvz,bKash,4500,"2025-08-31 12:14:58",paid
5625,2922323,25-565-0019-07,8vuuXJT0oQ,bKash,1228,"2025-08-31 12:18:31",paid
5627,2922224,25-564-0020-01,QKYQq1EUzX,bKash,207,"2025-08-31 12:21:24",paid
5628,2921857,25-559-0097-00,yMSSG7NcUP,bKash,6300,"2025-08-31 12:29:37",paid
5629,2896677,"18-366-0004-0 সি",7iVovCs0F6,"UCB CARD",2268,"2025-08-31 12:50:30",failed
5630,2896677,"18-366-0004-0 সি",JNvHcsRZQS,"UCB CARD",2268,"2025-08-31 12:52:39",paid
5634,2890000,27-606-0015-02,cTEFeACuxH,bKash,1620,"2025-08-31 13:57:35",paid
5635,2883775,10-129-0017-00,zgOGwxDSVE,bKash,16200,"2025-08-31 16:09:33",paid
5638,2933101,17-311-0006-40A,3G9xUAw3Oq,"UCB CARD",2241,"2025-08-31 17:48:58",paid
5639,2885526,10-188-0034-00,J0b6vkMmFS,bKash,1193,"2025-08-31 18:10:40",paid
5640,2878499,17-286-0041-00,FgErECblcm,bKash,1440,"2025-08-31 19:10:38",paid
5642,2918882,16-286-0044-74/ক,yEeT3jJxEt,bKash,180,"2025-08-31 19:15:03",paid
5643,2907082,30-678-0022-00,xLuU9HUDTh,bKash,280,"2025-08-31 19:49:49",paid
5644,2920780,25-386-0079-13C1,Y48Sn3ffcd,bKash,5400,"2025-08-31 21:27:28",paid
5645,2875280,09-113-0019-05,Nzrjk0jRHf,bKash,800,"2025-08-31 21:28:51",paid
5646,2915590,12-732-0017-00,fDlGySXWfG,"UCB CARD",1600,"2025-08-31 22:01:49",paid
5647,2877713,09-805-0005-00,OC6CgGzkJS,IBBL,891,"2025-08-31 22:45:24",paid
5648,2877780,09-805-0143-00,TX44cvjs9r,bKash,7200,"2025-08-31 22:50:20",paid
5650,2921524,25-556-0015-00,M5NOM2FGou,bKash,180,"2025-09-01 00:58:48",paid
5651,2860468,21-771-0118-10,TlY8ErAnbQ,bKash,360,"2025-09-01 10:41:26",paid
5652,2901384,24-515-0007-14,aaPArz8afc,bKash,1440,"2025-09-01 10:54:01",paid
5655,2911495,01-012-0064-00,2YfnkNIep1,bKash,3156,"2025-09-01 12:12:48",paid
5656,2884423,10-160-0031-51,FK5A3loP7R,Nagad,990,"2025-09-01 13:19:28",paid
5657,2860606,21-789-0103-28,rZ3LgQesRA,bKash,360,"2025-09-01 13:33:11",paid
5658,2897094,18-373-0001-02,YYMP05pjbd,bKash,432,"2025-09-01 13:36:38",paid
5659,2897103,18-373-0001-6ক,e0MzCH9oOx,bKash,720,"2025-09-01 13:42:37",paid
5660,2897442,18-375-0080-00,ZvrpP6wPLl,bKash,900,"2025-09-01 14:09:27",paid
5663,2898661,18-388-0073-09,Cz9WpLD12P,bKash,1800,"2025-09-01 20:18:35",paid
5664,2877783,09-805-0147-00,aRtVygBckd,bKash,2007,"2025-09-01 21:15:17",paid
5665,2871017,03-029-0061-00,fQNxTe0z2O,bKash,410,"2025-09-01 22:04:35",paid
5666,2924368,28-639-0082-01,oWbd4MNOyp,bKash,1259,"2025-09-01 22:12:06",paid
5667,2907955,30-682-0062-02,RL48wGyF69,bKash,8100,"2025-09-01 22:35:51",paid
5670,2920426,25-385-0124-00,Uf65tn6rno,bKash,450,"2025-09-02 11:00:23",paid
5671,2921056,25-552-0020-00,Ar6KUYjLCb,bKash,18882,"2025-09-02 11:17:43",paid
5672,2905160,26-582-0011-00,3D6LLZkiVT,bKash,2700,"2025-09-02 11:35:00",paid
5674,2863963,07-102-0022-02,SnUlCmt3CP,bKash,2160,"2025-09-02 13:44:11",paid
5675,2910882,01-009-0031-00,D4eFnkCpZ6,bKash,180,"2025-09-02 15:13:19",paid
5677,2861591,04-041-0011-00,vNk90gFqg2,bKash,180,"2025-09-02 20:29:45",paid
5680,2893526,14-841-0240-37,C3dS9asFOM,bKash,360,"2025-09-02 20:38:09",paid
5683,2867363,29-444-0060-00,nlXwEwzaDQ,bKash,576,"2025-09-02 21:03:23",paid
5684,2917196,16-267-0106-03,olb2WNOXzL,bKash,190,"2025-09-02 21:13:52",paid
5685,2903953,26-570-0053-06,ul4Yh8XV42,bKash,338,"2025-09-02 22:35:52",paid
5686,2871658,03-033-0040-00,PORIrzzzGn,bKash,1152,"2025-09-02 23:10:32",paid
5687,2871643,03-033-0030-00,mf5sPOfWka,bKash,388,"2025-09-02 23:15:49",paid
5688,2924497,28-640-0023-00,O5iKQpTg3G,bKash,540,"2025-09-03 01:59:37",paid
5690,2885356,10-175-0115-00,HSu95xnDvC,DBBL,294,"2025-09-03 08:22:41",failed
5691,2885356,10-175-0115-00,e4tOHigtuV,DBBL,294,"2025-09-03 08:24:53",failed
5692,2885356,10-175-0115-00,8fd7RJ1P5V,DBBL,294,"2025-09-03 08:27:34",failed
5693,2905025,26-580-0009-00,otyHeZL2HG,DBBL,2880,"2025-09-03 09:06:04",paid
5695,2892918,14-268-0065-00,um8QBcZgjP,bKash,180,"2025-09-03 09:52:01",paid
5696,2896918,18-369-0017-00,hYQeXGcP4E,bKash,180,"2025-09-03 10:43:21",paid
5698,2898687,18-388-0073-29,mCIHYFIjRT,bKash,720,"2025-09-03 10:48:58",paid
5716,2905223,26-584-0008-01,Lw6IAbi71V,bKash,900,"2025-09-03 11:20:32",paid
5718,2898034,18-380-0066-0B,sRIqVmbpUG,bKash,4819,"2025-09-03 11:52:44",paid
5722,2892735,14-268-0044-00,c9ACk8J1Dd,bKash,180,"2025-09-03 12:49:21",paid
5724,2867417,29-444-0079-00,CQbl6dD6cc,"UCB CARD",37175,"2025-09-03 12:53:10",failed
5725,2867417,29-444-0079-00,1SXouab5Bj,"UCB CARD",37175,"2025-09-03 12:59:07",failed
5726,2922460,25-569-0004-00,rIIs7szC92,bKash,288,"2025-09-03 13:08:39",paid
5727,2867417,29-444-0079-00,3fEwOzWHL7,"UCB CARD",37175,"2025-09-03 13:09:11",failed
5729,2885356,10-175-0115-00,gu7PG7UjZP,DBBL,294,"2025-09-03 13:20:41",paid
5730,2905126,26-581-0045-01,el8H4iEpDK,bKash,1486,"2025-09-03 20:05:17",paid
5731,2914142,12-327-0083-00,vkzQcf3QUj,bKash,3420,"2025-09-03 20:26:53",paid
5732,2890246,27-610-0051-0A,MzZNLZxLDc,bKash,378,"2025-09-03 22:23:01",paid
5733,2927153,31-696-0078-47,mFNvgv1Ai7,bKash,4500,"2025-09-03 22:36:06",paid
5737,2921512,25-556-0004-00,aaZZE4BA0C,bKash,180,"2025-09-03 23:51:40",paid
5738,2896760,18-368-0014-00,p2xvttxQGJ,bKash,288,"2025-09-04 09:45:38",paid
5739,2904373,26-572-0053-00,Vp29nkzMjO,bKash,27000,"2025-09-04 10:18:55",paid
5740,2892836,14-268-0063-21,8pqHB8wECY,bKash,180,"2025-09-04 10:32:29",paid
5741,2921188,25-552-0061-01,UzFcwYcov3,bKash,180,"2025-09-04 12:54:20",paid
5742,2921203,25-552-0064-02,ZPPL12WmEr,bKash,180,"2025-09-04 12:57:21",paid
5744,2867417,29-444-0079-00,ILLO32dFjw,"UCB CARD",37175,"2025-09-04 13:07:27",paid
5747,2904495,26-573-0019-00,oI058oa4Z6,bKash,219,"2025-09-04 15:11:51",paid
5748,2870282,03-002-0037-12,xOJHhnpSGw,bKash,180,"2025-09-04 16:37:16",paid
5749,2870289,03-002-0037-19,Ej4SgHsOD9,bKash,180,"2025-09-04 16:39:12",paid
5750,2870326,03-002-0037-53,Bhgx2qcxng,bKash,538,"2025-09-04 16:42:49",paid
5751,2933484,24-529-0076-00,LbmT1xhkIA,bKash,246,"2025-09-04 17:16:41",paid
5759,2892927,14-268-0070-00,i9Y7ksKpm6,bKash,180,"2025-09-04 18:14:21",paid
5761,2869888,20-416-0005-00,98YQXYQZxR,bKash,2070,"2025-09-04 19:11:24",paid
5762,2920102,16-827-0044-18ক,7t4h0IPvRv,bKash,180,"2025-09-04 19:41:38",paid
5764,2876091,09-118-0030-01,DbGjjVia0r,bKash,180,"2025-09-04 21:12:18",paid
5765,2877033,09-754-0019-00,eB7iqcroSh,bKash,180,"2025-09-04 21:50:32",paid
5766,2915238,12-351-0081-00,27b0EnEwo8,bKash,405,"2025-09-04 22:37:39",paid
5767,2923772,28-633-0067-06,e5nlNtJmQc,bKash,180,"2025-09-04 23:17:08",paid
5768,2879809,17-308-0110-03,FEGdPylJkg,bKash,468,"2025-09-05 01:24:49",paid
5777,2896740,18-368-0007-07,WiAXP5jMqT,bKash,2250,"2025-09-05 21:44:52",paid
5784,2892163,14-266-0628-00,39LO8S1v3V,"UCB CARD",79550,"2025-09-06 13:13:39",paid
5785,2886102,10-218-0097-00,TNPujM7omZ,"UCB CARD",3129,"2025-09-06 13:23:05",paid
5786,2878797,17-289-0031-0খ,rhHm7soITc,Nagad,10800,"2025-09-06 14:36:04",paid
5793,2875636,09-115-0038-01,75Kcs8esf7,bKash,15003,"2025-09-06 15:43:21",paid
5799,2892925,14-268-0068-01,he5gE0UdqY,Nagad,48,"2025-09-06 17:31:40",canceled
5802,2892495,14-267-0413-00,5KNLFJgX9d,bKash,180,"2025-09-06 18:06:40",paid
5803,2927697,31-711-0012-00,zaWJ84MKDb,Nagad,180,"2025-09-06 19:05:37",paid
5804,2892925,14-268-0068-01,4LiQNqkedu,bKash,180,"2025-09-06 21:00:41",paid
5807,2875501,09-115-0010-07,5BjZMQRZ2t,bKash,180,"2025-09-07 10:47:51",paid
5810,2918764,16-285-0088-01,tjaQXQiwI2,bKash,760,"2025-09-07 11:01:12",paid
5813,2905136,26-582-0002-02,g0IxlFOUEQ,bKash,729,"2025-09-07 11:07:46",paid
5814,2909695,01-004-0201-01,bpTeXd6iXV,bKash,180,"2025-09-07 11:08:02",paid
5815,2857842,21-425-0049-2ক,P4C66P5jv6,bKash,360,"2025-09-07 11:26:58",paid
5816,2873030,03-038-0076-00,RWDPm0bnNn,bKash,640,"2025-09-07 12:24:09",paid
5817,2896606,18-365-0008-3ক,g6yUxHm4ss,bKash,630,"2025-09-07 12:27:43",paid
5818,2922411,25-567-0005-00,p4pZkPWsbv,bKash,180,"2025-09-07 12:52:39",paid
5819,2910995,01-011-0569-7ক,TBKm17lCyh,Nagad,3992,"2025-09-07 13:19:59",paid
5821,2875631,09-115-0035-01,9r6xv4cinN,"UCB CARD",810,"2025-09-07 15:12:14",paid
5822,2886773,19-395-0084-00,s6O2clCl0h,bKash,9900,"2025-09-07 15:12:51",paid
5823,2918497,16-284-0039-2ক,yVknsnqUd1,bKash,180,"2025-09-07 15:23:05",paid
5825,2919664,16-288-0063-00,fRroHDeAn6,bKash,180,"2025-09-07 21:26:35",paid
5826,2892476,14-267-0407-02,a6BlUCtqrz,bKash,547,"2025-09-07 21:54:54",paid
5829,2880853,17-311-0067-17ঙ,DvGjrLKSFc,bKash,36900,"2025-09-07 23:27:01",paid
5831,2877067,09-754-0057-00,ZZgkuwpAnM,bKash,180,"2025-09-07 23:44:22",paid
5836,2868284,29-649-0020-00,WoLtLMAgyc,bKash,180,"2025-09-08 09:17:29",paid
5837,2882642,05-077-0168-00,i3FD3qWeED,bKash,432,"2025-09-08 10:03:01",paid
5839,2892916,14-268-0064-02,gB5ZazTYfE,bKash,4325,"2025-09-08 10:23:46",paid
5840,2920451,25-385-0140-02,lKKp8ELIsX,bKash,1593,"2025-09-08 10:35:54",paid
5842,2877508,09-791-0491-00,A5XLN5Fw5E,bKash,180,"2025-09-08 10:46:30",paid
5843,2905120,26-581-0043-05,R8jBFBAh5i,bKash,2340,"2025-09-08 10:49:10",paid
5844,2859872,21-435-0050-03,EXZ5PRN6GK,bKash,590,"2025-09-08 11:05:21",paid
5845,2859841,21-435-0036-01,rc7ltXH4y2,bKash,4320,"2025-09-08 11:07:21",paid
5846,2919390,16-287-0079-03,Mkm1ITSpoI,Nagad,180,"2025-09-08 12:18:17",paid
5847,2903656,26-559-0032-00,YME3jkDLuK,bKash,315,"2025-09-08 13:22:18",paid
5848,2872985,03-038-0065-01,ld9dqPASuZ,bKash,1161,"2025-09-08 14:40:39",paid
5849,2920723,25-386-0062-04,w4lGY0v2Wl,bKash,24000,"2025-09-08 14:52:48",paid
5850,2903526,26-390-0290-3/3এ,j2jBiBxD5b,bKash,1350,"2025-09-08 16:22:20",paid
5851,2891960,14-258-0145-00,kWKUGyFE6n,"UCB CARD",238,"2025-09-08 16:39:18",paid
5852,2896565,18-365-0008-0ক,TSg4IVeIMJ,bKash,1040,"2025-09-08 21:10:01",paid
5856,2898479,18-386-0174-00,K6i56VgDfe,bKash,1050,"2025-09-08 21:53:11",paid
5857,2897933,18-380-0033-04,QQMUOvtDy9,UPAY_MFS,216,"2025-09-08 22:44:14",paid
5859,2901189,24-507-0484-5C,ZnBQdmADAQ,"UCB CARD",21600,"2025-09-09 02:10:38",paid
5860,2885291,10-175-0052-00,KQ4FMGMvG8,bKash,708,"2025-09-09 02:41:27",paid
5861,2917227,16-267-0118-00,eKx6xqhJOa,bKash,450,"2025-09-09 10:57:09",paid
5862,2898010,18-380-0058-03,eIR2XAeNVj,bKash,180,"2025-09-09 11:25:52",paid
5865,2921897,25-560-0035-00,iDRxv5hiBQ,bKash,1440,"2025-09-09 11:53:35",paid
5867,2919508,16-288-0031-60,Wh36SGXOEv,bKash,180,"2025-09-09 14:09:56",paid
5869,2918928,16-286-0053-05,KSxMJ1WMOV,bKash,2700,"2025-09-09 14:33:19",paid
5870,2933686,01-001-0024-1ক,ju8F62CR9w,bKash,180,"2025-09-09 15:17:07",paid
5873,2892866,14-268-0063-3ছ,GEmNZaXmH7,bKash,7200,"2025-09-09 17:28:34",paid
5874,2932734,26-560-0011-00,TpbkUTD2Zl,bKash,8937,"2025-09-09 20:16:38",paid
5876,2899991,24-479-0170-18খ,6Lt3mpm6JK,Nagad,2144,"2025-09-09 21:48:40",paid
5880,2909682,01-004-0199-01,w60BvOP2lo,Nagad,180,"2025-09-10 01:10:21",failed
5881,2909682,01-004-0199-01,HFjcjdD2nt,bKash,180,"2025-09-10 01:12:50",paid
5882,2926365,31-694-0016-2B,zNfUcLDjTL,bKash,360,"2025-09-10 09:23:08",paid
5883,2921887,25-560-0026-00,GuZrFMKtwz,bKash,720,"2025-09-10 10:17:35",paid
5884,2900416,24-483-0204-02,6Yuvj767bT,bKash,9000,"2025-09-10 10:36:30",paid
5885,2933510,25-390-0240-11ক,kfm9wCA0Vo,bKash,4096,"2025-09-10 10:38:40",paid
5886,2922398,25-566-0010-00,wNqeojIYXP,bKash,2285,"2025-09-10 10:41:30",paid
5888,2922448,25-568-0010-01,lO5ayBAKhj,bKash,1254,"2025-09-10 11:40:15",paid
5889,2896243,18-322-0115-27,vUVBraBisX,bKash,9000,"2025-09-10 11:49:11",paid
5890,2892757,14-268-0046-1/ক,TVScLSLaGs,bKash,180,"2025-09-10 12:08:56",paid
5893,2904508,26-573-0024-02,cX0ryOh7C4,bKash,180,"2025-09-10 13:08:12",paid
5894,2922202,25-564-0008-01,4Y7tvLZR5o,bKash,2304,"2025-09-10 14:01:11",paid
5896,2932239,24-408-0010-03,yqXrqRkxZe,bKash,101589,"2025-09-10 16:09:53",paid
5897,2879272,17-302-0147-00,IYT72zrWRh,Nagad,12065,"2025-09-10 16:16:40",paid
5912,2933990,31-691-0060-07,djlx4w6oCL,bKash,180,"2025-09-10 16:30:43",paid
5914,2859443,21-433-0035-188,n0m8EdAb9L,bKash,2160,"2025-09-10 18:03:00",paid
5915,2904543,26-574-0086-00,WCKhw0vPVl,"UCB CARD",32087,"2025-09-10 18:50:18",canceled
5917,2933569,31-650-0113-02,w0bQLPnumB,bKash,288,"2025-09-10 19:21:32",paid
5918,2892538,14-267-0437-02,lnwXFDpN6f,bKash,180,"2025-09-10 20:41:55",paid
5919,2890776,14-111-0030-01,4TLyzxpbCf,bKash,450,"2025-09-10 21:05:24",paid
5920,2883858,10-131-0058-00,602rCe2cjR,bKash,1800,"2025-09-10 21:58:05",paid
5922,2884951,10-165-0100-00,4f2I6hFsET,bKash,410,"2025-09-10 22:59:13",paid
5923,2883745,10-128-0331-00,QGzBswCxFB,bKash,820,"2025-09-10 23:08:42",paid
5925,2869301,20-401-0021-00,R1v5kgIKFp,bKash,938,"2025-09-11 07:30:16",paid
5926,2921237,25-552-0086-03,9xdkqeZe51,bKash,3240,"2025-09-11 10:48:02",paid
5927,2880530,17-311-0029-4ঘ,549yBnSfp5,bKash,870,"2025-09-11 10:51:12",paid
5928,2922249,25-564-0031-01,oqPQJR3wQl,bKash,1872,"2025-09-11 10:58:11",paid
5929,2933526,18-368-0028-0F,ZQuHCmZShs,"UCB CARD",24737,"2025-09-11 11:38:25",paid
5930,2903625,26-559-0009-00,DRxY54QoIi,bKash,360,"2025-09-11 12:12:07",paid
5933,2889770,27-601-0039-00,wDWJWcuS26,bKash,8055,"2025-09-11 12:42:22",paid
5935,2934087,09-117-0039-00,lNm1GGsyvL,bKash,1170,"2025-09-11 13:23:13",paid
5937,2892270,14-267-0302-02,OnLd4WfrgM,bKash,180,"2025-09-11 13:57:18",paid
5938,2876748,09-729-0306-00,5dCGnWxy08,bKash,180,"2025-09-11 15:05:49",paid
5940,2901734,24-522-0073-4ক,mErhLchxEq,"UCB CARD",1094,"2025-09-11 15:54:27",paid
5944,2934140,04-040-0194-00,lgWVqm9Nlo,bKash,4344,"2025-09-11 17:26:05",paid
5945,2892835,14-268-0063-20,RrNnOVhuNY,bKash,180,"2025-09-11 18:43:59",paid
5946,2917705,16-271-0037-00,0NGqnqWGkL,bKash,180,"2025-09-11 19:41:22",paid
5947,2934085,31-724-0073-36A,FGBuiL05vM,bKash,9000,"2025-09-11 21:01:26",paid
5948,2904543,26-574-0086-00,y08mfPM7HD,bKash,32087,"2025-09-11 21:25:27",paid
5949,2877620,09-792-0592-00,qffqAARHy5,bKash,180,"2025-09-12 00:41:25",paid
5950,2876652,09-729-0213-00,8KATr1AJnd,bKash,180,"2025-09-12 00:43:44",paid
5951,2876653,09-729-0214-00,WWMUZVgG94,bKash,180,"2025-09-12 00:48:04",paid
5952,2877633,09-792-0605-00,nAkfkU16ss,bKash,640,"2025-09-12 00:51:00",paid
5953,2877264,09-787-0126-00,475xmqSPI1,bKash,410,"2025-09-12 00:56:57",paid
5954,2876796,09-729-0353-00,ZRmOlo2Uti,bKash,180,"2025-09-12 00:59:39",paid
5956,2893482,14-272-0059-এ3,RsHxhyMmvA,bKash,3960,"2025-09-12 10:19:32",paid
5957,2882586,05-077-0147-01,YaYw0DT15l,bKash,3504,"2025-09-12 11:15:35",paid
5959,2912660,02-856-0019-00,qfbpiYU3U8,DBBL,14725,"2025-09-12 11:53:26",paid
5961,2872754,03-037-0060-00,zHDJECWSh3,bKash,180,"2025-09-12 13:20:59",paid
5962,2901842,24-524-0152-16,anwDcj9yqJ,bKash,180,"2025-09-12 14:06:59",paid
5964,2874913,09-111-0326-00,nuLtnneYEQ,bKash,2375,"2025-09-12 16:45:57",paid
5965,2910067,01-006-0031-1খ,H1kCBVmdaU,bKash,3595,"2025-09-12 20:40:08",paid
5967,2902536,24-544-0026-00,AL4F1Eg7u1,bKash,3370,"2025-09-12 23:37:16",paid
5968,2876174,09-120-0027-00,wNBAiPmnJV,bKash,3600,"2025-09-13 08:09:58",paid
5971,2902870,"24-547-0058-4 A",l2spOSyJVi,bKash,2700,"2025-09-13 11:11:08",paid
5972,2859448,21-433-0035-192,qmfGbPl3s9,bKash,2160,"2025-09-13 11:21:51",paid
5973,2892896,14-268-0063-8/ক,89f9P9Y9Pb,bKash,180,"2025-09-13 12:57:32",paid
5975,2855700,23-474-0017-এ6,dsOfoujGjT,"UCB CARD",6210,"2025-09-13 15:29:54",paid
5976,2869174,20-391-0169-00,KCImN7LnE9,Nagad,1776,"2025-09-13 16:24:35",canceled
5978,2890075,27-609-0030-02,xDJSHsGOvu,bKash,605,"2025-09-13 19:03:27",paid
5979,2907337,30-679-0053-00,MECqotGFIn,bKash,2160,"2025-09-13 19:21:10",paid
5981,2889585,27-600-0001-00,QMoBf0fcdI,bKash,2101,"2025-09-13 21:07:40",paid
5982,2905133,26-581-0050-00,0K3073dNAH,bKash,180,"2025-09-14 10:20:48",paid
5983,2933850,01-012-0064-0A,HkULzBx2DI,bKash,6938,"2025-09-14 10:21:37",paid
5985,2903050,24-549-0013-4A+D,OImX9OWu15,bKash,2048,"2025-09-14 11:05:24",paid
5986,2922247,25-564-0030-00,ynFO2SbIpT,bKash,5400,"2025-09-14 11:09:32",paid
5987,2870082,20-420-0020-02,xdg9KhkUO7,bKash,591,"2025-09-14 11:55:33",paid
5988,2869216,20-391-0194-00,3qzJcLzToj,bKash,7200,"2025-09-14 11:59:20",paid
5989,2933525,26-390-0262-06,Drudgp3g9K,bKash,7805,"2025-09-14 12:06:58",paid
5991,2901655,24-520-0005-00,RHCWWR6nnv,bKash,2313,"2025-09-14 12:22:34",paid
5992,2921174,25-552-0050-00,Vgz7zYF3I2,bKash,180,"2025-09-14 12:36:09",paid
5993,2854559,23-421-0065-01,wuMksrVBvR,bKash,2160,"2025-09-14 12:49:43",paid
5994,2905026,26-580-0010-00,d5ZcHJ5wMF,bKash,180,"2025-09-14 12:54:36",paid
5995,2934224,28-635-0011-00,mc9dFDtdyF,bKash,492,"2025-09-14 13:32:11",paid
5996,2886861,19-397-0021-01,zMU5umiTxM,bKash,4381,"2025-09-14 14:47:41",paid
5998,2919837,16-821-0011-32খ,gfb5oDqW7Y,bKash,16200,"2025-09-14 15:25:58",paid
6000,2892043,14-260-0138-00,uPmC3O1ehq,"UCB CARD",17914,"2025-09-14 16:49:50",paid
6004,2869174,20-391-0169-00,dkLpGyuycE,Nagad,1776,"2025-09-14 18:51:46",paid
6007,2869319,20-401-0033-00,OdmUF93i9u,Nagad,755,"2025-09-14 19:01:28",paid
6008,2889270,27-597-0026-01,JTRU6xLskH,bKash,1800,"2025-09-14 20:49:09",paid
6010,2921964,25-561-0028-01,FQ0sNTbcdT,bKash,9000,"2025-09-14 22:11:45",paid
6011,2876336,09-728-0014-00,9Llbj2o2qy,bKash,816,"2025-09-14 22:41:10",paid
6012,2917721,"16-271-0060-2 এ",y7WXO7MMRe,Nagad,540,"2025-09-15 08:28:42",paid
6014,2926356,31-694-0015-02,zk33gpXBk7,bKash,180,"2025-09-15 09:21:24",paid
6016,2885974,10-214-0064-00,C8yIh1GuuP,bKash,425,"2025-09-15 10:12:50",paid
6017,2878785,17-289-0031-00,zfaiYu0lU8,bKash,2430,"2025-09-15 10:20:03",paid
6018,2903359,26-385-0049-01,k4a5JGC5bv,bKash,6619,"2025-09-15 10:27:43",paid
6019,2884963,10-169-0010-00,li7a3aCOVO,Nagad,180,"2025-09-15 10:41:35",paid
6025,2934271,17-308-0105-01,1wFNeGyLLH,bKash,1100,"2025-09-15 11:05:54",paid
6026,2922340,25-565-0028-00,E3BFTrJT3B,bKash,7200,"2025-09-15 11:13:18",paid
6027,2899893,24-478-0167-0ব,yBkEy98aOS,bKash,3546,"2025-09-15 11:48:28",paid
6030,2892167,14-267-0122-00,4a4mZEGoAU,bKash,410,"2025-09-15 16:19:44",paid
6031,2892440,14-267-0393-00,NtqvWXIUug,bKash,410,"2025-09-15 16:29:52",paid
6032,2892649,14-268-0002-05,dxOoIXODCR,bKash,29725,"2025-09-15 16:33:41",paid
6036,2934355,12-349-0007-00,jpnS5OE3Uu,bKash,870,"2025-09-15 18:50:29",paid
6037,2902013,24-536-0152-12গ,rGGg9Lo72d,bKash,3780,"2025-09-15 19:20:10",paid
6039,2914705,12-340-0100-00,aB8jUo7aXy,bKash,16200,"2025-09-15 19:29:52",paid
6040,2898109,18-383-0003-00,hkAxMrnntr,bKash,720,"2025-09-15 20:01:50",paid
6041,2933986,09-289-0658-7,do0jsOWrVG,bKash,6588,"2025-09-15 20:18:51",paid
6042,2909983,01-006-0012-05,SG0rUjmUMh,bKash,180,"2025-09-15 20:51:06",paid
6043,2922904,28-619-0017-00,tjW1cFazqL,Nagad,180,"2025-09-15 21:00:32",paid
6045,2898663,18-388-0073-11,5ZOwpZhHCj,bKash,799,"2025-09-15 23:07:55",paid
6046,2885431,10-175-0189-00,qytaUNkJ70,bKash,1375,"2025-09-16 00:13:17",paid
6048,2918637,16-285-0031-01,zlDh0ua0Dn,bKash,180,"2025-09-16 08:50:40",paid
6049,2922308,25-565-0014-02,RxSTLaD6DR,bKash,210,"2025-09-16 10:19:19",paid
6050,2905093,26-581-0031-00,H9pfOy4mLD,bKash,864,"2025-09-16 10:23:08",paid
6051,2893523,14-841-0240-35,CHGGyuBUzR,bKash,22500,"2025-09-16 10:25:45",paid
6052,2910926,01-009-0053-00,xqbFRG90FG,bKash,576,"2025-09-16 10:36:09",paid
6053,2920279,25-385-0056-00,9utUPY0Rlg,bKash,180,"2025-09-16 10:49:15",paid
6054,2898021,18-380-0062-00,t7AyhAm7jy,bKash,1453,"2025-09-16 11:07:28",paid
6055,2932499,09-805-0135-4a,aSkBUTJXNu,bKash,3600,"2025-09-16 11:14:14",paid
6056,2921179,25-552-0053-00,wwob1TnoIg,bKash,12801,"2025-09-16 11:20:06",paid
6057,2905176,26-583-0002-0ক,qy6vpMj4KV,bKash,12109,"2025-09-16 11:23:09",paid
6059,2898194,18-385-0235-00,NWVdzPELDk,bKash,5133,"2025-09-16 11:48:06",paid
6060,2888148,27-538-0082-13গ,5M8m0EK4s3,Nagad,1845,"2025-09-16 12:18:20",paid
6061,2891680,14-247-0071-00,0Q6wsOaSXc,Nagad,3605,"2025-09-16 12:22:48",paid
6062,2910547,01-008-0008-01,1l7Hz8fAYm,bKash,1342,"2025-09-16 12:24:03",paid
6063,2923737,28-633-0051-00,blIRHaMf8q,bKash,423,"2025-09-16 12:39:26",paid
6064,2921978,25-561-0039-00,OJUjV3iMZJ,bKash,235,"2025-09-16 12:53:50",paid
6065,2915607,12-753-0007-00,VPdLG2paW9,bKash,3634,"2025-09-16 12:59:50",paid
6066,2901362,24-515-0005-00,efrrfupOuC,bKash,2430,"2025-09-16 14:18:06",paid
6068,2872137,03-035-0002-03,07gHFKiX9U,bKash,1838,"2025-09-16 15:15:58",paid
6070,2896843,18-368-0020-2E,FQXV1giJGC,bKash,2430,"2025-09-16 17:03:11",paid
6074,2915288,12-352-0018-00,jcer7t4Bj2,Nagad,7096,"2025-09-16 19:47:23",canceled
6075,2915288,12-352-0018-00,LudSaBlvTh,Nagad,7096,"2025-09-16 19:53:32",canceled
6076,2915288,12-352-0018-00,N0VJ2dER60,Nagad,7096,"2025-09-16 20:04:25",paid
6077,2933559,13-243-0028-01,hzzRcj7PwP,bKash,180,"2025-09-16 20:13:09",paid
6079,2883782,10-129-0024-00,9DwUfuLBxa,"UCB CARD",90000,"2025-09-16 22:19:27",paid
6081,2868507,29-652-0009-01,02YfpaDxVY,bKash,2160,"2025-09-16 22:20:51",paid
6082,2914515,12-339-0073-00,FnwI04FTmr,"UCB CARD",1657,"2025-09-16 22:35:31",paid
6083,2892458,14-267-0403-00,Osqqyd6nik,bKash,180,"2025-09-16 22:35:59",paid
6085,2893408,14-271-0008-02,6ssq2wAkAD,bKash,4860,"2025-09-17 07:29:20",paid
6088,2933564,16-286-0044-27ক,jJNZoLufYk,bKash,3510,"2025-09-17 08:26:34",paid
6089,2867660,29-462-0022-03,8ZTYNHzINP,bKash,9533,"2025-09-17 09:43:06",paid
6090,2928746,31-718-0044-06,ECDAGnYpcQ,bKash,640,"2025-09-17 09:44:09",paid
6094,2892295,14-267-0312-10,qDs2cwMm3z,bKash,180,"2025-09-17 10:11:52",paid
6095,2922205,25-564-0010-01,hsBXg1x2ns,bKash,13339,"2025-09-17 10:30:08",paid
6098,2887557,19-408-0047-00,2NJkL00vAM,IBBL,353520,"2025-09-17 11:11:25",paid
6099,2920329,25-385-0072-03,Nn6ZKvv1MZ,bKash,5040,"2025-09-17 11:11:47",paid
6101,2921253,25-552-0096-00,Q8beveXUnH,bKash,180,"2025-09-17 11:28:26",paid
6110,2921793,25-559-0044-00,Yr0yB48Bj5,bKash,11520,"2025-09-17 14:28:39",paid
6115,2865574,06-086-0108-21জ,61MdkBdDJ9,bKash,180,"2025-09-17 15:48:46",paid
6116,2929961,31-784-0005-00,KZIcbvQURm,bKash,180,"2025-09-17 17:32:50",paid
6118,2926438,31-694-0025-0গ,6LI7QhTCqe,bKash,410,"2025-09-17 17:48:36",paid
6124,2898413,18-386-0154-02,SUffEpM3RH,bKash,5648,"2025-09-17 22:37:53",paid
6125,2927141,31-696-0078-36,KFuZmUnEjF,bKash,3150,"2025-09-17 23:12:10",paid
6126,2880636,17-311-0032-09,unIR7IRwQf,bKash,569,"2025-09-17 23:12:56",paid
6127,2917300,16-267-0148-26,1W6q95PhXx,bKash,180,"2025-09-18 08:47:42",paid
6128,2892169,14-267-0122-02,RwHr1B6gtW,bKash,24948,"2025-09-18 08:57:33",paid
6131,2875430,09-114-0040-06,E9AwMWCRf0,bKash,470,"2025-09-18 10:09:25",paid
6133,2926444,31-694-0025-0ড,4JNrXRP55r,bKash,1818,"2025-09-18 10:18:43",paid
6134,2905119,26-581-0043-01,F6ExnZOSgA,bKash,199,"2025-09-18 10:21:39",paid
6135,2874169,09-109-0010-00,eovvtsD8DZ,"City Bank",2160,"2025-09-18 10:33:43",paid
6136,2915064,12-347-0028-00,nTWHp9YEAH,bKash,926,"2025-09-18 10:46:07",paid
6137,2867893,29-463-0022-01,I5JF4THaUX,"UCB CARD",35928,"2025-09-18 10:52:29",canceled
6138,2921192,25-552-0062-02,wJLaI29V4A,bKash,180,"2025-09-18 11:02:18",paid
6139,2903338,26-385-0032-00,IGROT7dtma,bKash,2648,"2025-09-18 11:10:00",paid
6140,2903337,26-385-0031-01,ekAEaztb3o,bKash,180,"2025-09-18 11:13:48",paid
6141,2903335,26-385-0030-00,U1re1TIL0D,bKash,1247,"2025-09-18 11:16:52",paid
6142,2870312,03-002-0037-39,TQYl6KE0O8,bKash,180,"2025-09-18 11:20:54",paid
6143,2922194,25-564-0005-00,ueyFOzS75d,bKash,180,"2025-09-18 11:21:13",paid
6144,2871637,03-033-0027-06,UZOJZomz2w,bKash,180,"2025-09-18 11:52:17",paid
6145,2920259,25-385-0051-01,MguEwVqVvx,bKash,360,"2025-09-18 11:56:47",paid
6146,2921217,25-552-0077-00,qdQtOyAEWI,bKash,3150,"2025-09-18 12:03:31",paid
6150,2909713,01-004-0207-01,Pn9EjQ40o2,bKash,180,"2025-09-18 12:20:39",paid
6151,2866744,06-094-0002-00,undA8ytsWY,bKash,1520,"2025-09-18 12:21:04",paid
6154,2926877,31-694-0117-00,Vf9jtMUqKX,bKash,720,"2025-09-18 12:50:23",paid
6155,2881393,17-323-0010-01,3iuBCgL76a,bKash,702,"2025-09-18 12:50:30",paid
6156,2922339,25-565-0027-00,4ZATJqM4n8,bKash,1367,"2025-09-18 13:01:10",paid
6158,2864978,06-083-0064-00,5dxk5acTRl,bKash,180,"2025-09-18 13:12:16",paid
6160,2876433,09-728-0064-05,U9WIqaiw2u,Nagad,14922,"2025-09-18 14:33:56",canceled
6162,2865433,06-086-0074-00,QqK6um1Wpg,bKash,1444,"2025-09-18 14:44:17",paid
6163,2876433,09-728-0064-05,DpMq7czQq9,Nagad,14922,"2025-09-18 15:00:23",canceled
6164,2876433,09-728-0064-05,DsMALfByA4,Nagad,14922,"2025-09-18 15:02:13",canceled
6165,2876433,09-728-0064-05,ieeipLYUOh,Nagad,14922,"2025-09-18 15:05:37",paid
6166,2914841,12-343-0057-00,FbtYrHOE6u,bKash,615,"2025-09-18 17:33:09",paid
6167,2910304,01-007-0135-00,LpykAGCXvl,bKash,421,"2025-09-18 19:14:06",paid
6168,2866819,06-094-0036-00,DavusgUxdT,"UCB CARD",1325,"2025-09-18 21:47:41",paid
6169,2925298,31-688-0087-30,N9BAsAsBFk,bKash,410,"2025-09-18 21:57:12",paid
6170,2927139,31-696-0078-34ক,vBLiv7mnz2,bKash,9900,"2025-09-18 23:59:59",paid
6171,2927140,31-696-0078-35,eDhxGIAVUy,bKash,450,"2025-09-19 00:08:11",paid
6172,2908638,30-687-0131-07,JvJgJqv4oJ,bKash,4156,"2025-09-19 09:49:47",paid
6175,2908101,30-684-0010-7ক,ZdAiNBRmvY,bKash,180,"2025-09-19 10:11:32",paid
6178,2910295,01-007-0129-02,oyFcVfq4CU,bKash,180,"2025-09-19 11:05:15",paid
6183,2876769,09-729-0327-00,F26MYCNaLa,bKash,180,"2025-09-19 11:25:37",paid
6184,2900867,24-501-0294-00,JYaqg16e8G,IBBL,54000,"2025-09-19 12:12:27",paid
6185,2876738,09-729-0298-00,DJGVSHcEaG,Nagad,180,"2025-09-19 18:35:59",paid
6186,2876746,09-729-0305-00,CkuDkQyIDu,Nagad,180,"2025-09-19 18:39:49",paid
6187,2876751,09-729-0309-00,DmLCsnnRMm,Nagad,180,"2025-09-19 18:42:35",paid
6188,2884938,10-165-0087-00,fv6XJEEtj1,bKash,919,"2025-09-19 20:04:07",paid
6189,2910094,01-006-0036-02,RzS5Y5MzVL,bKash,180,"2025-09-19 20:32:34",paid
6191,2863161,04-067-0015-02,U1iVGGoCWO,DBBL,48,"2025-09-19 21:00:58",paid
6192,2874186,09-109-0021-00,qqyL8NszBU,Nagad,180,"2025-09-19 21:57:46",paid
6193,2862904,04-063-0052-00,fCY2f1WZ9E,Nagad,180,"2025-09-19 22:24:55",paid
6196,2886580,19-393-0008-00,eKe0ae6Oir,bKash,180,"2025-09-20 00:08:05",paid
6198,2895831,22-462-0092-00,63yUxyy4Ix,Nagad,1080,"2025-09-20 10:39:07",canceled
6199,2895831,22-462-0092-00,zY2Ylrmqp6,Nagad,1080,"2025-09-20 10:48:42",canceled
6200,2895831,22-462-0092-00,ZKpXtysZNQ,Nagad,1080,"2025-09-20 10:50:15",paid
6201,2876840,09-729-0396-00,NulSgkPLgo,bKash,180,"2025-09-20 11:01:14",paid
6202,2926435,31-694-0025-0C,ysXnU9Hki5,bKash,1587,"2025-09-20 11:24:44",paid
6203,2880937,17-313-0095-8এ,wjgmQa34Ak,bKash,5400,"2025-09-20 11:28:55",paid
6205,2922174,25-563-0053-03,jqTxiV3wR2,bKash,1440,"2025-09-20 12:55:24",paid
6206,2896830,18-368-0020-20ক,ldqsF1DlMQ,bKash,180,"2025-09-20 13:21:34",paid
6207,2911322,01-012-0019-18,3H4dxJwPwU,bKash,180,"2025-09-20 16:09:54",paid
6208,2910751,01-008-0071-08,wG2tY7ZUxW,bKash,23040,"2025-09-20 17:28:40",paid
6209,2875554,09-115-0012-1ঙ,uILWBz3T6a,DBBL,306,"2025-09-20 18:39:46",paid
6210,2880198,17-311-0011-50,inOyuk2OLt,Nagad,1859,"2025-09-20 18:45:35",paid
6211,2916569,15-278-0050-00,PG78EX4WG3,"UCB CARD",1080,"2025-09-20 19:32:53",paid
6212,2916570,15-278-0051-00,h3FHCS6SF6,"UCB CARD",720,"2025-09-20 19:45:13",paid
6213,2921380,25-555-0015-03,AIv9c2gWxy,bKash,1440,"2025-09-20 20:31:02",paid
6214,2874304,09-109-0067-0খ,PZeI5aHMFn,bKash,360,"2025-09-20 20:58:14",paid
6216,2899982,24-479-0170-14সি,S9f5wkt7J7,"UCB CARD",2970,"2025-09-20 22:27:09",paid
6218,2875101,09-111-0468-00,Azmgzv7XxD,bKash,15149,"2025-09-21 09:04:06",paid
6219,2934194,05-011-0446-02,iUsQDcrMES,bKash,464,"2025-09-21 09:50:58",paid
6220,2910476,01-007-0195-00,E7scaRMGwy,bKash,180,"2025-09-21 10:02:44",paid
6223,2905368,30-057-0005-00,9xVY5htZpA,bKash,1602,"2025-09-21 10:20:16",paid
6224,2920257,25-385-0050-05,Bsqvyt8uKS,bKash,1484,"2025-09-21 10:25:33",paid
6225,2866810,06-094-0026-00,m9t0mTrMbJ,bKash,2700,"2025-09-21 10:26:25",paid
6226,2920468,25-385-0152-00,R537gMfY47,bKash,1152,"2025-09-21 10:27:15",paid
6227,2891507,14-246-0102-03,ssOAuKHHp7,"UCB CARD",1800,"2025-09-21 10:35:51",paid
6228,2924645,28-641-0013-01,keVWbWhhyS,"UCB CARD",8633,"2025-09-21 10:50:04",paid
6229,2891319,14-245-0028-01,PjE05U52gS,bKash,194,"2025-09-21 11:03:08",paid
6230,2905216,26-584-0004-00,qVBlGIX8ox,bKash,184,"2025-09-21 11:19:30",paid
6231,2905175,26-583-0002-01,604p4ICCTw,bKash,2923,"2025-09-21 11:48:43",paid
6232,2892909,14-268-0063-9/খ,BApv4xzEGv,Nagad,180,"2025-09-21 11:58:00",paid
6233,2922425,25-567-0013-01,wSXEqy5fYk,bKash,1629,"2025-09-21 12:06:05",paid
6234,2898513,18-388-0020-02,HqU36y02oF,bKash,1800,"2025-09-21 12:13:54",paid
6235,2887711,27-421-0304-00,a0tl3ima0E,bKash,3367,"2025-09-21 12:25:52",paid
6236,2878686,17-289-0023-11,cLZtzLcRL8,bKash,6120,"2025-09-21 12:55:33",paid
6238,2866806,06-094-0023-00,8j5cpqo1U9,Nagad,3308,"2025-09-21 12:57:33",paid
6239,2922105,25-563-0012-00,xTGstYJyFr,bKash,5400,"2025-09-21 12:59:39",paid
6240,2928653,31-718-0003-00,QiMAaJzq8r,bKash,640,"2025-09-21 13:03:24",paid
6241,2928651,31-718-0001-01,lRl5nQpiLw,bKash,640,"2025-09-21 13:12:46",paid
6243,2928661,31-718-0007-02,4EGqWHPQws,bKash,423,"2025-09-21 13:17:50",paid
6244,2923216,28-624-0017-09,jmjSe11ncl,bKash,371,"2025-09-21 13:30:04",paid
6245,2868091,29-644-0003-00,leTNnylmb2,bKash,2736,"2025-09-21 13:31:45",paid
6246,2934454,09-110-0008-6A,KeorOrdsnc,bKash,6437,"2025-09-21 14:02:51",paid
6247,2934234,03-007-0087-11,jeqwO5bhf7,bKash,2580,"2025-09-21 14:36:30",paid
6248,2867468,29-444-0087-01,HeCk7j8ivu,bKash,1756,"2025-09-21 14:40:07",paid
6250,2934299,29-648-0022-04,Z2OQFOBk5w,DBBL,19715,"2025-09-21 15:02:01",failed
6251,2919414,16-287-0097-00,cwiiaCsgWk,bKash,180,"2025-09-21 17:55:10",paid
6253,2879850,17-308-0134-00,t3XuTVFPNA,"UCB CARD",2056,"2025-09-21 19:40:05",paid
6256,2878214,17-283-0055-4খ,USkDWoiAfJ,bKash,864,"2025-09-21 22:11:46",paid
6257,2928413,31-715-0037-8/ক,oGEDOZ0GoM,bKash,1509,"2025-09-21 22:15:04",paid
6258,2892752,14-268-0044-8/খ,gDSHzVk5Ay,Nagad,410,"2025-09-21 22:30:49",paid
6260,2925118,31-688-0001-3ক,8Z8jIb4DTc,Nagad,16326,"2025-09-21 23:18:22",canceled
6263,2916701,15-733-0010-00,l1xBgf4arJ,bKash,720,"2025-09-22 08:52:40",paid
6264,2916702,15-733-0011-00,NTvmsd8WWY,bKash,180,"2025-09-22 08:57:34",paid
6265,2921202,25-552-0064-01,C7pIABzipP,bKash,180,"2025-09-22 10:50:19",paid
6266,2904414,26-572-0073-09,blbaxNGeUD,bKash,180,"2025-09-22 10:58:16",paid
6267,2903655,26-559-0031-00,8wJPI037XY,bKash,1900,"2025-09-22 10:59:51",paid
6268,2934894,14-248-0019-2A,Krem0RdZCI,DBBL,8244,"2025-09-22 11:18:28",paid
6269,2896188,18-322-0105-17,Y7IW8LNurh,bKash,576,"2025-09-22 11:25:05",paid
6270,2920235,25-385-0012-05,JWIQbYzek0,bKash,513,"2025-09-22 11:27:00",paid
6271,2903936,26-570-0050-01,8j4GnrWFnu,bKash,576,"2025-09-22 11:29:11",paid
6272,2921013,25-407-0023-00,m4oqzM8FyS,bKash,180,"2025-09-22 11:30:14",paid
6273,2904494,26-573-0018-07,PxMEsswd82,bKash,3069,"2025-09-22 11:48:51",paid
6274,2904488,26-573-0018-01,XtYgl7fDBE,bKash,540,"2025-09-22 11:50:35",paid
6275,2904500,26-573-0020-05,yeP1J9S65w,bKash,2700,"2025-09-22 12:04:31",paid
6277,2875968,09-117-0028-05,eQc59SSAIp,bKash,180,"2025-09-22 13:24:33",paid
6278,2924676,28-641-0034-00,3fvPO6kLy5,bKash,2997,"2025-09-22 13:59:43",paid
6279,2921895,25-560-0033-00,eZ8T9Y5Rjc,bKash,2297,"2025-09-22 14:04:39",paid
6282,2916919,16-267-0019-00,g8hrBxDA8G,bKash,180,"2025-09-22 16:05:30",paid
6283,2861818,04-050-0006-00,GHW79uCb1I,bKash,180,"2025-09-22 17:56:33",paid
6286,2918120,16-283-0131-5ক,6il6ZvZ3cJ,bKash,5310,"2025-09-22 19:14:59",paid
6290,2856550,13-241-0151-00,a6vrSiIot7,bKash,12018,"2025-09-22 20:25:35",paid
6292,2914217,12-331-0017-00,LQEbFHObSU,bKash,6300,"2025-09-22 20:44:22",paid
6294,2898870,18-398-0008-00,9BozO2EFX1,Nagad,3122,"2025-09-22 22:29:43",canceled
6295,2898870,18-398-0008-00,vJbejKgmg1,Nagad,3122,"2025-09-22 22:33:38",paid
6296,2887036,19-398-0178-00,fpLpeVn73T,Nagad,248,"2025-09-22 22:37:07",paid
6297,2927146,31-696-0078-40,vCNIxB3Yvs,bKash,180,"2025-09-22 22:45:51",paid
6299,2891563,14-247-0010-01,EtrtevOReK,bKash,1293,"2025-09-23 06:10:21",paid
6300,2899139,18-772-0110-00,yOnJQud10v,"Modhumoti BANK IB",94392,"2025-09-23 09:15:39",canceled
6303,2863711,07-101-0006-02,Sei0sapJYS,bKash,225,"2025-09-23 09:52:27",paid
6306,2920712,25-386-0055-00,IxjJwFCdmz,bKash,180,"2025-09-23 10:05:45",paid
6307,2903696,26-560-0008-01,D2UDpt1q7i,bKash,345,"2025-09-23 10:10:49",paid
6308,2897457,18-375-0083-2ক,IVURFl0QE7,Nagad,180,"2025-09-23 10:13:55",paid
6309,2897454,18-375-0083-02,sFlFdJUify,Nagad,522,"2025-09-23 10:19:24",paid
6310,2934943,31-718-0068-00,jCHQJKI1vD,bKash,1955,"2025-09-23 10:20:03",paid
6312,2922115,25-563-0015-02,JJM8aFdnml,bKash,180,"2025-09-23 10:31:31",paid
6315,2903687,26-560-0006-01,fYSJYUtJBq,bKash,270,"2025-09-23 10:47:20",paid
6316,2914976,12-345-0053-00,0eMHi58kpg,bKash,555,"2025-09-23 10:57:49",paid
6318,2883690,05-088-0199-10,qMMyqgNhFL,bKash,227,"2025-09-23 11:07:11",paid
6325,2893274,14-270-0055-01,jZ8GdTe9Zz,bKash,180,"2025-09-23 11:37:44",paid
6327,2899139,18-772-0110-00,FbtdNWuOKL,"UCB CARD",94392,"2025-09-23 11:44:01",canceled
6329,2898113,18-383-0006-00,dwD9h3Gc7V,bKash,180,"2025-09-23 11:51:17",paid
6330,2922086,25-563-0003-01,k9ZezSjgQ5,bKash,2242,"2025-09-23 11:51:59",paid
6332,2922360,25-565-0036-01,Rvs4HVTdRp,bKash,4409,"2025-09-23 11:53:37",paid
6333,2899139,18-772-0110-00,WHZLYnihsW,"UCB CARD",94392,"2025-09-23 11:57:23",paid
6335,2892888,14-268-0063-7গ,7gvYJ1FjlD,Nagad,504,"2025-09-23 11:58:34",paid
6336,2921201,25-552-0064-00,NlR80tX0jX,bKash,7200,"2025-09-23 12:03:18",paid
6337,2920449,25-385-0140-00,b2oMBMY2iT,bKash,180,"2025-09-23 12:10:10",paid
6338,2890630,14-091-0026-03,jsrKGRwNJk,bKash,180,"2025-09-23 12:11:16",paid
6339,2898022,18-380-0062-01,KeBUvwHiTB,bKash,180,"2025-09-23 12:34:17",paid
6340,2897662,18-379-0004-00,SDY1fU2nHA,bKash,1073,"2025-09-23 12:36:19",paid
6341,2913319,11-239-0065-00,izhW9K3OK6,bKash,180,"2025-09-23 12:53:37",paid
6342,2925716,31-692-0001-1গ,ScPQ68WpbP,bKash,29106,"2025-09-23 14:40:44",paid
6343,2856503,13-241-0125-04,9H2UM0yI6g,bKash,7776,"2025-09-23 14:55:14",paid
6346,2897908,18-380-0030-49এ,PjbogxSrom,bKash,4500,"2025-09-23 17:00:28",paid
6348,2910503,01-007-0210-0ক,DmUnSEu2Aj,bKash,820,"2025-09-23 17:39:35",paid
6350,2911295,01-012-0012-00,wip03P7jZT,"UCB CARD",10809,"2025-09-23 19:18:08",paid
6351,2915110,12-348-0012-00,de6uYOQsFC,bKash,2070,"2025-09-23 19:24:55",paid
6352,2904448,26-572-0093-03,vJuGdMkQ0a,bKash,6786,"2025-09-23 20:08:07",paid
6353,2918189,16-283-0150-00,xoykGrpoFt,Nagad,7200,"2025-09-23 20:18:46",paid
6354,2909741,01-004-0250-01,BwWrUeggAy,Nagad,720,"2025-09-23 20:41:54",failed
6355,2909741,01-004-0250-01,dtzCAB7nma,Nagad,720,"2025-09-23 20:43:45",canceled
6356,2909741,01-004-0250-01,QT9GfMLwcF,bKash,720,"2025-09-23 20:45:39",paid
6357,2892136,14-265-0092-00,TYBtavKIlP,bKash,16200,"2025-09-23 20:48:06",paid
6358,2870540,03-007-0073-00,VaBhBiJh1h,bKash,180,"2025-09-23 20:53:13",paid
6365,2870386,03-007-0010-02,hToDc5ZfAM,bKash,180,"2025-09-23 21:55:57",paid
6368,2923829,28-633-0085-00,SFwnHPdeot,bKash,11100,"2025-09-23 22:16:51",paid
6370,2901804,24-524-0010-1ডাব্লিউ,n9Kpx00dPL,bKash,8550,"2025-09-23 23:16:01",paid
6372,2863151,04-067-0013-04,WUyFfMl1xi,bKash,533,"2025-09-24 08:21:51",paid
6374,2901259,24-512-0010-ই/A,cGPH2hqfVz,bKash,2470,"2025-09-24 09:01:59",paid
6376,2901260,24-512-0010-ই/B,uR3RQ7M6DX,bKash,2470,"2025-09-24 09:11:22",paid
6377,2901262,24-512-0010-ই/D,YrhQZIGSVX,bKash,238,"2025-09-24 09:14:33",paid
6378,2901261,24-512-0010-ই/C,lkcv4GOmUu,bKash,2660,"2025-09-24 09:17:31",paid
6379,2901264,24-512-0010-ই/F,Pqr7XXNbM6,bKash,238,"2025-09-24 09:20:01",paid
6380,2906547,30-670-0012-02,NfjEOjsrM7,bKash,180,"2025-09-24 09:39:53",paid
6381,2891023,14-111-0181-05,LZREreRR3S,bKash,180,"2025-09-24 09:50:25",paid
6382,2897692,18-379-0018-01,nskHYafbli,bKash,4500,"2025-09-24 10:06:00",paid
6383,2926529,31-694-0034-04,61Fyme64oa,Nagad,180,"2025-09-24 10:09:03",paid
6384,2908474,30-687-0034-04,36Qw6u7QX9,bKash,180,"2025-09-24 10:22:13",paid
6385,2920476,25-385-0156-00,NThDBW49b7,bKash,180,"2025-09-24 10:32:00",paid
6387,2898234,18-386-0084-4A,9qmgbgpnK9,"UCB CARD",10575,"2025-09-24 10:56:33",paid
6388,2882643,05-077-0169-00,yDukLRC94N,Nagad,180,"2025-09-24 11:06:01",paid
6389,2871961,03-033-0188-04,0OqIRqhL7b,bKash,180,"2025-09-24 11:18:26",paid
6390,2905010,26-580-0003-00,IKTKrmXs1g,bKash,618,"2025-09-24 11:30:15",paid
6391,2925115,31-688-0001-15,zCP3bsPxaS,Nagad,180,"2025-09-24 11:31:27",paid
6392,2904496,26-573-0020-00,aa63qrFwXj,bKash,360,"2025-09-24 11:34:45",paid
6393,2905170,26-582-0020-01,ijmSWHIZlD,bKash,410,"2025-09-24 11:48:39",paid
6394,2935131,18-383-0012-00,fxua89AIs8,bKash,180,"2025-09-24 12:04:24",paid
6396,2935179,10-140-0012-00,fDvicxi4cA,bKash,10530,"2025-09-24 12:30:51",paid
6397,2907262,30-679-0015-00,1YgxRqUtQE,Nagad,1204,"2025-09-24 12:33:27",paid
6399,2897313,18-375-0027-08,GOLnYLxOS1,bKash,180,"2025-09-24 12:33:59",paid
6400,2935067,17-311-0014-9A,cCfdjI3MvE,bKash,1175,"2025-09-24 12:34:03",paid
6401,2907279,30-679-0020-01,DmBbKBZdLf,Nagad,180,"2025-09-24 12:34:16",paid
6403,2905169,26-582-0020-00,KR3BA16gdK,bKash,180,"2025-09-24 13:02:21",paid
6404,2920532,25-385-0181-01,S2WsXDS345,bKash,250,"2025-09-24 13:27:29",paid
6407,2888166,27-538-0082-25/খ,MHScnJFxMP,bKash,1337,"2025-09-24 13:53:41",paid
6410,2896567,18-365-0008-11,KSshfBYXXc,bKash,1049,"2025-09-24 15:11:14",paid
6411,2892012,14-260-0120-08,8WJQ8VobKL,bKash,1800,"2025-09-24 15:14:47",paid
6413,2900300,24-481-0168-6ক,96A5Yi4eef,bKash,2344,"2025-09-24 17:53:05",paid
6415,2883328,05-082-0001-00,gXVJLRApur,bKash,710,"2025-09-24 18:03:10",paid
6416,2883908,10-134-0039-00,s03jyZvxNz,"City Bank",353,"2025-09-24 18:20:35",paid
6418,2926539,31-694-0036-03,QENMOsm8Sg,bKash,640,"2025-09-24 19:33:28",paid
6419,2897015,18-371-0025-11খ,KQIxIGFrUY,UPAY_MFS,329,"2025-09-24 20:46:39",paid
6420,2897047,18-371-0025-17এ,lgVvVu6GTa,DBBL,5400,"2025-09-24 20:52:30",paid
6421,2907757,30-681-0005-06,5AOt5ZxMZW,"City Bank",21969,"2025-09-24 21:26:10",canceled
6423,2897361,18-375-0044-04,Lrqb5b9Ewp,Nagad,288,"2025-09-24 21:45:21",paid
6424,2890749,14-111-0019-00,TPuyKp82QQ,bKash,1425,"2025-09-24 21:56:27",paid
6425,2884906,10-165-0050-00,Yo7l7hPZAM,bKash,1025,"2025-09-24 22:44:53",paid
6426,2876797,09-729-0354-00,ZWfhO1YpQx,bKash,180,"2025-09-25 00:39:52",paid
6427,2877116,09-781-0030-00,9MfbUXFBIh,bKash,180,"2025-09-25 01:19:54",paid
6428,2876873,09-729-0476-00,B9rGljT7Lt,bKash,180,"2025-09-25 01:26:37",paid
6429,2877494,09-791-0477-00,ybNt0btfz9,bKash,180,"2025-09-25 01:34:14",paid
6430,2877123,09-781-0036-00,bUyITDs03p,bKash,180,"2025-09-25 01:39:00",paid
6431,2877126,09-781-0039-00,SpxprkE91u,bKash,180,"2025-09-25 01:47:01",paid
6432,2916703,15-733-0012-00,Ah656O4lsS,bKash,133,"2025-09-25 09:43:36",paid
6433,2883868,10-132-0043-00,lM0NL5WH32,"City Bank",18000,"2025-09-25 09:52:04",paid
6434,2920690,25-386-0045-00,8EsWoHvK7W,bKash,640,"2025-09-25 10:20:07",paid
6435,2932929,18-380-0012-1গ,AIgmfRJu4W,bKash,234,"2025-09-25 10:22:11",paid
6436,2905161,26-582-0011-01,5OCTnONAza,bKash,180,"2025-09-25 10:22:21",paid
6437,2920263,25-385-0051-0A,7JsbqjbQO6,bKash,360,"2025-09-25 10:24:12",paid
6438,2934837,18-772-0168-0A,k00kcTkUke,bKash,7119,"2025-09-25 10:32:25",paid
6439,2861924,04-050-0058-00,3MBN9AZ6OL,bKash,180,"2025-09-25 10:34:59",paid
6440,2904321,26-572-0022-01,kF7G2dvkNI,bKash,1008,"2025-09-25 10:36:18",paid
6441,2906763,30-674-0008-01,tmfmuCgPZh,Nagad,180,"2025-09-25 10:46:11",paid
6442,2892804,14-268-0063-10খ,LAWqJT5pBc,bKash,7298,"2025-09-25 11:07:39",paid
6443,2897716,18-380-0003-00,8tDj69YG0O,bKash,2115,"2025-09-25 11:11:36",paid
6444,2934299,29-648-0022-04,WjfD1QHYwV,DBBL,19715,"2025-09-25 11:16:30",paid
6445,2931301,19-406-0032-00,O37p1MPj9z,bKash,4500,"2025-09-25 11:21:12",paid
6446,2922361,25-565-0036-02,jzQuPphHfL,bKash,180,"2025-09-25 11:22:17",paid
6447,2910274,01-007-0122-05,60MGHIvzaw,bKash,180,"2025-09-25 11:30:49",paid
6448,2883835,10-131-0038-05,8P0aKgla9n,bKash,756,"2025-09-25 11:31:16",paid
6449,2903646,26-559-0027-02,lwCzHnRork,bKash,1620,"2025-09-25 11:49:11",paid
6450,2922382,25-566-0004-00,HAGolDRwno,bKash,24422,"2025-09-25 12:01:50",paid
6452,2903446,26-390-0261-04,2YsGCJrvGH,IBBL,10287,"2025-09-25 12:27:20",paid
6457,2873354,09-011-0294-00,2E8xLJDfrx,bKash,12402,"2025-09-25 12:58:04",paid
6458,2867218,29-421-0091-00,RsKqko2coR,bKash,4473,"2025-09-25 13:19:51",paid
6459,2887444,19-405-0027-00,SWT4WgHp1j,bKash,1454,"2025-09-25 15:09:39",paid
6460,2900368,24-483-0189-00,oohd4IjhBy,bKash,10800,"2025-09-25 15:45:30",paid
6461,2920888,25-390-0240-0খ,KBq7CovFmy,bKash,7310,"2025-09-25 16:31:49",paid
6462,2892890,14-268-0063-7ঙ,AfJY3NqULJ,Nagad,180,"2025-09-25 17:11:18",paid
6463,2872846,03-037-0085-00,93IrNqTqyg,bKash,180,"2025-09-25 19:20:41",paid
6464,2934269,18-368-0023-00,OFa9drzITJ,Nagad,15120,"2025-09-25 20:15:23",paid
6465,2878665,17-289-0020-00,R8y69URsgp,Nagad,27000,"2025-09-25 21:03:34",paid
6466,2875440,09-114-0044-03,EenGrgPyYc,bKash,1559,"2025-09-25 21:47:58",paid
6468,2901195,24-507-0484-7C,txOE7OHcf4,"UCB CARD",7774,"2025-09-25 23:39:25",paid
6469,2907757,30-681-0005-06,KbG2pD2qhC,bKash,21969,"2025-09-26 00:42:24",paid
6470,2877513,09-791-0496-00,u3eb23xEuc,bKash,180,"2025-09-26 00:43:38",paid
6471,2876868,09-729-0424-00,0UXkRiOuO3,bKash,180,"2025-09-26 00:47:56",paid
6472,2877412,09-788-0674-00,YMhLoCQUec,bKash,180,"2025-09-26 00:50:29",paid
6474,2877415,09-788-0676-00,KD1uncgpZD,bKash,180,"2025-09-26 00:54:10",paid
6475,2876866,09-729-0422-00,mskfAxmD9Q,bKash,180,"2025-09-26 00:55:58",paid
6476,2876735,09-729-0295-00,O0hvURKDVA,bKash,180,"2025-09-26 00:59:17",paid
6477,2877612,09-792-0583-00,3gbp7qYFil,bKash,180,"2025-09-26 01:02:32",paid
6478,2876710,09-729-0271-00,bKGgji0N8a,bKash,180,"2025-09-26 01:04:29",paid
6479,2876757,09-729-0315-00,iOUu0cAsVy,bKash,180,"2025-09-26 01:07:23",paid
6480,2873836,09-108-0028-6ক,wztMx9IJZW,bKash,180,"2025-09-26 01:17:25",paid
6481,2876689,09-729-0250-00,XzT5dsZ0rt,bKash,180,"2025-09-26 01:19:31",paid
6482,2876794,09-729-0351-00,QsM1GzdQpt,bKash,180,"2025-09-26 01:22:28",paid
6483,2876756,09-729-0314-00,pRDt68GfvV,bKash,180,"2025-09-26 01:25:47",paid
6484,2876564,09-729-0130-00,JpeFWoEESA,bKash,180,"2025-09-26 01:27:33",paid
6485,2876600,09-729-0161-00,kmJyw5uB80,bKash,180,"2025-09-26 01:29:24",paid
6487,2876527,09-729-0097-00,wET8DqGIJm,bKash,180,"2025-09-26 01:31:56",paid
6488,2876528,09-729-0098-00,bKxGDFTthi,bKash,180,"2025-09-26 01:36:55",paid
6489,2876795,09-729-0352-00,bkMV37NqUv,bKash,180,"2025-09-26 01:39:10",paid
6490,2876661,09-729-0222-00,chzskzqCQU,bKash,180,"2025-09-26 01:41:59",paid
6491,2876694,09-729-0255-00,HXsZ7v1CEW,bKash,180,"2025-09-26 01:43:45",paid
6492,2877307,09-788-0020-00,duTOTtfZnJ,bKash,180,"2025-09-26 01:48:39",paid
6493,2876809,09-729-0366-00,HztU1725OC,bKash,180,"2025-09-26 01:50:57",paid
6494,2877561,09-791-0543-00,tv4n0KsO1N,bKash,180,"2025-09-26 01:52:43",paid
6495,2876749,09-729-0307-00,ToSS0XcqcD,bKash,180,"2025-09-26 01:55:26",paid
6496,2877488,09-791-0470-00,gNC5f5bBNl,bKash,410,"2025-09-26 01:57:00",paid
6497,2876800,09-729-0357-00,Yp1r5cMAVd,bKash,180,"2025-09-26 01:58:47",paid
6498,2877439,09-788-0708-00,2bzThLc6wK,bKash,360,"2025-09-26 02:00:41",paid
6499,2877155,09-787-0026-00,X8I1YDzZyp,bKash,410,"2025-09-26 02:02:11",paid
6500,2876657,09-729-0218-00,6W2StMHat4,bKash,180,"2025-09-26 02:03:54",paid
6504,2911389,01-012-0022-3খ,aWOxfOp7VH,bKash,630,"2025-09-26 09:15:05",paid
6505,2912756,11-098-0559-00,nvAjV3gw89,bKash,720,"2025-09-26 09:20:17",paid
6507,2898783,18-389-0003-00,2a5h6WkCPz,bKash,9238,"2025-09-26 09:49:53",paid
6509,2888130,27-538-0082-02,MDn9JF5att,bKash,2160,"2025-09-26 11:07:53",paid
6510,2868600,29-657-0005-00,oVZEKIzdHz,bKash,828,"2025-09-26 14:05:01",paid
6511,2909472,01-004-0112-04,cHNYXD7Om8,bKash,410,"2025-09-26 14:15:36",paid
6512,2925118,31-688-0001-3ক,qz6OGP6IRW,bKash,16326,"2025-09-26 15:02:45",paid
6513,2872145,03-035-0005-00,AGNRB8sdbp,bKash,410,"2025-09-26 17:52:26",paid
6516,2928212,31-714-0041-01,pXPhGUuTnW,bKash,920,"2025-09-26 18:20:45",paid
6517,2921050,25-552-0015-00,sVomdmHNsX,bKash,274,"2025-09-26 19:26:09",paid
6518,2921051,25-552-0015-01,aniwEFTbnP,bKash,180,"2025-09-26 19:30:08",paid
6520,2919046,16-286-0093-01,7Tv8NEc8uK,bKash,5400,"2025-09-26 21:20:24",paid
6521,2895859,22-463-0001-6A,y4xxz6YajG,"UCB CARD",7200,"2025-09-26 21:56:12",paid
6524,2910382,01-007-0145-00,H0sbWVAZgC,"UCB CARD",1235,"2025-09-26 22:54:08",paid
6525,2876750,09-729-0308-00,wjJ2mR0hfc,bKash,180,"2025-09-27 01:11:51",paid
6526,2877533,09-791-0514-00,zW3BSj61kQ,bKash,180,"2025-09-27 01:14:10",paid
6527,2877534,09-791-0515-00,DG8giT613m,bKash,180,"2025-09-27 01:16:02",paid
6528,2877441,09-788-0711-00,dz6RXF6z4o,bKash,180,"2025-09-27 01:19:46",paid
6529,2877424,09-788-0686-00,P7ehuAAPvu,bKash,180,"2025-09-27 01:24:52",paid
6530,2876744,09-729-0304-00,9BdtSzS9WR,bKash,180,"2025-09-27 01:26:45",paid
6531,2877511,09-791-0494-00,wc5om2qmqw,bKash,180,"2025-09-27 01:29:53",paid
6532,2876691,09-729-0252-00,EAcXpvhNsC,bKash,410,"2025-09-27 01:31:53",paid
6534,2877098,09-781-0012-00,QCz0sWv01c,bKash,180,"2025-09-27 01:36:39",paid
6535,2877097,09-781-0011-00,XFYdszJwwP,bKash,180,"2025-09-27 01:38:32",paid
6536,2877622,09-792-0594-00,KutqwZxhqn,bKash,180,"2025-09-27 01:41:15",paid
6537,2898227,18-386-0084-1A,rhBfHHm1Kw,bKash,15300,"2025-09-27 08:23:21",paid
6538,2903808,26-570-0001-00,mZlG28KhFg,Nagad,2279,"2025-09-27 09:04:30",paid
6539,2903811,26-570-0001-03,LWiRIXlHrN,bKash,23400,"2025-09-27 09:11:56",paid
6540,2891495,14-246-0099-01,UvuUyV2pMW,bKash,4140,"2025-09-27 09:40:05",paid
6543,2866439,06-088-0094-0ঙ,CxkuDvTlmW,bKash,13500,"2025-09-27 10:05:13",paid
6544,2872147,03-035-0005-03,n85ZR4cGv8,bKash,1350,"2025-09-27 10:17:09",paid
6545,2870420,03-007-0034-01,lr3O4wS8rT,bKash,3747,"2025-09-27 10:27:57",paid
6549,2918473,16-284-0036-00,EH7M3qlIG8,bKash,270,"2025-09-27 12:38:28",paid
6552,2902236,24-538-0193-00,D4sxvQOabv,bKash,2880,"2025-09-27 13:51:16",paid
6555,2862252,04-054-0054-01,nYUwdC5LCT,Nagad,180,"2025-09-27 16:24:25",paid
6556,2875821,09-116-0440-00,xcgf1icOPH,bKash,12600,"2025-09-27 16:35:38",paid
6557,2874313,09-109-0070-2ক,2hHLeWwEl4,bKash,9000,"2025-09-27 17:13:40",paid
6559,2876338,09-728-0014-0a,hzyjerE4SF,bKash,1098,"2025-09-27 17:19:49",paid
6560,2874315,09-109-0070-3খ,NC6BDv8GZJ,Nagad,2880,"2025-09-27 17:20:07",paid
6561,2899701,24-476-0124-11,oyTyxBaNxF,"UCB CARD",3600,"2025-09-27 18:00:35",canceled
6562,2899701,24-476-0124-11,j3GAMNikFt,"UCB CARD",3600,"2025-09-27 18:06:29",paid
6563,2916920,16-267-0020-00,wVRqREvAy9,bKash,180,"2025-09-27 19:13:57",paid
6564,2935204,18-376-0003-00,rrfN6AzabU,bKash,12240,"2025-09-27 19:44:36",paid
6566,2880514,17-311-0029-0খ,tcrFMMjZMR,bKash,7380,"2025-09-27 20:04:07",paid
6567,2879808,17-308-0110-01,3zsHFXKBEI,bKash,5400,"2025-09-27 20:33:45",paid
6569,2929518,31-724-0073-36ছ,XQbcBGrym7,bKash,184,"2025-09-27 21:18:43",paid
6570,2929508,31-724-0073-35,G80JLuHzVg,Nagad,180,"2025-09-27 21:21:52",paid
6571,2920354,25-385-0078-00,PMmaO9MWtT,bKash,23564,"2025-09-27 21:39:32",paid
6575,2877781,09-805-0143-01,xMucoXEKos,bKash,1800,"2025-09-27 23:07:39",paid
6576,2935287,17-311-0014-14,hPUcYUXWb1,bKash,4896,"2025-09-27 23:09:17",paid
6577,2914543,12-339-0101-00,el2X7NbqpB,bKash,11700,"2025-09-27 23:25:38",paid
6578,2897093,18-373-0001-01,SoFJh10GM0,Nagad,180,"2025-09-28 00:16:31",paid
6579,2876502,09-729-0071-00,Igae0w6oWK,bKash,180,"2025-09-28 00:43:19",paid
6580,2877606,09-792-0577-00,eQbSDUKfG9,bKash,180,"2025-09-28 00:47:12",paid
6581,2877628,09-792-0601-00,5y9xhxsmFs,bKash,180,"2025-09-28 00:52:23",paid
6582,2877625,09-792-0598-00,gp7JNeYGFy,bKash,180,"2025-09-28 00:58:04",paid
6583,2874671,09-110-0202-00,rXP1YKphfI,bKash,360,"2025-09-28 01:00:01",paid
6584,2877308,09-788-0021-00,CmlG6W0Tl5,bKash,180,"2025-09-28 01:02:07",paid
6585,2876195,09-126-0272-00,tyZg7IO9eI,bKash,180,"2025-09-28 01:04:25",paid
6586,2877507,09-791-0490-00,bJdHCg8YAO,bKash,180,"2025-09-28 01:06:57",paid
6587,2876758,09-729-0316-00,XzjH5I8zo3,bKash,180,"2025-09-28 01:10:27",paid
6588,2877305,09-788-0018-01,hf1J0JMwn6,bKash,410,"2025-09-28 01:13:42",paid
6589,2876876,09-729-0618-00,Tou0muKwPK,bKash,180,"2025-09-28 01:28:45",paid
6590,2876877,09-729-0619-00,esmq56eCpD,bKash,360,"2025-09-28 01:30:39",paid
6591,2876695,09-729-0256-00,ly4mcSfIFC,bKash,180,"2025-09-28 01:34:16",paid
6592,2877406,09-788-0665-00,ylltU1lBVa,bKash,180,"2025-09-28 01:38:15",paid
6593,2877440,09-788-0710-00,KjWpToSiGU,bKash,311,"2025-09-28 01:40:06",paid
6594,2876799,09-729-0356-00,sZFflke79q,bKash,180,"2025-09-28 01:42:09",paid
6595,2876708,09-729-0269-00,nHxs424yKS,bKash,180,"2025-09-28 01:44:15",paid
6596,2876847,09-729-0402-00,Wphy0c4apk,bKash,180,"2025-09-28 01:49:15",paid
6597,2877284,09-787-0143-00,9jbAoQ0Sgj,bKash,180,"2025-09-28 01:51:08",paid
6598,2876181,09-124-0130-0চ,YhoRXAdikQ,bKash,5760,"2025-09-28 01:57:25",paid
6599,2877630,09-792-0602-0ক,eS7Kplq92q,bKash,180,"2025-09-28 02:00:30",paid
6600,2893007,14-268-0097-01,GWw1o2rCWQ,bKash,477,"2025-09-28 03:58:41",paid
6601,2935203,24-544-0030-00,uULIjQEC3K,bKash,508,"2025-09-28 09:03:05",paid
6602,2888637,27-585-0187-00,czbqk8jvD6,bKash,592,"2025-09-28 09:05:44",paid
6603,2888636,27-585-0186-00,LtNz7iob1O,bKash,348,"2025-09-28 09:10:40",paid
6604,2928082,31-714-0022-26,9GuRuFRXXJ,bKash,1024,"2025-09-28 09:36:07",paid
6608,2904079,26-570-0108-01,jqdELR2t1y,bKash,180,"2025-09-28 10:21:49",paid
6609,2914219,12-331-0019-00,Yp7vhOycFR,bKash,1014,"2025-09-28 10:26:48",paid
6610,2904591,26-575-0011-03,Unrm0J00KZ,bKash,405,"2025-09-28 10:27:14",paid
6612,2922187,25-564-0002-00,rpTBw8Z69J,bKash,180,"2025-09-28 10:30:27",paid
6614,2918842,16-286-0011-76,cex8iq5iNI,Nagad,48,"2025-09-28 10:49:47",paid
6615,2904589,26-575-0011-01,1oSsmqRos0,bKash,405,"2025-09-28 10:54:54",paid
6616,2893330,14-270-0089-00,mh5hCGDOpZ,bKash,180,"2025-09-28 11:18:12",paid
6617,2921245,25-552-0092-00,qe4s3q1Q12,bKash,180,"2025-09-28 11:35:15",paid
6618,2922296,25-565-0007-00,l6lhxmn8FM,bKash,1590,"2025-09-28 12:01:05",paid
6619,2922168,25-563-0050-00,mbxCQLckkb,bKash,1080,"2025-09-28 12:11:44",paid
6621,2880986,17-316-0043-7এ,KXiGSRRJFf,bKash,15840,"2025-09-28 12:17:54",paid
6622,2935352,23-442-0110-01,JacwczhN2w,bKash,288,"2025-09-28 12:22:18",paid
6623,2905096,26-581-0033-01,Di2fqdJ4lb,bKash,3423,"2025-09-28 12:23:15",paid
6624,2898196,18-385-0236-00,FcKgNeApat,bKash,3457,"2025-09-28 12:33:43",paid
6625,2880978,17-316-0043-00,HR7QuSoRDt,bKash,9000,"2025-09-28 12:35:39",paid
6626,2934434,09-110-0004-3AB,Ct7BWBAxoZ,bKash,6178,"2025-09-28 12:41:31",paid
6627,2905730,30-639-0002-00,o8GMdIcdnJ,bKash,652,"2025-09-28 12:43:09",paid
6628,2920388,25-385-0085-00,I2yivJqtWQ,bKash,457,"2025-09-28 12:45:01",paid
6630,2921340,25-554-0014-00,WxOdJK2tu0,bKash,1161,"2025-09-28 12:59:31",paid
6632,2872350,03-035-0071-10,mBvEr5VvTG,bKash,1330,"2025-09-28 13:02:29",paid
6634,2921928,25-561-0015-01,aIFV47Knht,bKash,1800,"2025-09-28 13:09:31",paid
6635,2867315,29-443-0005-00,2eNcvMu1CI,"UCB CARD",21613,"2025-09-28 13:10:05",paid
6637,2927681,31-710-0005-29ক,6813imjn4S,bKash,4896,"2025-09-28 13:28:26",paid
6638,2909501,01-004-0124-01,DVi4TRLNmZ,bKash,1411,"2025-09-28 13:34:55",paid
6640,2902373,24-542-0058-00,YSO78xZFsr,bKash,3766,"2025-09-28 13:58:46",paid
6641,2880186,17-311-0011-39,yR97MpUwnQ,bKash,3474,"2025-09-28 14:03:13",paid
6642,2920274,25-385-0054-00,He5gyc5Wkn,bKash,914,"2025-09-28 14:39:24",paid
6643,2865448,06-086-0078-07,hVvUKdTkwi,bKash,11700,"2025-09-28 14:53:56",paid
6644,2928785,31-718-0056-00,7kTVvrd0co,bKash,216,"2025-09-28 15:27:55",paid
6645,2880182,17-311-0011-36,YEwVXtJkeQ,"UCB CARD",2257,"2025-09-28 16:08:46",paid
6646,2920323,25-385-0070-00,N22OMwxpQA,bKash,4625,"2025-09-28 16:54:55",paid
6647,2892398,14-267-0374-00,iNQXnO9oKh,bKash,1453,"2025-09-28 17:24:58",paid
6648,2892678,14-268-0013-04,YDioDwrn7p,bKash,180,"2025-09-28 17:30:45",paid
6650,2892962,14-268-0084-08,kKjwr6DYXD,bKash,180,"2025-09-28 17:39:18",paid
6651,2892988,14-268-0089-00,obB9bFrme7,bKash,180,"2025-09-28 17:46:33",paid
6652,2920355,25-385-0079-00,2933p3mOBi,bKash,1077,"2025-09-28 18:02:57",paid
6654,2899537,24-390-0170-0ক,ezj11Slins,Nagad,13500,"2025-09-28 18:20:25",paid
6655,2899866,24-478-0165-04,hIxkKYmaCE,Nagad,5481,"2025-09-28 18:25:02",paid
6656,2899907,24-478-0167-7ঘ,HRlHVjg5Qk,Nagad,1728,"2025-09-28 18:27:41",paid
6657,2899863,24-478-0165-00,QN6qwfXxe6,Nagad,180,"2025-09-28 18:31:43",paid
6660,2872886,03-038-0001-05,Pn0mtpUgHF,bKash,248,"2025-09-28 18:48:46",paid
6661,2912675,11-098-0488-00,knkljUyEvf,bKash,360,"2025-09-28 18:49:14",paid
6662,2912674,11-098-0487-00,LJ2xuFut4r,bKash,504,"2025-09-28 18:57:52",paid
6663,2915031,12-346-0046-00,tmdwc1N27J,bKash,905,"2025-09-28 19:15:00",paid
6664,2872826,03-037-0079-03,fsSq66BiXc,bKash,180,"2025-09-28 19:24:59",paid
6665,2890213,27-610-0037-03,NbRhEoYWt5,bKash,639,"2025-09-28 19:27:34",paid
6666,2910480,01-007-0198-00,CtvFNmwICw,bKash,180,"2025-09-28 19:28:24",paid
6667,2910478,01-007-0197-00,GbrfrGTyWn,bKash,301,"2025-09-28 19:30:50",paid
6668,2922574,28-610-0028-00,eZ8Sg19gDE,bKash,180,"2025-09-28 19:49:53",paid
6669,2917831,16-280-0010-02,7KcocE7GhV,Nagad,619,"2025-09-28 20:30:35",paid
6671,2910378,01-007-0144-01,mBDeo0QGVQ,bKash,410,"2025-09-28 20:56:48",paid
6672,2905808,30-639-0046-00,5TShtLEqKb,bKash,1080,"2025-09-28 21:13:27",paid
6673,2918312,16-284-0007-01,2jFfo0D8vM,bKash,720,"2025-09-28 21:25:08",paid
6674,2900169,24-481-0168-04,xH0PTnb4F1,bKash,2850,"2025-09-28 21:31:37",paid
6676,2888742,27-587-0004-00,8oQN4Viq3s,bKash,360,"2025-09-28 22:56:36",paid
6677,2877202,09-787-0075-00,Ce1ULgD3pa,bKash,3400,"2025-09-29 01:01:50",paid
6678,2877408,09-788-0669-00,WluhmFmKie,bKash,180,"2025-09-29 01:04:00",paid
6679,2877093,09-781-0007-00,gQjy6NMEre,bKash,180,"2025-09-29 01:05:57",paid
6680,2877109,09-781-0023-00,LeBMWgASmZ,bKash,180,"2025-09-29 01:08:39",paid
6682,2876980,09-731-0095-00,gbIBLguGg0,bKash,410,"2025-09-29 01:10:29",paid
6684,2877254,09-787-0121-00,wyYQd45Yj8,bKash,180,"2025-09-29 01:24:32",paid
6685,2877238,09-787-0110-01,bmOtRxvkpE,bKash,410,"2025-09-29 01:27:10",paid
6687,2876190,09-124-0330-1ক,7iJToYefTb,bKash,5400,"2025-09-29 01:30:50",paid
6688,2877661,09-792-0639-00,hYOcPyjQja,bKash,180,"2025-09-29 01:33:01",paid
6689,2877242,09-787-0114-00,BZngaGNSVv,bKash,180,"2025-09-29 01:34:56",paid
6690,2876460,09-729-0027-00,HDtqrCZOCH,bKash,180,"2025-09-29 01:38:56",paid
6691,2876753,09-729-0311-00,TIatqYVPbn,bKash,432,"2025-09-29 01:41:01",paid
6692,2877548,09-791-0530-00,2BpytgUWNa,bKash,180,"2025-09-29 01:42:46",paid
6693,2877549,09-791-0531-00,xAe8sgj1JF,bKash,180,"2025-09-29 01:45:17",paid
6695,2877138,09-787-0002-00,x35tG3j6us,bKash,180,"2025-09-29 01:50:46",paid
6696,2876673,09-729-0234-00,HUScyq5PHs,bKash,180,"2025-09-29 01:52:53",paid
6697,2876623,09-729-0182-00,mDRqSzKxFz,bKash,180,"2025-09-29 01:55:14",paid
6698,2877263,09-787-0125-0ক,sSDp2WPDdV,bKash,180,"2025-09-29 01:58:01",paid
6699,2876752,09-729-0310-00,Ac6FcaZ9kY,bKash,180,"2025-09-29 02:01:30",paid
6701,2901263,24-512-0010-ই/E,yZscVtmiwp,bKash,2660,"2025-09-29 06:56:35",paid
6709,2877039,09-754-0026-00,xkpHLppQFc,bKash,180,"2025-09-29 09:35:39",paid
6711,2865195,06-086-0004-03,XGhie2FkxM,bKash,3240,"2025-09-29 09:54:11",paid
6712,2909526,01-004-0129-01,ge0rxxdoP4,bKash,1093,"2025-09-29 10:01:22",paid
6713,2872686,03-037-0040-00,1MPX3N6NXs,bKash,1260,"2025-09-29 10:19:22",paid
6714,2921231,25-552-0082-00,nBqZ1RwBrR,bKash,180,"2025-09-29 10:37:11",paid
6715,2922412,25-567-0006-00,XBfeM9edKM,bKash,180,"2025-09-29 10:38:28",paid
6716,2898699,18-388-0074-01,LfVUtH4p9q,bKash,3377,"2025-09-29 10:48:40",paid
6719,2873858,09-108-0033-02,TwcUMhOBX3,bKash,1386,"2025-09-29 11:11:54",paid
6720,2863495,07-098-0283-1খ,D70bw9E1gq,bKash,820,"2025-09-29 11:16:37",paid
6721,2901863,24-526-0014-01,SJTpU0choX,"UCB CARD",4931,"2025-09-29 11:24:03",paid
6723,2920542,25-385-0186-1ক,1PWzpqB7dk,bKash,360,"2025-09-29 11:35:18",paid
6724,2921034,25-552-0007-04,F4BCkDDcJY,bKash,518,"2025-09-29 11:43:26",paid
6725,2922403,25-566-0012-00,uF3F6uro9o,bKash,1912,"2025-09-29 11:46:55",paid
6726,2863041,04-064-0003-05,upY0kbzvfs,bKash,180,"2025-09-29 11:48:07",paid
6727,2922186,25-564-0001-10,MJSKwGaBnr,bKash,14400,"2025-09-29 11:50:22",paid
6728,2921081,25-552-0026-00,6zOz8wZCWP,bKash,216,"2025-09-29 11:50:28",paid
6729,2863063,04-064-0019-00,BAo2J5YeIW,bKash,180,"2025-09-29 11:51:51",paid
6730,2922433,25-567-0019-02,2j7qaoy0Kl,bKash,399,"2025-09-29 11:52:04",paid
6732,2908341,30-686-0046-02,Ll65sLziP2,bKash,360,"2025-09-29 12:04:53",paid
6733,2885567,10-188-0067-07,eWyzJiHhOe,bKash,180,"2025-09-29 12:36:02",paid
6734,2921705,25-558-0121-07,XpbTcEUWtb,bKash,1944,"2025-09-29 12:36:41",paid
6735,2921708,25-558-0121-10,pm5QdfueqG,bKash,2059,"2025-09-29 12:38:52",paid
6738,2928403,31-715-0037-0ক,5fwtX9aZXC,DBBL,640,"2025-09-29 13:14:27",paid
6739,2898792,18-389-0007-01,7OTUTB2F7e,Nagad,1101,"2025-09-29 13:18:39",paid
6740,2916912,16-267-0016-0খ,vspdebdSmC,bKash,180,"2025-09-29 13:33:23",paid
6741,2923384,28-625-0048-5A,R6nLdzt45e,bKash,360,"2025-09-29 13:34:32",paid
6742,2916911,16-267-0016-0ক,JqPLVneQOk,bKash,1519,"2025-09-29 13:41:50",paid
6744,2863249,04-068-0010-06,UJYjzuJI1w,Nagad,180,"2025-09-29 13:56:54",paid
6745,2915170,12-351-0015-00,8uIoOHNA6J,bKash,7719,"2025-09-29 14:15:58",paid
6746,2923803,28-633-0078-05,7qUq0vIuNG,bKash,298,"2025-09-29 14:44:03",paid
6747,2886583,19-393-0011-00,AQ5ww4vKoY,bKash,8517,"2025-09-29 15:05:40",paid
6748,2918163,16-283-0145-13,afSCV8jarR,bKash,180,"2025-09-29 15:30:02",paid
6751,2884282,10-159-0008-02,OZ9Snzpp4v,bKash,360,"2025-09-29 15:53:26",paid
6754,2891055,14-111-0194-04,x9PdUarzpv,bKash,180,"2025-09-29 16:34:12",paid
6755,2917026,16-267-0050-02,jdLY1uOHLg,bKash,180,"2025-09-29 16:38:29",paid
6756,2917512,16-267-0216-14,WrU92hE3eO,bKash,358,"2025-09-29 16:42:31",paid
6757,2892439,14-267-0392-01,y8y9p7UuqZ,bKash,180,"2025-09-29 17:07:02",paid
6759,2933702,01-007-0183-01,H2SJ94N1ED,bKash,180,"2025-09-29 17:30:54",paid
6760,2864764,06-071-0052-24,bIEvCoqEy2,bKash,2448,"2025-09-29 17:38:02",paid
6761,2876395,09-728-0041-00,ekwd8jZ5ow,DBBL,180,"2025-09-29 18:03:17",paid
6764,2919347,16-287-0066-08,wmLjpX3o6m,bKash,180,"2025-09-29 18:42:33",paid
6766,2875536,09-115-0010-42,h0zGis3c4V,DBBL,180,"2025-09-29 18:46:56",paid
6767,2863227,04-068-0004-00,uim8fFnRlq,Nagad,241,"2025-09-29 19:07:05",paid
6768,2878021,17-067-0044-01,rl6nixK9Gc,bKash,180,"2025-09-29 19:10:58",paid
6769,2908267,30-686-0022-1ক,zIOBfqWsvm,bKash,2367,"2025-09-29 19:12:55",paid
6770,2863059,04-064-0016-00,FTdzYSuVtN,Nagad,180,"2025-09-29 19:15:26",paid
6771,2863066,04-064-0021-00,ON1yGXHUQR,Nagad,180,"2025-09-29 19:18:35",paid
6772,2892899,14-268-0063-8/ঘ,OYpoOmdYn4,bKash,180,"2025-09-29 19:32:30",paid
6773,2892008,14-260-0120-04,qLinovg5QX,bKash,7650,"2025-09-29 19:38:55",paid
6774,2908052,30-683-0041-00,c7Oc31peH5,bKash,1260,"2025-09-29 19:43:58",paid
6775,2927498,31-706-0004-00,loNYdOipEV,Nagad,180,"2025-09-29 20:01:58",paid
6776,2875495,09-115-0010-01,FWAC7iEA8d,DBBL,4355,"2025-09-29 20:11:58",paid
6777,2897528,18-377-0020-06,xGE39c2brf,bKash,606,"2025-09-29 21:12:52",paid
6778,2907486,30-679-0129-00,z811wTTcLZ,bKash,486,"2025-09-29 21:18:54",paid
6779,2862901,04-063-0049-00,kXwHVAzvOo,bKash,180,"2025-09-29 21:25:56",paid
6780,2862910,04-063-0055-02,lRDCZQj4Tb,bKash,1062,"2025-09-29 21:29:18",paid
6782,2863047,04-064-0008-00,fAvdB3nBPD,bKash,180,"2025-09-29 21:32:03",paid
6788,2914716,12-340-0111-00,7jwxKIj6we,bKash,18000,"2025-09-29 22:30:23",paid
6790,2920065,16-827-0011-09,MdEhXgUJze,bKash,5879,"2025-09-29 22:43:30",paid
6791,2926386,31-694-0022-01,FXDto4oGtg,bKash,739,"2025-09-29 22:47:13",paid
6792,2874030,09-108-0094-00,eU8uLKmxWj,bKash,585,"2025-09-29 23:32:22",paid
6793,2861812,04-050-0004-02,EVxvlzoCmu,bKash,180,"2025-09-29 23:35:12",paid
6794,2874026,09-108-0093-02,5hMhdc5dxk,bKash,540,"2025-09-29 23:35:28",paid
6795,2928402,31-715-0037-09,UD7w3xZUmO,Nagad,1397,"2025-09-29 23:41:14",paid
6797,2877396,09-788-0651-00,lMVfzMnRn7,bKash,180,"2025-09-30 00:29:30",paid
6798,2877289,09-788-0003-00,FNbimkWTkO,bKash,180,"2025-09-30 00:38:18",paid
6799,2877099,09-781-0013-00,dbKLbmDQSx,bKash,180,"2025-09-30 00:40:28",paid
6800,2877265,09-787-0126-01,1WPo2ajnXE,bKash,410,"2025-09-30 00:44:45",paid
6801,2877113,09-781-0027-00,1zUiTQh47k,bKash,180,"2025-09-30 00:47:01",paid
6802,2877108,09-781-0022-00,WEvbv8wL1c,bKash,410,"2025-09-30 00:50:26",paid
6803,2877286,09-787-0145-00,A1F5sugN8T,bKash,180,"2025-09-30 00:52:33",paid
6804,2877204,09-787-0077-00,19ZuSNSj9k,bKash,180,"2025-09-30 00:55:15",paid
6805,2877118,09-781-0032-00,O8arGNUT9f,bKash,180,"2025-09-30 00:57:43",paid
6806,2898913,18-398-0027-01,nspFLW4Z3m,bKash,7268,"2025-09-30 01:00:39",paid
6807,2876607,09-729-0168-00,yFzsrCKJAD,bKash,180,"2025-09-30 01:01:37",paid
6808,2877525,09-791-0506-00,ukmPNHhnL7,bKash,180,"2025-09-30 01:04:17",paid
6809,2876759,09-729-0317-00,BU3V4T0Evm,bKash,180,"2025-09-30 01:07:43",paid
6810,2876754,09-729-0312-00,LRuGPgVcw1,bKash,709,"2025-09-30 01:11:09",paid
6811,2877526,09-791-0507-00,gnq24IZap7,bKash,180,"2025-09-30 01:14:36",paid
6812,2877527,09-791-0508-00,FXXDoSgkpF,bKash,180,"2025-09-30 01:19:52",paid
6813,2854959,23-465-0007-00,rUqFWErY4J,bKash,3780,"2025-09-30 02:59:55",paid
6814,2916705,15-733-0012-0ক,gcdQNIk0aV,bKash,133,"2025-09-30 07:18:39",paid
6815,2916706,15-733-0012-0খ,WgMQkq99CN,bKash,304,"2025-09-30 07:22:07",paid
6816,2916674,15-733-0002-0ক,twk3PylD69,bKash,3634,"2025-09-30 07:25:27",paid
6817,2884306,10-159-0021-00,3naOCTQDQN,bKash,2139,"2025-09-30 08:11:17",paid
6818,2884087,10-148-0026-00,Nfc3mrGvga,bKash,73800,"2025-09-30 08:13:40",paid
6820,2877157,09-787-0028-00,ttkXKA6JtL,bKash,180,"2025-09-30 09:15:42",paid
6821,2877156,09-787-0027-00,u2zX5kIehn,bKash,180,"2025-09-30 09:20:33",paid
6822,2877370,09-788-0084-01,sdK6dKD4GE,bKash,640,"2025-09-30 09:33:51",paid
6823,2876492,09-729-0060-00,5aHROwQUac,bKash,180,"2025-09-30 09:37:28",paid
6824,2877152,09-787-0023-00,4MAonCJVfX,bKash,3400,"2025-09-30 09:41:43",paid
6825,2877617,09-792-0589-00,D27UGhM7Ci,bKash,273,"2025-09-30 09:45:08",paid
6826,2871561,03-033-0005-00,e6QzKNttE1,bKash,6750,"2025-09-30 09:47:52",paid
6827,2876490,09-729-0057-00,YiRsEwLVi8,bKash,180,"2025-09-30 09:51:01",paid
6829,2897552,18-377-0025-03,smvvDLxuS4,bKash,1080,"2025-09-30 09:52:03",paid
6830,2909109,01-003-0024-04,VsKA5zxf1b,bKash,774,"2025-09-30 09:52:05",paid
6831,2876491,09-729-0058-00,DhDrPPGmAz,bKash,180,"2025-09-30 09:52:55",paid
6832,2870359,03-002-0054-01,SKVz8uGp97,bKash,2000,"2025-09-30 09:55:44",paid
6833,2877200,09-787-0073-00,vUpMy0JqgP,bKash,180,"2025-09-30 09:56:06",paid
6834,2877244,09-787-0116-00,CsTV2hxFGL,bKash,180,"2025-09-30 10:00:29",paid
6835,2877271,09-787-0129-00,7B5SPFdFxy,bKash,180,"2025-09-30 10:02:09",paid
6836,2876807,09-729-0364-00,rWigz9NnYv,bKash,410,"2025-09-30 10:03:17",paid
6837,2876693,09-729-0254-00,I9RAGotTX0,bKash,180,"2025-09-30 10:08:03",paid
6838,2877380,09-788-0170-00,vShlnEiWJZ,bKash,180,"2025-09-30 10:14:01",paid
6839,2921204,25-552-0065-00,STFiecuUVz,bKash,180,"2025-09-30 10:16:58",paid
6840,2876593,09-729-0154-00,5FBF1udvXp,bKash,180,"2025-09-30 10:21:18",paid
6842,2877250,09-787-0119-0ক,s8to7H2kNF,bKash,180,"2025-09-30 10:24:18",paid
6845,2874156,09-109-0008-01,cDpu3a4SLI,Nagad,7855,"2025-09-30 10:27:35",paid
6847,2872392,03-035-0091-01,q2b9rw4usX,bKash,180,"2025-09-30 10:31:56",paid
6848,2900338,24-482-0194-20,JnEnIfmdiF,"UCB CARD",2160,"2025-09-30 10:32:58",paid
6849,2898415,18-386-0154-04,ixeAd8hPEe,bKash,346,"2025-09-30 10:34:23",paid
6850,2893376,14-270-0110-01,MvtaBPVNwh,bKash,180,"2025-09-30 10:39:54",paid
6851,2921210,25-552-0071-00,cfjWfXlJ8B,bKash,180,"2025-09-30 10:48:14",paid
6853,2877375,09-788-0090-00,zmOypSTtGP,bKash,180,"2025-09-30 10:50:11",paid
6854,2876567,09-729-0133-00,VwUtjfOVkR,bKash,180,"2025-09-30 10:57:04",paid
6855,2872396,03-035-0094-00,ks1t4s1UEA,bKash,180,"2025-09-30 10:59:52",paid
6856,2917260,16-267-0131-00,AHh8f4lpvS,DBBL,180,"2025-09-30 11:05:10",paid
6857,2903077,24-550-0002-00,Keei250wPa,bKash,10800,"2025-09-30 11:07:35",paid
6858,2907125,30-678-0036-01,kZEgXuy93O,bKash,180,"2025-09-30 11:11:56",paid
6859,2897895,18-380-0030-38,LoZLPYRHN0,"UCB CARD",1728,"2025-09-30 11:12:33",paid
6860,2884465,10-161-0030-00,m9ZPMPCNof,"UCB CARD",1800,"2025-09-30 11:16:15",paid
6861,2855756,23-474-0041-0ক,dKWuKj3PPm,bKash,6848,"2025-09-30 11:21:56",paid
6862,2920292,25-385-0063-02,pBZ6uoeVk5,bKash,576,"2025-09-30 11:24:15",paid
6863,2886090,10-218-0085-00,jbmxFf04Gn,"UCB CARD",1916,"2025-09-30 11:24:54",paid
6864,2896976,18-371-0005-00,U6YWc7NjyP,bKash,6843,"2025-09-30 11:33:51",paid
6865,2862246,04-054-0048-0ক,vfvY079uc0,Nagad,180,"2025-09-30 11:34:06",paid
6866,2892006,14-260-0120-02,qCM307ExbB,bKash,7650,"2025-09-30 11:37:58",paid
6867,2901037,24-504-0382-01,BKVbZEPVe1,bKash,15913,"2025-09-30 11:41:19",paid
6870,2863052,04-064-0010-03,BrEicPuU5v,Nagad,3559,"2025-09-30 11:43:20",paid
6871,2862919,04-063-0060-01,BgkSVtqJo1,Nagad,414,"2025-09-30 11:49:57",paid
6873,2926311,31-694-0006-04,gyjPq1gXZn,bKash,180,"2025-09-30 11:56:11",paid
6875,2891643,14-247-0051-02,gFQ4QrwIfa,bKash,6799,"2025-09-30 12:00:26",paid
6876,2910452,01-007-0177-01,kEkolZNoZl,bKash,870,"2025-09-30 12:01:09",paid
6877,2923410,28-627-0005-03,K99UJFVaJU,bKash,180,"2025-09-30 12:01:29",paid
6878,2915400,12-356-0021-00,WJviCY8EIq,bKash,1886,"2025-09-30 12:02:57",paid
6879,2908062,30-683-0050-00,RTPlhzasiA,bKash,183,"2025-09-30 12:03:14",paid
6880,2920431,25-385-0126-03,ezAdbyfZpe,bKash,595,"2025-09-30 12:07:46",paid
6881,2935568,28-617-0008-8B,bdfI9zSVdO,"UCB CARD",8100,"2025-09-30 12:11:02",paid
6882,2877369,09-788-0084-00,2bK3FidApP,bKash,180,"2025-09-30 12:14:44",paid
6883,2928891,31-721-0005-00,wHOwnk2uwv,bKash,3200,"2025-09-30 12:15:09",paid
6884,2906155,30-664-0041-00,JRKRfEAo9e,bKash,1440,"2025-09-30 12:20:03",paid
6885,2934159,30-687-0061-00,ajVDXHpSEs,bKash,307,"2025-09-30 12:21:26",paid
6887,2921914,25-561-0008-00,zcXXDCytrS,bKash,698,"2025-09-30 12:26:28",paid
6888,2917596,16-267-0260-30,xmJUwRwGIH,bKash,454,"2025-09-30 12:30:11",paid
6889,2866979,06-096-0036-00,7pCRGFf1ki,bKash,524,"2025-09-30 12:31:23",paid
6890,2902645,24-545-0007-00,pnHYtNVUEP,bKash,189,"2025-09-30 12:31:52",paid
6891,2903168,24-551-0001-02,BdRZ5zsVnC,bKash,227,"2025-09-30 12:34:29",paid
6892,2921909,25-561-0004-00,V7WKWnC8W3,bKash,420,"2025-09-30 12:37:48",paid
6893,2927178,31-697-0019-00,j9lOsy6Xim,bKash,180,"2025-09-30 12:39:03",paid
6895,2923320,28-625-0003-05,kl0eMqsH6n,"UCB CARD",1536,"2025-09-30 12:47:22",paid
6897,2877216,09-787-0088-00,LGZ0xN9wrH,bKash,180,"2025-09-30 12:58:07",paid
6899,2910219,01-007-0007-08,owRSep0rlU,bKash,2082,"2025-09-30 13:14:28",paid
6900,2922098,25-563-0008-00,kZhQ2qQNyy,Nagad,180,"2025-09-30 13:15:08",paid
6901,2910218,01-007-0007-07,FofeDtKu1Q,bKash,820,"2025-09-30 13:17:02",paid
6902,2922309,25-565-0014-03,DUjpWeG8Wo,"UCB CARD",3254,"2025-09-30 13:28:26",canceled
6903,2892850,14-268-0063-27ঘ,6AF6gKICvf,bKash,346,"2025-09-30 13:30:56",paid
6904,2935309,24-506-0431-00,5Hi6xy88wR,IBBL,9381,"2025-09-30 13:33:43",paid
6905,2922309,25-565-0014-03,TrafOCovdi,"UCB CARD",3254,"2025-09-30 13:35:07",canceled
6906,2888265,27-585-0030-00,ZVYeEmZKP4,bKash,19749,"2025-09-30 13:35:29",paid
6907,2922309,25-565-0014-03,B5u8jdvBXQ,"City Bank",3254,"2025-09-30 13:37:53",paid
6909,2892849,14-268-0063-27গ,kx0s8A9XXV,bKash,180,"2025-09-30 13:43:20",paid
6910,2899138,18-772-0108-00,xRUdcr2lbF,IBBL,23275,"2025-09-30 14:01:01",paid
6912,2899137,18-772-0107-00,RViVypkRbv,IBBL,10688,"2025-09-30 14:05:07",paid
6915,2901252,24-512-000ই-10,TL6nqZgbAJ,bKash,2807,"2025-09-30 14:10:52",paid
6916,2871537,03-030-0021-06,JOK4q6V1Xs,bKash,8982,"2025-09-30 14:12:31",paid
6917,2871534,03-030-0021-03,28ox5YoMRk,bKash,180,"2025-09-30 14:15:35",paid
6918,2918402,16-284-0017-3ক,C8GIMg0edb,bKash,225,"2025-09-30 14:21:19",paid
6919,2875929,09-117-0017-0ক,qUi5h9LeMa,bKash,22203,"2025-09-30 14:30:14",paid
6920,2935555,04-041-0012-00,VuoJSqHmki,bKash,1500,"2025-09-30 14:36:42",paid
6923,2920528,"25-385-0178-6 বি",03Dbgt7wP1,bKash,1074,"2025-09-30 16:07:53",paid
6926,2907311,30-679-0037-00,kWKG0QUAwR,bKash,4230,"2025-09-30 17:04:27",paid
6927,2931405,27-585-0095-09,QnpXpJIPNr,bKash,5000,"2025-09-30 17:21:22",paid
6928,2907711,30-679-0235-00,nEaE0Tl0RE,bKash,4500,"2025-09-30 17:30:03",paid
6929,2889130,27-595-0029-01,SjISMxXMO4,bKash,2700,"2025-09-30 17:48:40",paid
6930,2856697,13-242-0047-00,OyygTHadhs,bKash,1260,"2025-09-30 17:51:45",paid
6931,2916986,16-267-0043-03,sSJDcymMpW,bKash,180,"2025-09-30 18:05:22",paid
6932,2919900,16-822-0044-65খ,pQxZowljBi,bKash,3901,"2025-09-30 18:07:55",paid
6933,2867021,06-289-0001-01,4VYriNUqUt,Nagad,10800,"2025-09-30 18:13:01",canceled
6934,2867021,06-289-0001-01,dJvysM45by,Nagad,10800,"2025-09-30 18:17:43",paid
6935,2920128,16-827-0050-08,pEkA8hb8lN,bKash,180,"2025-09-30 18:20:51",paid
6936,2878810,17-289-0031-16/3এ,AJgfH1UnDn,bKash,4860,"2025-09-30 18:34:55",paid
6937,2863034,04-064-0002-00,UlHzK52L8T,Nagad,180,"2025-09-30 19:08:27",paid
6938,2910415,01-007-0165-01,xshWnzJmx9,bKash,288,"2025-09-30 19:12:47",paid
6940,2926440,31-694-0025-0ঙ,D46ffcjoUX,bKash,1350,"2025-09-30 19:31:56",paid
6941,2887638,19-415-0022-9B,I5PQXoHRQR,bKash,1304,"2025-09-30 19:34:12",paid
6942,2927330,31-701-0016-00,BJCdn3bjMr,bKash,450,"2025-09-30 19:44:30",paid
6943,2907726,30-680-0009-00,YV07j52S62,Nagad,180,"2025-09-30 19:52:32",paid
6944,2877725,09-805-0015-00,VL6wUtv6oc,bKash,755,"2025-09-30 20:20:42",paid
6945,2877322,09-788-0037-00,vf3GVBGuLN,bKash,180,"2025-09-30 20:27:57",paid
6946,2899864,24-478-0165-02,YpR3s0WdK4,bKash,180,"2025-09-30 20:28:18",paid
6947,2925436,31-689-0001-02,M9FfcJ5oor,bKash,640,"2025-09-30 20:32:32",paid
6948,2877410,09-788-0671-00,H3Q9XjIwc7,bKash,180,"2025-09-30 20:33:51",paid
6949,2863032,04-064-0001-00,OpbvGJG1rL,bKash,1100,"2025-09-30 20:33:56",paid
6950,2876576,09-729-0141-00,FZDU7a5EUY,bKash,1330,"2025-09-30 20:36:42",paid
6951,2876740,09-729-0300-00,bqN8ATWyYJ,bKash,180,"2025-09-30 20:41:20",paid
6952,2876860,09-729-0416-00,9CTAtgF2W9,bKash,180,"2025-09-30 20:44:19",paid
6953,2876798,09-729-0355-00,MmeKexTMhK,bKash,410,"2025-09-30 20:48:49",paid
6954,2877776,09-805-0140-12,U49XmjtWqo,bKash,1136,"2025-09-30 20:56:53",paid
6955,2897784,18-380-0020-03,kGVxCmPRUI,"UCB CARD",1226,"2025-09-30 20:57:39",paid
6956,2868754,20-011-0154-01,kWR00sAv5s,bKash,6840,"2025-09-30 21:04:42",paid
6957,2876666,09-729-0227-00,9C4r29CmfI,bKash,180,"2025-09-30 21:16:24",paid
6960,2876649,09-729-0210-00,NoHKCSGgCp,bKash,180,"2025-09-30 21:18:44",paid
6961,2876793,09-729-0350-00,dSlufjTR7b,bKash,180,"2025-09-30 21:21:28",paid
6962,2876686,09-729-0247-00,8IPYTVQqWm,Nagad,870,"2025-09-30 21:26:02",canceled
6963,2878005,17-067-0036-01,ESrF7c78m0,bKash,504,"2025-09-30 21:29:05",paid
6967,2876686,09-729-0247-00,GZdrsfLzzM,bKash,870,"2025-09-30 21:32:57",paid
6968,2866574,06-090-0001-01,JClCM2niNk,"UCB CARD",6048,"2025-09-30 21:34:47",paid
6969,2905204,26-583-0020-00,A8n4oGTrmj,bKash,2122,"2025-09-30 21:50:00",paid
6970,2909047,01-003-0002-00,tYGAANWD3q,bKash,846,"2025-09-30 22:04:54",paid
6971,2917821,16-280-0006-00,aU82x6icyx,bKash,4050,"2025-09-30 22:06:36",paid
6972,2908958,01-002-0103-00,PU9PxYfDM0,bKash,410,"2025-09-30 22:08:49",paid
6973,2887843,27-522-0066-0খ,AXXYeKLmu6,bKash,8431,"2025-09-30 22:25:13",paid
6975,2914328,12-336-0003-00,srAlqwPaM3,bKash,5378,"2025-09-30 22:40:06",paid
6976,2890546,27-851-0012-01,4K2SdWpS3V,bKash,360,"2025-09-30 23:09:54",paid
6977,2874990,09-111-0381-00,lvo6wWmyN8,bKash,432,"2025-09-30 23:11:03",paid
6978,2874964,09-111-0360-00,lIgABVO5Ka,bKash,360,"2025-09-30 23:13:39",paid
6979,2875086,09-111-0459-00,EwepP9AREL,bKash,360,"2025-09-30 23:16:29",paid
6980,2875053,09-111-0439-00,QXVrI2eU1w,bKash,360,"2025-09-30 23:18:46",paid
6981,2875052,09-111-0438-00,id1lTdFKzV,bKash,360,"2025-09-30 23:21:05",paid
6982,2880146,17-311-0011-15,8YZs2ot1bV,"UCB CARD",1295,"2025-09-30 23:22:57",paid
6983,2875613,09-115-0026-00,fTVzV4kJ86,bKash,180,"2025-09-30 23:23:19",paid
6985,2875684,09-115-0044-27,JqEKZsly3z,bKash,410,"2025-09-30 23:32:39",paid
6986,2879790,17-308-0108-08,n3bxULM0zZ,bKash,332,"2025-09-30 23:33:14",paid
6989,2935976,25-558-0133-00,rXH7qHlqmJ,bKash,1133,"2025-10-12 10:31:42",paid
6991,2935977,25-558-0037-01,Xbp5xUXTkX,bKash,1888,"2025-10-12 10:36:18",paid
6992,2935852,12-327-0021-04,DvEymERnBl,bKash,327,"2025-10-12 15:18:31",paid
6995,2960263,23-421-0012-4ডি,3W4Dg6CNWf,bKash,4247,"2025-10-15 13:20:29",paid
6997,2960262,20-011-0171-01,RKpNNrgRuM,bKash,5568,"2025-10-15 13:27:27",paid
6998,3009511,21-437-0018-02,5VIBhCUJOg,Nagad,569,"2025-10-16 14:13:09",paid
7000,2982846,28-616-0007-00,ME7S7mZi63,bKash,5191,"2025-10-22 08:27:54",paid
7001,2980513,25-385-0063-15,YbDyjQWbIS,bKash,189,"2025-10-22 10:18:06",paid
7002,3013168,28-627-0008-00,01BvTbOwWo,Nagad,14156,"2025-10-22 12:08:20",paid
7004,3009686,18-322-0061-08,VNosS9hhmU,bKash,189,"2025-10-22 14:23:43",paid
7006,2983631,28-627-0003-12,RQUCBbtGVt,DBBL,510,"2025-10-23 12:26:33",paid
7007,3001706,17-283-0063-02,2tKB7mUDn7,bKash,472,"2025-10-23 17:11:05",paid
7008,2996578,22-456-0036-9খ,UuQk4ZvBM6,bKash,627,"2025-10-23 19:25:51",paid
7010,2995816,22-444-0023-8F,0UxbPj4iBw,bKash,12563,"2025-10-24 11:03:14",paid
7012,2936558,31-688-0039-15A,0sWiCwO0HD,bKash,1208,"2025-10-24 14:26:42",paid
7014,3009931,18-322-0115-44খ,WIkcfTHJgJ,IBBL,1441,"2025-10-24 19:23:36",paid
7016,2983858,28-632-0015-00,yHGQ0xlbFC,bKash,9299,"2025-10-26 12:36:17",paid
7019,2973853,26-581-0035-01,rMxgZWgpHu,bKash,2413,"2025-10-26 14:15:51",paid
7020,2983616,28-626-0019-02,TeqlCfUxQb,bKash,219,"2025-10-26 18:02:16",paid
7021,2971733,27-609-0106-00,J1JHTHaqnp,"UCB CARD",2983,"2025-10-26 19:06:43",paid
7023,3013196,12-327-0043-00,tH99uzRFGh,bKash,4228,"2025-10-27 22:30:53",paid
7024,2977280,16-267-0081-00,NWEdg7j235,bKash,189,"2025-10-28 10:45:05",paid
7027,2964786,19-398-0153-00,JdqlAfwALi,bKash,1133,"2025-10-28 15:57:05",paid
7028,2958108,10-140-0027-00,g5eGDD1cF8,bKash,189,"2025-10-29 11:16:08",paid
7029,2947676,20-391-0013-00,GdJIKgFyjH,Nagad,682,"2025-10-29 14:37:42",paid
7030,2936718,31-688-0112-00,xsVvXDwuJL,"UCB CARD",3055,"2025-10-29 15:18:53",paid
7035,2970316,27-588-0007-03,fBxjHWecQq,"UCB CARD",16017,"2025-11-01 12:01:42",paid
7036,2973559,26-577-0086-00,yenhl8huZv,bKash,189,"2025-11-01 13:03:59",paid
7038,2995840,22-444-0033-00,1b0MTsFfyN,"UCB CARD",351,"2025-11-02 07:40:24",paid
7039,2988069,14-111-0066-00,rxZoyVaqAx,bKash,189,"2025-11-02 13:07:45",paid
7040,2988068,14-111-0065-00,AjFrqX4p55,bKash,239,"2025-11-02 13:12:11",paid
7043,2983664,28-627-0013-01,wli7cKYiGM,bKash,234,"2025-11-03 10:15:14",paid
7051,3011800,18-383-0013-00,yorgXfrv5m,bKash,3976,"2025-11-03 15:56:57",paid
7053,2958160,10-148-0027-01,3IIG7d4BTd,bKash,5256,"2025-11-04 15:58:01",paid
7054,2981465,25-552-0093-00,2NsqbjmB3y,bKash,510,"2025-11-04 19:27:43",paid
7055,2987981,14-111-0014-02,6dkztWDPFK,bKash,211,"2025-11-05 17:58:34",paid
7056,2988551,14-245-0018-00,0sY3aIaAtB,bKash,566,"2025-11-05 21:05:55",paid
7057,2969334,27-522-0044-04,Q4GpwbCm56,bKash,1569,"2025-11-05 21:41:46",paid
7060,2962709,12-355-0018-00,LRzYC9WWfJ,bKash,649,"2025-11-08 20:10:19",paid
7061,2962865,12-357-0012-00,gBsbiBV4fG,bKash,555,"2025-11-08 21:54:18",paid
7063,2951619,29-643-0029-00,cIbjiNlsXh,bKash,1406,"2025-11-09 10:35:59",paid
7064,3011020,18-375-0044-01,ieHhOLBlUv,bKash,189,"2025-11-09 11:19:01",paid
7069,2952271,29-659-0008-00,i0C4aWhV35,bKash,665,"2025-11-09 13:11:39",paid
7071,2987936,14-091-0054-01,g4fmTMjr5A,bKash,1416,"2025-11-09 20:25:22",paid
7073,2972982,26-570-0186-06,uNvhSaO28K,bKash,405,"2025-11-10 10:28:21",paid
7074,2937239,31-692-0017-33ক,r8kNruJRGz,bKash,189,"2025-11-10 14:29:34",paid
7076,2970381,27-590-0008-00,zPhkJQqikV,bKash,7997,"2025-11-11 00:02:47",paid
7077,2982632,25-567-0002-00,Tv69rAdGk3,bKash,244,"2025-11-11 10:14:07",paid
7078,2972406,26-559-0031-00,LTR8kx5kEA,bKash,1900,"2025-11-11 10:25:22",paid
7089,3014276,27-585-0081-02,272qjy4b0F,bKash,9438,"2025-11-12 12:47:58",paid
7094,3009407,24-779-0032-01,ZB5DnTUmtZ,bKash,425,"2025-11-14 04:02:25",paid
7095,3007255,"24-507-0484-4 A",ysjbfnbMkz,"UCB CARD",8144,"2025-11-14 23:58:10",paid
7096,3007257,24-507-0484-4C,Eusv9uUE7X,"UCB CARD",16988,"2025-11-15 00:08:05",paid
7098,2937506,31-693-0007-0D,6wXQNnBEZB,bKash,1048,"2025-11-15 22:02:51",paid
7099,2981906,25-558-0065-00,bEwaW3DnjT,bKash,3398,"2025-11-16 11:14:52",paid
7100,2982093,25-559-0105-00,bvsMjvvqzb,bKash,283,"2025-11-16 11:16:12",paid
7101,2980738,25-385-0180-00,hRFxVfDhUM,bKash,189,"2025-11-16 11:17:27",paid
7102,3003213,17-308-0097-06,gHPiSViAqM,bKash,189,"2025-11-16 12:57:14",paid
7104,2959515,10-175-0203-00,cSH4Z5hGht,"UCB CARD",189,"2025-11-16 14:33:00",paid
7105,2971072,27-599-0050-00,8KCiNFkIko,bKash,570,"2025-11-16 17:44:59",paid
7106,2952201,29-655-0009-04,KYOTftVxs1,bKash,579,"2025-11-16 19:41:42",paid
7108,2954187,03-033-0013-12,Oa45MCFuwc,bKash,195,"2025-11-16 22:03:44",paid
7110,3007256,24-507-0484-4B,YxwAnHAsED,"UCB CARD",8145,"2025-11-17 11:18:38",paid
7112,2983260,28-620-0007-19,JegyDxkCUz,bKash,189,"2025-11-18 13:03:24",paid
7113,2985775,06-083-0093-02,9fFIQXQlWS,"UCB CARD",189,"2025-11-18 18:11:26",paid
7116,2977213,16-267-0047-00,qBpoYhoEtM,bKash,189,"2025-11-18 20:51:14",paid
7118,3005305,17-324-0061-20খ,vNhP8rVpyM,bKash,189,"2025-11-19 13:15:23",paid
7119,2982267,25-562-0037-00,CedogzVqbj,Nagad,12269,"2025-11-19 18:59:51",paid
7123,2993391,09-116-0355-00,wE32Cl6Zxc,"UCB CARD",16927,"2025-11-21 09:55:51",paid
7124,2973450,26-577-0032-01,PUuqQ7NDM9,bKash,189,"2025-11-21 17:34:37",paid
7125,2970161,27-585-0186-00,hPdgZyeJ4B,bKash,348,"2025-11-22 08:17:48",paid
7126,2963637,13-241-0141-02,mmzvkfWrX6,bKash,189,"2025-11-22 17:00:05",paid
7192,2940522,31-724-0026-0A,NJZyffKZAC,bKash,838,"2025-11-23 10:07:06",paid
7204,2941555,31-786-0039-00,ZpHOud9ae0,bKash,189,"2025-11-23 10:11:09",paid
7215,2990018,14-268-0056-00,ftQAprJKJu,bKash,189,"2025-11-23 10:25:30",paid
7216,2972418,26-559-0038-02,8cuDYsBAOL,bKash,189,"2025-11-23 10:43:24",paid
7217,3010918,18-375-0017-3খ,Eb3w6BO6dF,bKash,189,"2025-11-23 10:57:57",paid
7218,3014134,18-386-0095-02,qQ1AqslNHd,bKash,26000,"2025-11-23 11:55:00",paid
7219,2980951,25-386-0072-00,diYLkcbUmI,bKash,1510,"2025-11-23 11:56:58",paid
7220,2963683,13-241-0161-04,nK7asTkqj6,"UCB CARD",558,"2025-11-24 00:07:01",paid
7221,2955585,03-038-0060-02,wQ9iYuBH2z,bKash,1200,"2025-11-24 09:19:17",paid
7223,2952986,03-007-0014-00,xI6xuom793,bKash,1414,"2025-11-24 12:08:45",paid
7225,3012139,18-386-0173-00,ELDeCDEnUr,bKash,2592,"2025-11-24 12:37:25",paid
7226,2936756,31-688-0129-00,Q8hkiSPa8I,bKash,189,"2025-11-24 13:56:06",paid
7227,2978389,16-283-0146-00,XE8WGHLePS,bKash,755,"2025-11-24 14:46:15",paid
7228,2982224,25-562-0012-00,jDlPrdREiC,bKash,5258,"2025-11-24 19:36:52",paid
7229,2999981,30-679-0027-01,gMz4lnYG74,bKash,1306,"2025-11-24 20:09:05",paid
7234,2973892,26-582-0005-00,YpF4k6tS8Y,bKash,1112,"2025-11-25 11:15:54",paid
7236,2981944,25-558-0123-02,CxzBsXowou,bKash,189,"2025-11-25 13:19:03",paid
7237,2992555,09-111-0338-00,AapsZgVChD,Nagad,718,"2025-11-25 14:31:00",failed
7239,2992555,09-111-0338-00,WsgDi6BJKC,Nagad,718,"2025-11-25 20:39:32",paid
7240,2981428,25-552-0070-00,XlQrtkmC5E,bKash,189,"2025-11-26 11:11:08",paid
7241,2961873,12-339-0065-00,s1x0uHHs0i,bKash,362,"2025-11-26 12:07:33",paid
7243,2965199,19-404-0020-01,f51o3KXZ4O,bKash,1510,"2025-11-26 19:49:42",paid
7244,2937453,31-692-0039-02,BjE8NYYS8T,"UCB CARD",419,"2025-11-27 10:13:42",paid
7245,2962888,12-357-0035-00,hnvxwNWEyn,bKash,4806,"2025-11-27 11:03:10",paid
7246,2973848,26-581-0033-01,tgBXlOhd0Y,bKash,3423,"2025-11-27 11:04:02",paid
7248,3012894,18-814-0227-01,ODOE1SiScV,bKash,1782,"2025-11-27 17:20:01",paid
7250,2961340,15-733-0012-00,h1TQFvYjYy,bKash,133,"2025-11-28 09:55:17",paid
7251,2961342,15-733-0012-0ক,wTaoosIdLs,bKash,133,"2025-11-28 10:03:24",paid
7252,2961343,15-733-0012-0খ,2Y8Q1wnhmn,bKash,304,"2025-11-28 10:06:57",paid
7253,2961311,15-733-0002-0ক,6Lnx9Usg1I,bKash,3634,"2025-11-28 10:09:22",paid
7255,2979626,16-288-0011-01,vr16X8p527,bKash,5285,"2025-11-28 20:11:52",paid
7256,2998065,30-057-0009-10গ,G514c3cHV2,bKash,1400,"2025-11-29 11:58:42",paid
7259,2992602,09-111-0376-03,AIjMRI6kms,Nagad,189,"2025-11-29 13:05:52",paid
7260,3012311,18-388-0070-04,FfQsw6GkKF,bKash,661,"2025-11-29 13:36:35",paid
7261,2978417,16-283-0156-01,hGMVXrl8vS,bKash,1402,"2025-11-29 18:42:51",paid
7262,3005007,17-323-0022-0চ,ydweG9dzrh,bKash,415,"2025-11-29 23:02:56",paid
7264,2995691,22-085-0066-00,DsrZxuOx6X,bKash,25000,"2025-11-30 08:19:19",paid
7265,2988215,14-111-0143-00,rPObH53X9I,bKash,189,"2025-11-30 09:35:55",paid
7316,2990187,14-268-0076-02,R7R44Yjpxz,bKash,189,"2025-11-30 10:53:53",paid
7317,2973934,26-583-0005-01,88cyAg7gSY,bKash,1150,"2025-11-30 11:23:05",paid
7318,2980771,25-385-0205-00,Y1CX5qmOyE,bKash,189,"2025-11-30 11:26:29",paid
7319,2940380,31-723-0002-00,w8MmdQDsHx,bKash,649,"2025-11-30 11:48:29",paid
7320,2939275,31-713-0003-16/ঘ,dmb8Ma4NW3,bKash,419,"2025-11-30 11:50:35",paid
7321,2982576,25-565-0035-00,EktrwLVsEn,bKash,455,"2025-11-30 12:31:25",paid
7322,2941424,31-785-0028-00,24cBOoGtue,bKash,189,"2025-11-30 12:55:48",paid
7323,3010528,18-368-0020-4গ,fXEkxcdMTx,bKash,236,"2025-11-30 17:19:06",paid
7324,2982322,25-563-0008-01,HgaDi3QNLy,bKash,98,"2025-12-01 08:09:54",paid
7325,2982319,25-563-0007-01,Kaw1Shp3DF,bKash,98,"2025-12-01 08:19:17",paid
7326,2975807,01-007-0185-00,iWRh3q2RCE,bKash,189,"2025-12-01 08:25:34",paid
7327,2962861,12-357-0007-00,3veZc3hXVT,bKash,906,"2025-12-01 13:42:55",paid
7330,2998379,30-421-0247-00,k2FRFuryoF,bKash,189,"2025-12-01 19:32:06",paid
7331,3008638,24-544-0031-00,z2klawhjiQ,"UCB CARD",1321,"2025-12-01 22:29:46",paid
7335,3013800,26-577-0121-00,MNwE9GC7re,"UCB CARD",189,"2025-12-02 20:08:54",paid
7337,3006814,24-497-0221-3এ,MnQEO27clS,bKash,6062,"2025-12-04 12:45:30",paid
7338,2990671,14-271-0102-00,MXvHWsFTyT,bKash,189,"2025-12-06 10:54:38",paid
7339,2990442,14-270-0021-02,LfF37e3e48,bKash,189,"2025-12-06 13:39:30",paid
7342,3015603,27-585-0124-00,cCfPa4NFOk,DBBL,189,"2025-12-06 16:56:04",paid
7343,3008672,24-544-0049-01,zx9RvF8mdS,bKash,1090,"2025-12-06 18:11:51",paid
7344,2992291,09-110-0210-04,AyUI7mXlNK,bKash,238,"2025-12-06 21:15:34",paid
7345,2980540,25-385-0074-00,D2u8cvTU8Y,bKash,5623,"2025-12-07 10:25:15",paid
7367,2990161,14-268-0064-01,F4fPf52iJV,bKash,665,"2025-12-07 10:53:38",paid
7368,3005689,24-408-0017-4সি,Qf2Q9JDvK9,bKash,10213,"2025-12-07 10:58:15",paid
7371,2955063,03-036-0020-03,4rmiB8YfCZ,bKash,189,"2025-12-08 10:54:50",paid
7372,2940074,31-718-0030-00,HO9fWtwa4t,bKash,189,"2025-12-08 12:37:06",paid
7373,2937478,31-693-0002-00,879GgjAqZX,bKash,189,"2025-12-08 12:39:27",paid
7374,3015810,24-485-0099-00,P2xUK2K8HE,bKash,378,"2025-12-08 12:54:37",paid
7377,3007343,24-512-0010-ই/B,fyDQy2J9WX,bKash,2470,"2025-12-08 22:15:06",paid
7378,3007346,24-512-0010-ই/E,SwnES1H0Wh,bKash,2660,"2025-12-08 22:20:01",paid
7379,3007345,24-512-0010-ই/D,itlXImCLXs,bKash,238,"2025-12-08 22:23:01",paid
7380,3007344,24-512-0010-ই/C,sNVxWudXmM,bKash,2660,"2025-12-08 22:26:19",paid
7381,3007347,24-512-0010-ই/F,lsBo1CF6W8,bKash,238,"2025-12-08 22:29:29",paid
7383,2963001,12-753-0032-00,oCxg2OhqBc,bKash,1240,"2025-12-09 13:53:21",paid
7384,2955104,03-037-0001-00,gZPn2vxte4,bKash,227,"2025-12-09 19:53:28",paid
7386,2956648,05-077-0147-01,BVl18Hpa9V,bKash,3504,"2025-12-10 09:05:16",paid
7387,2977420,16-267-0116-01,LQmSA8TWVW,bKash,189,"2025-12-10 10:26:25",paid
7388,2938132,31-694-0083-08,mcQTVPQ1sh,bKash,189,"2025-12-10 13:23:27",paid
7391,2939589,31-714-0044-00,GzwzTR6OrU,bKash,378,"2025-12-11 10:56:29",paid
7392,2982408,25-564-0001-09,VzXv9gSj6B,bKash,236,"2025-12-11 12:04:23",paid
7393,2981456,25-552-0087-00,s1H68AbKMm,bKash,189,"2025-12-11 12:05:52",paid
7405,2953030,03-007-0039-01,E1WRwoC2Lk,bKash,189,"2025-12-11 22:53:11",paid
7408,2962305,12-345-0015-00,rA7CmK7ot2,bKash,10840,"2025-12-12 15:10:48",paid
7411,2954640,03-034-0044-1ka,PZIeAnRXFC,bKash,273,"2025-12-13 11:58:40",paid
7412,2954638,03-034-0044-1g,9SskNdsMgr,bKash,663,"2025-12-13 12:03:38",paid
7413,2990598,14-270-0098-03,Jrtdinc4cb,bKash,189,"2025-12-13 16:49:30",paid
7414,2939651,31-715-0001-01,1STxRbkj7j,bKash,1129,"2025-12-13 18:10:56",paid
7415,3001788,17-286-0002-00,Gingf5usd2,bKash,483,"2025-12-13 18:40:30",paid
7416,3008670,24-544-0048-03,ZH4UhSUheF,bKash,3775,"2025-12-13 22:24:04",paid
7421,2962291,12-345-0001-00,TcN7UjKtHF,Nagad,1370,"2025-12-14 22:16:32",paid
7422,3009881,18-322-0115-07,R7G8CzQk2V,bKash,4038,"2025-12-15 10:31:40",paid
7423,2955069,03-036-0020-09,ei6QPo9Tzb,bKash,98,"2025-12-15 11:59:05",paid
7425,2987124,06-088-0074-01,ahSj4SVbs6,"UCB CARD",3035,"2025-12-15 17:42:02",canceled
7426,2987124,06-088-0074-01,mqT29vd2SQ,"UCB CARD",3035,"2025-12-15 17:46:18",paid
7427,3000083,30-679-0087-00,7GYpqB6jfK,bKash,1433,"2025-12-15 18:21:52",paid
7429,2965460,19-415-0022-01,fKYiycqpVl,bKash,1937,"2025-12-15 18:38:57",paid
7430,2965465,19-415-0022-9B,1Re5VcWdvB,bKash,1304,"2025-12-15 18:43:17",paid
7432,3000923,30-686-0009-00,nQzIIxMi1g,bKash,189,"2025-12-15 20:15:46",paid
7433,3007108,24-504-0382-01,zzzUTFZoCc,bKash,15913,"2025-12-16 11:05:35",paid
7435,2989817,14-267-0452-00,a8T89idY9z,bKash,189,"2025-12-17 09:25:15",paid
7436,2991762,09-109-0024-00,5XpQaanomZ,bKash,3728,"2025-12-17 10:35:36",paid
7438,2948032,20-402-0012-00,wtXrAAy0zG,bKash,840,"2025-12-17 11:49:48",paid
7439,2988228,14-111-0152-00,xnJjnfc5Ki,bKash,189,"2025-12-17 12:36:48",paid
7441,2989615,14-267-0357-00,MK1seZrs0T,bKash,189,"2025-12-18 17:05:15",paid
7443,3016185,24-390-0168-2বি,u5yaRtM15G,Nagad,7591,"2025-12-18 22:44:38",paid
7445,2936682,31-688-0094-00,kwtivIa9On,bKash,649,"2025-12-20 11:37:36",paid
7447,2972708,26-570-0053-09,9PcOJOJCPx,bKash,189,"2025-12-20 13:40:43",paid
7449,2975387,01-006-0025-01,HH683c6nzH,bKash,189,"2025-12-20 17:04:19",paid
7455,2939914,31-716-0032-12,xF0C2nHGuv,bKash,419,"2025-12-20 18:48:26",paid
7456,2993055,09-114-0044-03,srCU38dRnT,bKash,1559,"2025-12-21 10:39:18",paid
7457,2973762,26-580-0003-00,jRpXiPvRf4,bKash,618,"2025-12-21 11:56:35",paid
7458,2973927,26-583-0002-01,5WKRcEnvDI,bKash,2923,"2025-12-21 12:17:41",paid
7459,2982483,25-564-0037-01,BTnPbp8Dlr,bKash,16044,"2025-12-21 12:35:09",paid
7461,3011688,18-380-0064-01,0rAGEawmOD,"UCB CARD",1643,"2025-12-21 13:00:41",paid
7462,2987345,06-090-0026-00,VesKWjqM3F,bKash,204,"2025-12-21 17:06:43",paid
7465,2959298,10-173-0107-00,OHqUTrPZrS,bKash,189,"2025-12-22 11:40:43",paid
7466,2955050,03-036-0013-11,HIjVkKZEAb,bKash,273,"2025-12-22 11:58:00",paid
7467,2977070,16-267-0002-0C,p0CF15If6T,bKash,415,"2025-12-22 17:31:34",paid
7469,3007738,24-520-0005-00,rx1NEV6ArC,bKash,2313,"2025-12-23 10:02:43",paid
7471,2944053,02-856-0019-00,A3V2ux5QRS,DBBL,14725,"2025-12-23 10:39:05",paid
7474,3010638,18-371-0005-00,hjnc6WfPL3,bKash,5950,"2025-12-23 11:43:27",paid
7476,3011191,18-377-0020-06,kkAQp6X0fn,bKash,606,"2025-12-23 19:09:06",paid
7477,2995436,09-805-0151-01,WV0mUmEQXg,bKash,3037,"2025-12-23 20:47:08",paid
7479,2939385,31-714-0006-02,R6k05He9aL,bKash,649,"2025-12-23 21:55:09",paid
7481,2936703,31-688-0106-00,aGjQf7FFeh,bKash,10469,"2025-12-23 22:00:23",paid
7482,2940946,31-724-0074-121ক,wpKVC9FmAg,bKash,736,"2025-12-23 22:04:37",paid
7484,2991121,09-011-0351-27,USs45pwWL6,bKash,9060,"2025-12-24 11:56:27",paid
7485,2982055,25-559-0078-03,jPOtBmatoo,bKash,453,"2025-12-24 11:58:53",paid
7486,2992977,09-114-0023-00,TjFf4AovvI,bKash,3190,"2025-12-24 12:06:32",paid
7487,2991118,09-011-0351-25ক,cYWumB700Y,Nagad,4530,"2025-12-24 12:12:13",paid
7488,2982192,25-561-0032-00,k0FvQDjsYC,bKash,621,"2025-12-24 12:20:42",paid
7490,2991726,09-109-0008-01,4WY9faxpl8,Nagad,7855,"2025-12-24 12:38:28",paid
7491,2981405,25-552-0060-01,cLFucTNYsd,bKash,3844,"2025-12-24 12:48:40",paid
7492,2950715,29-085-0031-01,p01Lv22zdO,bKash,16276,"2025-12-24 12:57:38",paid
7493,2970162,27-585-0187-00,5pyax3EsCH,bKash,592,"2025-12-24 13:16:36",paid
7496,2940004,31-717-0019-0A,fhIFbpUGwU,bKash,576,"2025-12-24 18:07:35",paid
7497,2990657,14-271-0009-00,H7WXoERUyG,bKash,1208,"2025-12-24 19:20:29",paid
7498,2962335,12-345-0046-00,SqccfB3ASY,bKash,378,"2025-12-24 20:01:29",paid
7500,2982532,25-565-0014-03,8q2gAoEm6U,"UCB CARD",3254,"2025-12-24 21:12:14",canceled
7501,2982532,25-565-0014-03,eyzhUelbMQ,"UCB CARD",3254,"2025-12-24 21:17:41",canceled
7502,2982532,25-565-0014-03,iD1LL3U8gS,"City Bank",3254,"2025-12-24 21:20:17",paid
7505,2940153,31-718-0053-00,ayDKnChapx,bKash,5336,"2025-12-24 23:23:27",paid
7507,2955632,03-038-0074-08,o8tasdUjhz,bKash,189,"2025-12-25 10:12:02",paid
7510,2936778,31-688-0147-00,eBIk5XYSyw,bKash,1611,"2025-12-25 11:47:11",paid
7514,3014910,09-110-0130-8W,yEPQYqyESu,bKash,4909,"2025-12-25 16:15:24",paid
7516,3014899,09-110-0130-3W,qBStCSuved,bKash,4909,"2025-12-25 16:21:50",paid
7518,2961227,15-278-0055-07,Zv3teyENeZ,bKash,189,"2025-12-25 19:33:47",paid
7520,2984540,28-639-0060-02,jNfS2eQRyr,bKash,504,"2025-12-26 20:54:52",paid
7521,2940383,31-723-0002-03,HalWCtBysO,bKash,973,"2025-12-27 11:20:49",paid
7522,3013313,27-585-0095-09,GAcAu5IgmV,bKash,2000,"2025-12-27 12:19:12",paid
7524,2962300,12-345-0010-00,AZqMYX3Qz7,bKash,189,"2025-12-27 12:48:46",paid
7525,2962834,12-356-0080-00,fXfSMe7Twm,bKash,378,"2025-12-27 19:31:00",paid
7526,2990841,09-011-0244-00,VaoBKvusIf,bKash,3164,"2025-12-27 19:34:32",paid
7527,3014156,17-311-0012-52A,VLDvkCTIlv,bKash,451,"2025-12-27 22:14:51",paid
7528,3004100,17-311-0031-11,uuR9oPY4ge,bKash,1996,"2025-12-28 00:07:06",paid
7531,2972386,26-559-0019-00,yHqiEOUFsD,bKash,2359,"2025-12-28 12:03:53",paid
7532,2995862,22-444-0046-00,x4kx2BoNI5,bKash,378,"2025-12-28 12:34:19",paid
7534,2955105,03-037-0002-00,ghxl8aGokc,bKash,1416,"2025-12-28 13:45:17",paid
7535,2973342,26-575-0011-02,JYrOZoAzGa,bKash,425,"2025-12-28 13:46:51",paid
7536,2973340,26-575-0011-00,WE1VjxW1J5,bKash,425,"2025-12-28 13:55:03",paid
7537,3001548,17-067-0070-00,lDF8mnui3x,bKash,189,"2025-12-28 13:55:12",paid
7538,2992528,09-111-0326-00,O75rYOJYdT,bKash,2375,"2025-12-28 14:47:25",paid
7539,3011317,18-378-0002-00,2YPdTroZo8,"UCB CARD",14156,"2025-12-28 16:08:23",paid
7540,3001417,17-067-0009-01,BbPhCLwMZx,bKash,1510,"2025-12-28 16:10:41",paid
7541,2953652,03-029-0080-05,0XlZUBKBm1,bKash,98,"2025-12-28 17:13:50",paid
7542,2977433,16-267-0127-01,d1XeThIAsg,bKash,189,"2025-12-28 18:42:11",paid
7543,3014741,18-375-0017-16,UyO9JVGVTP,bKash,14288,"2025-12-28 18:48:42",paid
7545,2941797,11-098-0815-00,DfUv3IHDQ1,bKash,2990,"2025-12-28 21:29:32",paid
7547,2992653,09-111-0424-00,SyNni9tl77,bKash,378,"2025-12-29 10:07:55",paid
7548,3014906,09-110-0130-5E,8MAHCYzebR,DBBL,4909,"2025-12-29 10:11:22",paid
7549,3014907,09-110-0130-6W,xRpdywRGK0,"UCB CARD",1681,"2025-12-29 10:23:59",paid
7553,3014896,09-110-0130-1W,5k43XnaNaz,"UCB CARD",1388,"2025-12-29 10:54:57",paid
7555,3014900,09-110-0130-3E,eTOHxhINkE,"UCB CARD",4909,"2025-12-29 11:24:54",paid
7559,2982428,25-564-0010-01,EEDH5L0hUO,bKash,13339,"2025-12-29 12:28:22",paid
7561,3016894,14-259-0624-00,wFhFCoWfNn,bKash,19744,"2025-12-29 12:40:38",paid
7562,3012684,18-398-0068-01,lz6kR0L8Ml,bKash,1365,"2025-12-29 12:41:19",paid
7563,2991496,09-108-0056-0ক,fDKktlmMNO,bKash,189,"2025-12-29 12:42:35",paid
7565,3007335,24-512-000ই-10,QGrmTKBTkv,bKash,2807,"2025-12-29 12:51:26",paid
7566,3007342,24-512-0010-ই/A,lbcY8UcLHn,bKash,2470,"2025-12-29 12:55:21",paid
7567,2955853,03-725-0077-3,1KigCQEk2R,bKash,2280,"2025-12-29 13:54:10",paid
7570,3014994,09-110-0130-2W,lsBuTWSde7,"UCB CARD",4909,"2025-12-29 14:15:32",paid
7571,3002019,17-289-0009-0ক,zmxdNJAoo0,bKash,378,"2025-12-29 14:24:23",paid
7572,2975798,01-007-0180-00,VqYghlEhyu,Nagad,1038,"2025-12-29 14:35:30",canceled
7573,2975798,01-007-0180-00,AYuOVRRQIR,Nagad,1038,"2025-12-29 14:40:15",paid
7574,3008272,24-538-0151-05,lSJ3gXhnvb,bKash,419,"2025-12-29 15:01:47",paid
7575,3014897,09-110-0130-1E,698FlyxzCC,"UCB CARD",1681,"2025-12-29 16:12:43",paid
7576,2965100,19-402-0109-04,msIGCptvps,"UCB CARD",389,"2025-12-29 16:22:54",paid
7578,2973937,26-583-0005-04,T48NJb0iEJ,bKash,1150,"2025-12-29 19:48:41",paid
7579,2977503,16-267-0148-2খ,FCLwgPuWtb,bKash,1266,"2025-12-29 19:55:50",paid
7582,2950925,29-443-0005-00,9UmvfIMbRY,"UCB CARD",21613,"2025-12-29 21:20:24",paid
7583,3008757,24-546-0001-00,uh3u81DewD,bKash,14647,"2025-12-29 21:40:05",paid
7584,2962536,12-351-0015-00,qQRRHfE8if,bKash,7719,"2025-12-29 22:46:16",paid
7586,2979376,16-287-0013-01,zGYz8MTXck,bKash,7550,"2025-12-29 22:59:42",paid
7588,3003343,17-308-0140-00,eodr1A5aQI,"UCB CARD",2193,"2025-12-30 00:16:02",paid
7589,2987884,14-091-0034-00,WLf8xx6XlQ,bKash,770,"2025-12-30 01:04:31",paid
7590,2952196,29-655-0008-6এ,4taipx4E7O,bKash,7067,"2025-12-30 01:18:41",paid
7591,2980931,25-386-0062-04,Mx7rjKq3FV,bKash,7600,"2025-12-30 07:07:07",paid
7594,2980420,16-832-0031-49,29wk3UMRMy,bKash,189,"2025-12-30 10:27:55",paid
7595,2981919,25-558-0121-00,J0JMHbA9hB,bKash,2265,"2025-12-30 10:34:59",paid
7596,2981922,25-558-0121-03,ZUg3UWYrd7,bKash,21140,"2025-12-30 10:36:47",paid
7597,3016607,10-165-0079-00,yP81gIjFFB,"UCB CARD",80000,"2025-12-30 11:11:24",paid
7598,3007946,24-526-0014-01,CWo4U8P9NM,"UCB CARD",4931,"2025-12-30 11:15:44",paid
7599,2952949,03-002-0054-01,nI87IVK0XN,Nagad,2000,"2025-12-30 12:34:42",paid
7600,2963625,13-241-0133-00,NfrmnX6FJ2,bKash,6691,"2025-12-30 13:19:17",paid
7603,2963691,13-241-0162-0ক,2emgODUnP3,"UCB CARD",12929,"2025-12-30 14:29:20",paid
7604,2989940,14-268-0019-05,rdrZBBsLw4,bKash,1011,"2025-12-30 15:18:18",paid
7969,3014895,09-108-0036-0A,cCiXzMnyVY,"UCB CARD",378,"2025-12-30 15:42:40",paid
7970,2943310,02-020-0008-00,S1hBTgLkND,bKash,689,"2025-12-30 18:34:23",paid
7972,2988887,14-247-0051-02,BEWcAjjfxI,bKash,6799,"2025-12-30 19:41:37",paid
7974,3016133,22-456-0092-548,jZeJ25XyPs,bKash,4329,"2025-12-30 20:01:06",paid
7975,3016095,22-460-0046-01,k9NGXONqvi,bKash,649,"2025-12-30 20:12:18",paid
7978,2984872,28-641-0010-00,jFASgdMncI,bKash,1222,"2025-12-30 21:18:36",paid
7979,2998481,30-639-0041-01,uYVXH4J43U,bKash,1518,"2025-12-30 21:20:48",paid
7980,3016927,31-688-0061-03,Ata7s3Wfsx,bKash,378,"2025-12-30 22:19:54",paid
7981,3003847,17-311-0012-61,hpbrCezGKl,bKash,255,"2025-12-30 23:28:44",paid
7982,3003667,17-311-0011-34,7yDYAROYxX,bKash,2643,"2025-12-30 23:30:35",paid
7984,3016121,01-006-0074-0A,9EuNoUVa1Y,bKash,972,"2025-12-31 09:48:39",paid
7985,3016228,24-479-0184-3B,t4XYQJA1fM,bKash,735,"2025-12-31 10:45:21",paid
7987,2992009,09-110-0007-9বি,HxDLijuUeh,bKash,6418,"2025-12-31 11:13:24",paid
7988,2940395,31-723-0002-15,XnqCA9MBC5,bKash,1427,"2025-12-31 11:47:29",paid
7989,2979185,16-286-0062-08,sfJ0lyhOsm,Nagad,189,"2025-12-31 11:56:21",paid
7990,2989467,14-267-0231-01,EuoLGiM9WU,bKash,649,"2025-12-31 12:05:30",paid
7991,2940504,31-724-0017-00,yiCsEsdrUj,bKash,189,"2025-12-31 12:34:47",paid
7994,2950021,23-469-0002-00,6Yms0qCrOb,bKash,21223,"2025-12-31 12:56:39",paid
7995,2939903,31-716-0032-02,s2dkJfouMm,bKash,649,"2025-12-31 13:01:45",paid
7997,2998463,30-639-0030-00,JdDJQv160a,IBBL,1193,"2025-12-31 13:19:22",paid
7998,2937549,31-693-0007-28J,XQno5wjAyW,bKash,2094,"2025-12-31 13:43:12",paid
7999,3016991,28-610-0034-00,N8SstHAJnS,"UCB CARD",22400,"2025-12-31 14:13:03",paid
8000,2984031,28-633-0078-03,Qsq0L6qd4A,bKash,6795,"2025-12-31 14:35:45",paid
8003,3002006,17-289-0003-05,epUhzbkqXN,bKash,1591,"2025-12-31 14:54:31",paid
8005,2980736,"25-385-0178-6 বি",bCJuzLdnvj,bKash,1074,"2025-12-31 15:25:30",paid
8006,2937614,31-693-0007-67,WMpZlWluCx,Nagad,2850,"2025-12-31 17:44:54",paid
8007,2945470,04-040-0177-05,4bqE9sDTyw,bKash,10268,"2025-12-31 18:07:24",paid
8010,2938157,31-694-0083-12দ,RLAxCcmBfU,bKash,1259,"2025-12-31 18:55:01",paid
8011,2938214,31-694-0090-2খ,mCnXjWpAPN,bKash,1706,"2025-12-31 19:24:12",paid
8012,2988691,14-246-0068-00,2ISShr1dgx,bKash,649,"2025-12-31 20:47:44",paid
8013,2988689,14-246-0066-00,OiUFF9lS4U,bKash,649,"2025-12-31 20:53:02",paid
8014,2980106,16-822-0044-65খ,YegzxF8Az1,bKash,3393,"2025-12-31 22:23:18",paid
8015,3012804,18-772-0107-00,2iHHkSujoV,IBBL,10688,"2025-12-31 23:37:54",paid
8016,3012805,18-772-0108-00,9CT3aJzBwD,IBBL,23275,"2025-12-31 23:42:32",paid
8017,3016969,24-506-0431-00,pFAOaLOtXb,IBBL,9381,"2025-12-31 23:46:27",paid
8019,3063178,14-111-0020-01,nYullueZ4j,bKash,423,"2026-01-15 17:52:20",paid
8021,3056516,18-322-0115-43,z4esakEKoM,bKash,193,"2026-01-18 17:07:03",paid
8024,3052623,17-286-0004-07,E3KHNR0RuD,bKash,616,"2026-01-22 08:11:41",paid
8025,3052637,17-286-0005-01,CvD0WeopJ2,bKash,193,"2026-01-22 08:20:19",paid
8032,3072200,25-385-0136-01,x4ZRWjCnN0,bKash,3042,"2026-01-22 14:46:45",paid
8033,3072951,25-552-0059-00,g01JSOtUOd,bKash,3441,"2026-01-22 19:30:59",paid
8034,3072949,25-552-0057-00,K0bcG0MLss,bKash,924,"2026-01-22 20:31:06",paid
8035,3071938,15-733-0012-00,V9bz0QHRdY,bKash,133,"2026-01-23 10:42:04",paid
8036,3071940,15-733-0012-0ক,vfHAlhkIEc,bKash,133,"2026-01-23 10:45:45",paid
8037,3071941,15-733-0012-0খ,h2E3Mg1weO,bKash,304,"2026-01-23 10:48:53",paid
8038,3083177,28-638-0036-15,KWz6OWlojV,bKash,313,"2026-01-25 12:58:26",paid
8039,3073795,25-562-0026-02,3QqNVDnhS4,"City Bank",193,"2026-01-25 15:22:17",paid
8040,3035148,20-390-0015-00,LNNkI4pSTX,bKash,263,"2026-01-25 16:38:35",paid
8041,3048334,27-609-0106-00,oIogJFkqfR,DBBL,5809,"2026-01-25 17:54:16",paid
8042,3052388,17-067-0081-00,7dn4H7ShIu,bKash,1250,"2026-01-25 20:05:18",paid
8043,3046946,27-589-0013-03,ixUD3AM7oG,bKash,193,"2026-01-25 21:08:11",paid
8044,3088012,30-664-0010-00,U1uThSlzVf,bKash,193,"2026-01-25 21:28:25",paid
8046,3021390,16-284-0015-11,S600jaVgEW,bKash,193,"2026-01-25 21:32:08",paid
8047,3022429,16-287-0083-01,V2MzGYRD0X,bKash,423,"2026-01-26 10:24:22",paid
8049,3063414,14-111-0155-00,hA0TcxvfR0,bKash,193,"2026-01-27 23:09:33",paid
8051,3059178,18-398-0027-01,v6LIuZS54O,bKash,7650,"2026-01-28 00:18:57",paid
8053,3089117,30-678-0054-0ক,BAZ1s8ZuOW,Nagad,193,"2026-01-29 12:06:01",paid
8056,3083300,28-639-0060-22,qdj2lsb8sb,bKash,1155,"2026-01-30 21:22:47",paid
8057,3075566,09-110-0056-0B,MK5EBUYzhD,bKash,1925,"2026-01-31 09:39:41",paid
8058,3050918,29-444-0085-01,AuezUAW1Y5,bKash,231,"2026-01-31 10:22:05",paid
8059,3022483,16-288-0021-08,gHEmUVuJBX,bKash,883,"2026-01-31 11:43:29",paid
8060,3082796,28-633-0084-01,th3qO5Q2u6,bKash,12825,"2026-01-31 12:28:20",paid
8061,3082799,28-633-0085-00,jS3cnIIBnJ,bKash,3800,"2026-01-31 12:29:03",paid
8062,3098183,30-679-0137-01,XbTrVcuCCu,"UCB CARD",15400,"2026-01-31 20:32:01",paid
8064,3052125,29-659-0008-00,0Jm82oPGui,bKash,665,"2026-02-01 13:12:41",paid
8066,3052292,17-067-0030-04,4BWPtIFkrr,bKash,193,"2026-02-02 10:03:28",paid
8070,3068213,26-570-0186-06,rPnDidemz7,Nagad,384,"2026-02-05 12:17:52",canceled
8071,3068213,26-570-0186-06,04THVoMVeU,Nagad,197,"2026-02-05 12:19:44",paid
8072,3022004,16-286-0062-09,er6CbSuMKf,bKash,193,"2026-02-06 18:49:30",paid
8073,3089146,30-679-0011-03,izCeYyD69v,Nagad,546,"2026-02-06 18:51:51",paid
8074,3022956,16-822-0044-74,J6vNyBvvEa,"UCB CARD",193,"2026-02-06 23:03:43",failed
8076,3022956,16-822-0044-74,XVqVFGJkAu,"UCB CARD",193,"2026-02-06 23:11:30",failed
8077,3022956,16-822-0044-74,5om1OT45XR,"UCB CARD",193,"2026-02-06 23:13:51",paid
8078,3087671,30-639-0031-00,8Pc9GluhL2,"UCB CARD",16500,"2026-02-07 08:34:05",paid
8081,3019982,16-267-0036-01,XGc4FhLKSj,Nagad,289,"2026-02-09 13:48:41",paid
8093,3020077,16-267-0069-0A,DOgelGAs8r,bKash,887,"2026-02-10 23:02:47",paid
8094,3081540,28-610-0033-03,ahCq0gQrCM,bKash,385,"2026-02-13 20:07:32",paid
8095,3030512,31-785-0024-01,iI677NF1SK,bKash,295,"2026-02-14 11:12:59",paid
8096,3054214,17-309-0026-02,LDGo94s5wa,bKash,193,"2026-02-14 12:37:43",paid
8097,3089992,30-684-0010-05,aQsVoSeqDS,Nagad,193,"2026-02-14 22:58:19",paid
8101,3030493,31-785-0010-0B,PsUtfgsVAQ,Nagad,385,"2026-02-15 10:26:52",paid
8102,3037819,03-030-0016-00,RLMqpU8FsW,bKash,782,"2026-02-16 13:17:39",paid
8104,3083140,28-638-0035-00,B335c2SvjY,bKash,2580,"2026-02-16 22:51:24",paid
8105,3028781,31-715-0010-0A,lcX6JgBIMP,Nagad,328,"2026-02-17 11:29:33",canceled
8106,3028781,31-715-0010-0A,jqBFAcGWq9,Nagad,328,"2026-02-17 11:32:38",paid
8107,3065129,14-268-0020-01,jUpNDKJuRc,bKash,385,"2026-02-17 13:49:52",paid
8108,3020318,16-267-0148-2খ,XNMBkthgZa,bKash,1266,"2026-02-17 15:53:50",paid
8110,3041446,19-398-0179-02,LMwgkRrcGA,bKash,4662,"2026-02-18 15:18:50",paid
8112,3089298,30-679-0089-02,38be5CIUSf,bKash,454,"2026-02-18 22:59:06",paid
8116,3018825,10-175-0029-00,WKsuARNnes,bKash,831,"2026-02-19 13:01:56",paid
8117,3021306,16-283-0207-00,VYixJkCPxU,bKash,925,"2026-02-21 17:21:14",paid
8119,3050169,23-471-0004-00,no7zKHoUIa,bKash,410,"2026-02-22 12:11:10",paid
8120,3050925,29-444-0087-01,tTE6HBpEiy,bKash,836,"2026-02-23 12:51:42",paid
8123,3039477,03-725-0046-12A,L6MQeaO9tG,bKash,295,"2026-02-24 12:21:31",paid
8124,3071886,15-278-0081-05,O930WBxOaN,bKash,10384,"2026-02-24 14:53:58",paid
8126,3071882,15-278-0081-00,Mb2i5wkUgY,bKash,1301,"2026-02-24 14:57:38",paid
8130,3087882,30-661-0020-02,xhOZ0rE8Xp,bKash,13209,"2026-02-25 10:06:26",paid
8131,3054387,17-311-0007-15ক,IElzaopRkP,Nagad,883,"2026-02-26 00:32:30",paid
8133,3050112,23-470-0031-01,gQKbeFEDFb,bKash,3204,"2026-02-26 13:23:12",paid
8134,3079975,22-454-0028-00,184VjP0ARN,bKash,4732,"2026-02-26 13:39:34",paid
8137,3053459,17-296-0415-05,V2kHOsT2uG,bKash,5775,"2026-02-27 19:45:26",paid
8140,3029269,31-718-0066-00,QNZDuBA2MZ,Nagad,1343,"2026-02-28 21:42:56",canceled
8141,3092575,24-511-0448-00,bX7OPQsEJT,bKash,11550,"2026-03-02 09:30:45",paid
8142,3028848,31-715-0031-0খ,ijyTXqrnFE,Nagad,695,"2026-03-02 11:17:19",paid
8144,3022861,16-821-0011-28ক,FJjAtsJ4AV,bKash,230,"2026-03-03 00:33:47",paid
8146,3031810,04-053-0011-01,GYsHPpwWUp,bKash,5159,"2026-03-03 03:24:24",paid
8147,3063928,14-246-0101-04,MPF5cNWxmt,bKash,193,"2026-03-03 11:36:17",paid
8148,3028891,31-715-0044-00,YJ6o7wnhXY,bKash,143,"2026-03-03 12:09:27",paid
8149,3019045,10-182-0015-00,m9e77YBFis,bKash,1725,"2026-03-05 15:30:56",paid
8150,3092358,24-504-0382-01,IRQLVq9tAK,bKash,15913,"2026-03-05 16:49:12",paid
8151,3030572,31-785-0054-0A,JLmDKXlkzD,bKash,385,"2026-03-07 19:20:48",paid
8153,3082378,28-627-0006-00,d3tCi458bV,bKash,3344,"2026-03-08 11:35:51",paid
8154,3052494,17-283-0042-00,6bYbkRahAa,Nagad,193,"2026-03-08 14:19:32",paid
8155,3099145,28-627-0007-03,uOAJ7LPuEK,bKash,2775,"2026-03-09 14:56:39",paid
8156,3057783,18-377-0020-06,mNAjyAB4yn,bKash,606,"2026-03-11 18:37:53",paid
8157,3073978,25-564-0010-01,WmJq54a70w,bKash,13339,"2026-03-12 10:47:36",paid
8158,3072946,25-552-0053-00,5fDFqPPcnH,bKash,12801,"2026-03-12 11:09:06",paid
8161,3058862,18-388-0063-07,uksGBDVBMf,bKash,13975,"2026-03-12 16:25:37",paid
8162,3033892,05-077-0147-01,AvhWW6qCrc,bKash,3504,"2026-03-12 20:49:37",paid
8163,3032654,04-063-0071-00,xzfTEUV9Gy,DBBL,193,"2026-03-12 20:56:07",paid
8164,3029120,31-718-0005-01,MH36xLE2dv,bKash,1803,"2026-03-13 15:15:17",paid
8165,3072916,25-552-0039-1ক,U3ZGkLbKPy,bKash,2850,"2026-03-15 11:39:38",paid
8168,3035041,20-011-0150-00,lrJW6vkowS,"UCB CARD",26125,"2026-03-16 07:30:08",paid
8169,3059301,18-398-0082-01,JBjPe5athC,bKash,1059,"2026-03-16 09:48:28",paid
8170,3058861,18-388-0063-06,9diBrKBW1G,"UCB CARD",7026,"2026-03-16 10:47:37",paid
8171,3064907,14-267-0407-02,QFGhH9Vicx,bKash,576,"2026-03-17 23:41:55",paid
8173,3050313,23-474-0019-00,e3ni0D7OL9,bKash,3605,"2026-03-18 13:45:17",paid
8174,3050314,23-474-0019-01,rULZlIPb45,bKash,3840,"2026-03-18 13:49:54",paid
8175,3032615,04-063-0056-00,Nf3wYVZXbe,Nagad,193,"2026-03-19 21:23:27",paid
8177,3092597,24-512-0010-ই/F,sfLQGa24el,bKash,463,"2026-03-20 11:14:56",paid
8178,3092595,24-512-0010-ই/D,Lhu5W3jpa5,bKash,463,"2026-03-20 11:19:47",paid
8179,3092585,24-512-000ই-10,Yi5WFHBuBj,bKash,5467,"2026-03-20 11:24:18",paid
8180,3092594,24-512-0010-ই/C,hnKP8W19ja,bKash,5180,"2026-03-20 11:28:10",paid
8181,3092596,24-512-0010-ই/E,JRxANSb2or,bKash,5180,"2026-03-20 11:42:09",paid
8182,3092593,24-512-0010-ই/B,iaSko1JAWO,bKash,4810,"2026-03-20 11:45:18",paid
8184,3092592,24-512-0010-ই/A,OiTpSIvTJJ,bKash,4810,"2026-03-20 14:31:38",paid
8185,3081511,28-610-0018-1ক,fAMVoKySTO,bKash,14226,"2026-03-20 16:53:36",paid
8186,3056470,18-322-0115-07,TRKsRSNFba,bKash,4038,"2026-03-24 09:49:12",paid
8187,3067637,26-559-0031-00,dWI8sVJ2nv,bKash,1900,"2026-03-24 11:27:58",paid
8188,3069114,26-581-0046-00,sA9B2RyBo5,bKash,18269,"2026-03-24 11:32:01",paid
8189,3068489,26-573-0020-06,bCaUm0iXkb,bKash,10638,"2026-03-24 11:35:18",paid
8190,3046751,27-585-0186-00,w3gGkHAbMJ,Nagad,348,"2026-03-24 16:32:08",paid
8191,3046752,27-585-0187-00,WJ4AQ4yoLq,Nagad,592,"2026-03-24 16:36:46",paid
8192,3074154,25-566-0003-02,YJLm20VaVf,bKash,562,"2026-03-24 21:55:10",paid
8193,3070743,12-357-0035-00,fVwDeLWdci,bKash,4806,"2026-03-25 10:27:43",paid
8194,3032643,04-063-0066-0E,ybnSTcu3uD,Nagad,467,"2026-03-25 11:08:39",paid
8195,3058987,18-388-0079-06,6l2QirRHvM,bKash,193,"2026-03-25 12:20:53",paid
8215,3062324,01-009-0060-00,HWhbh6RMjv,"City Bank",770,"2026-03-25 19:28:55",paid
8216,3062325,01-009-0060-01,oKM7LNZAii,"City Bank",193,"2026-03-25 19:39:16",paid
8217,3053255,17-290-0413-2এ,42Zr9DlSWc,bKash,16388,"2026-03-25 22:57:13",paid
8218,3053256,17-290-0413-2বি,wRRK0yr37k,"UCB CARD",16388,"2026-03-25 23:07:11",paid
8219,3081541,28-610-0034-00,yt5HqgRZv5,bKash,3448,"2026-03-25 23:44:11",paid
8222,3082304,28-625-0031-00,wFl0gUDdKs,bKash,773,"2026-03-26 11:39:25",paid
8223,3094007,24-546-0001-00,640RpR9Lej,bKash,14647,"2026-03-26 20:17:42",paid
8225,3070389,12-351-0015-00,IKJyM4vwPI,bKash,7719,"2026-03-27 16:21:29",paid
8226,3050764,29-443-0005-00,JaW4BabemC,"UCB CARD",21613,"2026-03-27 23:01:02",paid
8228,3087272,30-057-0009-10গ,3X9reYiCDC,"UCB CARD",3990,"2026-03-28 09:15:13",paid
8229,3021856,16-286-0011-45,RxH5XoXxfR,bKash,193,"2026-03-28 13:44:48",paid
8230,3045950,27-522-0066-0খ,aGPsUoMiJl,bKash,17306,"2026-03-28 21:04:12",paid
8231,3093534,24-538-0158-00,QtgWuCzFwP,bKash,1245,"2026-03-28 21:06:43",paid
8232,3076558,09-114-0052-06,LYYWGjUmCd,Nagad,3850,"2026-03-29 06:33:20",paid
8233,3076554,09-114-0052-01,1FKgyjuHnm,Nagad,501,"2026-03-29 06:43:59",paid
8234,3025182,02-856-0019-00,3n2T3Xa1dr,DBBL,28675,"2026-03-29 09:26:48",paid
8236,3028873,31-715-0037-0ঙ,PTenC7jIg2,bKash,1113,"2026-03-29 10:12:55",paid
8238,3041598,19-402-0067-01,hMqsSG07CU,Nagad,1184,"2026-03-29 10:41:13",canceled
8240,3041598,19-402-0067-01,5CcDUWjKN3,Nagad,1184,"2026-03-29 10:45:51",paid
8241,3022161,16-286-0115-40,eL7ExaZzuh,bKash,193,"2026-03-29 11:03:20",paid
8242,3069050,26-581-0010-0ঙ,8G5Us21xkx,bKash,1803,"2026-03-29 11:10:54",paid
8244,3050129,23-470-0040-0এফ,ZZ2gRqlGOT,bKash,4620,"2026-03-29 13:02:00",paid
8245,3074131,25-565-0035-0ক,IN9Cnd4fR1,bKash,316,"2026-03-29 13:04:40",paid
8246,3024711,02-024-0001-00,NYN79UlO0f,bKash,1448,"2026-03-29 15:00:10",paid
8247,3073564,25-559-0042-00,AcRwqEJvqg,bKash,5206,"2026-03-29 19:01:36",paid
8248,3082488,28-629-0008-00,EjjLB7dhQn,bKash,193,"2026-03-30 10:59:25",paid
8249,3068997,26-580-0003-00,oef42RdRt7,bKash,618,"2026-03-30 11:48:38",paid
8250,3020233,16-267-0116-00,tuIodFSFQO,bKash,193,"2026-03-30 12:08:26",paid
8251,3069074,26-581-0024-00,wdG3KcIN8t,bKash,193,"2026-03-30 12:13:23",paid
8252,3099467,31-724-0050-47ক,k34WGhyKkl,bKash,193,"2026-03-30 12:38:02",paid
8253,3020035,16-267-0050-00,fGn7jZjuCl,bKash,240,"2026-03-30 13:01:12",paid
8254,3020252,16-267-0129-02,3Chj7QjmBj,bKash,880,"2026-03-30 13:04:58",paid
8255,3042045,19-415-0022-9B,fizEGJ5Xrg,bKash,1304,"2026-03-30 18:00:08",paid
8256,3020195,16-267-0099-1খ,jeF6G9Yjnr,bKash,193,"2026-03-30 18:39:43",paid
8257,3019890,16-267-0003-00,Lgt3PS0eSo,bKash,193,"2026-03-30 20:53:59",paid
8258,3074082,25-565-0014-03,eJ7nMt1XXt,"City Bank",3254,"2026-03-30 21:51:34",paid
8262,3021599,16-285-0009-5ঙ,j55SIDqwVu,bKash,3700,"2026-03-30 22:07:08",paid
8263,3072256,25-385-0173-00,BEMZJVK4sy,Nagad,2423,"2026-03-30 22:29:36",paid
8264,3029477,31-723-0002-04,M8PoDv2sAd,bKash,653,"2026-03-31 08:55:26",paid
8265,3020630,16-267-0271-06,4ldA2FcO3Z,bKash,193,"2026-03-31 10:03:37",paid
8266,3020565,16-267-0255-01,KqjBG4t7Yz,bKash,193,"2026-03-31 10:06:42",paid
8267,3057227,18-371-0005-00,PoriKx4Kfv,bKash,5950,"2026-03-31 10:17:26",paid
8268,3074014,25-564-0028-0ক,MIvzxPA0aR,bKash,970,"2026-03-31 10:41:00",paid
8269,3059282,18-398-0068-01,wbfBRLl9gc,bKash,1365,"2026-03-31 10:48:44",paid
8270,3069162,26-583-0002-01,GACYNOFE2b,bKash,2923,"2026-03-31 11:05:03",paid
8271,3093195,24-526-0014-01,JKcBEH0vS7,"UCB CARD",4931,"2026-03-31 11:09:52",paid
8272,3020709,16-271-0021-5ক,7GNTyfJDyb,bKash,674,"2026-03-31 12:23:37",paid
8274,3072284,"25-385-0178-6 বি",uz9MvUpqc4,bKash,1074,"2026-03-31 12:31:45",paid
8275,3032611,04-063-0055-00,08sWqBubyy,Nagad,1078,"2026-03-31 12:34:58",paid
8276,3022586,16-288-0048-00,w7x4bJqMNs,bKash,5563,"2026-03-31 12:53:38",paid
8277,3053044,17-289-0025-14,v3AdSSr1uJ,bKash,193,"2026-03-31 13:11:10",paid
8278,3022935,16-822-0044-65খ,86mkaovtdi,bKash,3393,"2026-03-31 14:25:38",paid
8281,3064331,14-252-0160-01,yLsKxs86PZ,Nagad,3990,"2026-03-31 14:45:24",paid
8282,3099606,31-693-0007-67,eLavvKamGs,bKash,2850,"2026-03-31 14:50:19",paid
8283,3093442,24-538-0122-00,SSl4bFMvC0,"UCB CARD",1140,"2026-03-31 15:41:39",paid
8284,3093441,24-538-0121-00,C5iDD7Ib3M,"UCB CARD",2494,"2026-03-31 15:50:48",paid
8285,3099438,01-012-0007-04,e5DBtwUo6Q,"UCB CARD",1100,"2026-03-31 19:25:19",paid
8286,3099439,01-012-0007-02,RRnECtOols,"UCB CARD",9440,"2026-03-31 19:35:58",paid
8288,3097344,06-095-0001-04,PxzppyL21x,bKash,193,"2026-03-31 21:28:51",paid
8290,3132420,06-011-0371-02,zaG0U8XWqt,bKash,656,"2026-04-20 09:39:11",paid
8291,3103949,17-289-0028-03,AZz0EAQtsN,bKash,545,"2026-04-21 18:59:35",paid
8294,3176872,01-007-0184-00,HgHatUt3U8,bKash,3792,"2026-04-22 11:34:06",canceled
8295,3176872,01-007-0184-00,XYW91ziuLM,Nagad,3792,"2026-04-22 11:42:58",paid
8296,3123788,29-659-0008-00,wopfbTLHb6,bKash,665,"2026-04-22 12:01:17",paid
8299,3146267,24-479-0184-3ঘ,EhyvKCqR6i,bKash,198,"2026-04-22 16:08:31",paid
8300,3149823,26-559-0027-04,1bMxBnsEvX,Nagad,296,"2026-04-26 13:06:29",canceled
8303,3147272,24-506-0431-00,wdikxIHWGx,bKash,19256,"2026-04-27 05:32:58",paid
8305,3169356,28-619-0067-01,aGVZAU8Ejj,bKash,261,"2026-04-29 10:00:33",paid
8306,3149823,26-559-0027-04,YueXbTErup,bKash,296,"2026-04-29 10:06:51",paid
8307,3104663,17-307-0011-03,sEmcRzBZxU,bKash,100001,"2026-04-29 10:42:39",failed
8308,3104663,17-307-0011-03,RrsPhIBA5h,bKash,100001,"2026-04-29 11:19:43",paid
8311,3141278,14-248-0046-03,AnIEXOktLV,"UCB CARD",4108,"2026-04-29 20:01:57",paid
8312,3113844,03-002-0054-01,DgFaC9Y72a,bKash,2000,"2026-04-29 20:36:27",paid
8313,3151924,30-639-0030-00,msfWwQI8wG,bKash,3521,"2026-05-01 11:19:03",paid
8315,3151767,30-421-0213-00,sT13VWSKUT,"UCB CARD",1379,"2026-05-02 10:11:48",paid
8317,3133361,06-086-0008-02,nmSYc3vG76,bKash,198,"2026-05-02 15:48:32",paid
8319,3166796,25-385-0145-02,nHkokaEfmj,Nagad,198,"2026-05-03 10:17:42",paid
8322,3136563,09-110-0071-0সি,xIgivY7edJ,bKash,13331,"2026-05-05 17:05:02",paid
8326,3146029,24-478-0167-0F,r0aGGZKBGh,bKash,31215,"2026-05-06 20:57:04",paid
8327,3135400,09-011-0332-00,k7iKEGLP2k,bKash,2250,"2026-05-07 12:09:34",canceled
8328,3099941,04-040-0008-04,id4NVlRSBK,bKash,873,"2026-05-07 12:42:19",canceled
8329,3099941,04-040-0008-04,I7cNziJS4T,Nagad,873,"2026-05-07 12:43:11",failed
8332,3099941,04-040-0008-04,fH0tleYcXr,Nagad,873,"2026-05-07 12:54:14",paid
8333,3135382,09-011-0328-02,RU3uYGEDT2,bKash,2500,"2026-05-07 14:29:04",failed
8336,3135382,09-011-0328-02,nTotimrMky,bKash,2500,"2026-05-07 22:45:50",paid
8337,3135400,09-011-0332-00,aXvA7v6LUD,bKash,2250,"2026-05-07 22:51:16",paid
8338,3136898,09-111-0302-1গ,HoH9Pq7lJh,bKash,2337,"2026-05-08 20:32:00",canceled
8339,3136898,09-111-0302-1গ,MpD6yUeqQV,DBBL,2337,"2026-05-08 20:34:45",paid
8340,3170863,28-640-0021-2ক,gao9CjYW4B,bKash,428,"2026-05-10 09:41:33",paid
8342,3162475,15-243-0088-03,qj7IDFfdkR,bKash,1420,"2026-05-11 00:30:42",canceled
8346,3151743,30-421-0199-00,ruSVdVZr4O,Nagad,1335,"2026-05-11 21:23:42",canceled
8348,3149830,26-559-0031-00,ufb0jcBmyh,bKash,1900,"2026-05-12 10:20:29",paid
8349,3167953,25-557-0046-00,ewc1Gd9Z3B,bKash,33528,"2026-05-12 10:59:50",paid
8350,3151743,30-421-0199-00,uDKc3rpWCD,Nagad,1335,"2026-05-12 11:07:40",paid
8351,3154538,30-687-0001-00,jX3gNHdNtU,bKash,1523,"2026-05-12 11:40:40",canceled
8353,3109468,18-386-0130-00,3A7OwkC1u7,bKash,713,"2026-05-12 11:47:19",paid
8354,3147978,24-524-0110-00,lpoNHFGN6N,bKash,2065,"2026-05-12 11:56:34",paid
8356,3110249,18-772-0107-00,bcJPr1XJdI,bKash,21938,"2026-05-12 19:49:13",failed
8357,3110249,18-772-0107-00,eNVXHdSEub,bKash,21938,"2026-05-12 19:52:45",failed
8358,3110249,18-772-0107-00,fwAXa7xAM8,bKash,21938,"2026-05-12 19:53:42",paid
8359,3142921,14-272-0030-00,DRoxbw4KW6,"UCB CARD",98496,"2026-05-13 02:36:12",paid
8360,3177775,10-131-0015-00,DJhKTapDsh,bKash,1732,"2026-05-13 10:15:41",paid
8361,3142386,14-268-0075-01,i9YAPki3TI,bKash,198,"2026-05-13 10:41:43",paid
8362,3166882,25-385-0189-00,jzVPx48Iyy,bKash,1383,"2026-05-13 11:00:34",paid
8363,3156784,01-008-0011-02,dJGFqSsQeR,bKash,198,"2026-05-13 11:31:40",paid
8364,3121776,13-241-0134-02,e0421YOlm7,bKash,428,"2026-05-13 11:32:37",failed
8365,3121776,13-241-0134-02,qcyBUcEHwF,bKash,428,"2026-05-13 11:37:21",failed
8366,3162228,15-241-0072-03,jbLz8LTu97,bKash,1129,"2026-05-13 16:45:37",paid
8367,3160536,12-333-0005-4/C1,MSKjt5r0uf,"UCB CARD",16459,"2026-05-14 08:57:37",failed
8369,3108771,18-379-0006-00,pJGMbRYTPv,bKash,471,"2026-05-14 10:26:45",paid
8370,3108459,18-375-0042-00,s3UnaPLEIk,bKash,198,"2026-05-14 11:48:25",paid
8372,3164161,16-280-0015-00,YaJIbpBhoX,"Prime Bank My Prime",770,"2026-05-14 12:15:38",paid
8374,3115081,03-033-0013-12,Gcas2e6snV,bKash,195,"2026-05-15 00:14:33",paid
8376,3134903,06-094-0002-00,oU0SKGWPsC,bKash,1600,"2026-05-15 10:01:25",paid
8377,3166236,16-822-0044-65খ,emHqbvElOH,Nagad,3393,"2026-05-15 10:27:08",failed
8381,3166236,16-822-0044-65খ,P6lqOgkaur,bKash,3393,"2026-05-15 11:28:58",paid
8382,3156782,01-008-0011-00,uepwsDTNsj,bKash,198,"2026-05-15 18:02:09",paid
8383,3101749,04-063-0066-0D,Tryw6woZyN,Nagad,295,"2026-05-15 22:26:05",paid
8385,3149972,26-562-0110-00,0WyoWHEPE5,bKash,1676,"2026-05-17 11:44:37",paid
8388,3136530,09-110-0057-7B,pabi0spNRi,bKash,8319,"2026-05-18 20:53:38",paid
8389,3123131,29-643-0029-00,f0u58JKDtz,bKash,1406,"2026-05-20 10:54:09",paid
8391,3161773,12-357-0035-00,DcfOIclZs4,Nagad,4806,"2026-05-20 11:23:20",paid
8394,3163620,16-267-0148-2খ,6wl1F84Nv3,Nagad,1266,"2026-05-20 17:42:08",paid
8395,3165625,16-287-0051-1B,VvmoeDamaF,bKash,738,"2026-05-20 21:36:16",paid
8397,3172544,31-693-0007-28A,kxaKdw0cnz,bKash,395,"2026-05-21 10:56:11",paid
8398,3122588,29-444-0087-01,t1KmePWZM4,bKash,836,"2026-05-21 12:16:10",paid
8399,3115385,03-033-0150-01,v1FQbDFB1Y,bKash,198,"2026-05-21 18:36:48",paid
8400,3100569,04-049-0004-00,l6mncdIugC,"UCB CARD",428,"2026-05-22 12:55:09",paid
8402,3169278,28-619-0027-02,J283ciCiNU,Nagad,198,"2026-05-23 11:07:27",paid
8404,3124943,19-402-0109-00,QAsQVXcpLr,"UCB CARD",2240,"2026-05-23 23:12:59",paid
8405,3141638,14-267-0171-00,VHLyuR0Zkb,bKash,3160,"2026-05-24 09:44:08",paid
8407,3101757,04-063-0069-00,x9jaKUJzU2,bKash,451,"2026-05-24 11:22:15",paid
8409,3123302,29-645-0010-01,5UVR54JuPT,bKash,880,"2026-05-24 14:23:33",paid
8410,3136670,09-110-0130-6W,P4pTpBfsMT,"UCB CARD",3450,"2026-05-25 03:47:29",paid
8413,3156271,01-006-0023-03,2re4C4O5pn,bKash,6878,"2026-05-25 14:35:30",paid
8415,3167544,25-552-0063-00,PLB6RyekmE,bKash,30893,"2026-05-25 19:20:18",paid
8416,3167545,25-552-0063-01,w1IE75D44W,bKash,8949,"2026-05-25 19:25:02",paid
8422,3166486,16-829-0011-2খ,r8H6GDd0OM,Nagad,207,"2026-05-30 18:13:07",paid
8423,3142472,14-268-0103-00,kchvCIXNHL,bKash,148,"2026-05-31 23:05:43",paid
8424,3163265,16-267-0028-04,w4mBZGC5ri,bKash,660,"2026-05-31 23:13:48",paid
8425,3165560,16-287-0040-16,5fBowbVglf,bKash,1045,"2026-06-01 10:36:00",paid
8426,3112796,23-466-0040-03,T1MwVDusEO,"Prime Bank My Prime",14657,"2026-06-01 11:39:25",paid
8427,3116041,03-037-0008-01,d6PcHbX3Qw,Nagad,428,"2026-06-01 19:17:03",paid
8428,3155279,01-003-0004-00,ioLV9cRU9w,"UCB CARD",1244,"2026-06-02 08:59:19",paid
8430,3113761,03-002-0037-08,PkABZDeiE4,bKash,313,"2026-06-03 07:59:58",paid
8431,3119145,10-157-0021-00,iW4Nr7xAIP,bKash,348,"2026-06-03 10:46:00",paid
8433,3179165,31-692-0008-0A,e3dGpxyeTW,bKash,395,"2026-06-03 13:22:35",paid
8436,3177853,03-007-0087-11,Vx1ExjhYz0,bKash,780,"2026-06-04 15:49:07",paid
8437,3156819,01-008-0023-02,R5a1O70eNV,bKash,1580,"2026-06-04 20:11:21",paid
8438,3179378,17-289-0078-00,DF4UmujErs,bKash,968,"2026-06-05 15:30:49",paid
8440,3117624,05-077-0182-04,3WchHbRrUz,bKash,684,"2026-06-06 07:46:10",paid
8441,3151925,30-639-0031-00,xy5uERaGro,"UCB CARD",14750,"2026-06-06 08:52:09",paid
8443,3179110,09-109-0025-4A6C,1iYlkInH4u,bKash,2341,"2026-06-06 23:20:01",paid
8445,3179266,18-368-0028-0F,qULSzg1PrL,"City Bank",28322,"2026-06-07 09:51:55",canceled
8446,3179266,18-368-0028-0F,jW7WRpPdfJ,"UCB CARD",28322,"2026-06-07 09:58:14",canceled
8447,3179266,18-368-0028-0F,cHNsZKAEnR,"UCB CARD",28322,"2026-06-07 10:01:59",paid
8448,3168777,25-567-0012-00,INdgeiGJYM,bKash,950,"2026-06-07 11:26:48",paid
8449,3168778,25-567-0012-01,PMDwqqFy7y,bKash,356,"2026-06-07 11:29:54",paid
8450,3154585,30-687-0015-00,cGzOzZSWFD,Nagad,221,"2026-06-07 12:18:41",canceled
8451,3154585,30-687-0015-00,kucbtIitzw,Nagad,221,"2026-06-07 12:27:12",paid
8452,3105735,17-311-0030-06,d05KWpMTLq,bKash,1748,"2026-06-07 12:31:19",paid
8453,3108018,18-369-0016-01,BLVziUeL3f,bKash,10665,"2026-06-07 17:45:21",paid
8456,3141924,14-267-0407-02,PVHXEzO8hL,bKash,576,"2026-06-07 21:56:20",paid
8458,3142627,14-270-0007-02,ya8nWsqyd6,Nagad,2268,"2026-06-08 08:17:16",paid
8459,3174895,31-716-0030-03,YnWNVWGyde,bKash,1118,"2026-06-08 10:55:23",paid
8464,3157233,01-011-0569-1ক,MfAHwLg3fz,bKash,12640,"2026-06-08 19:06:17",paid
8465,3175099,31-718-0033-00,hlRIENusFQ,Nagad,198,"2026-06-08 20:25:50",paid
8466,3139815,09-805-0025-01,TlweuQbxtM,bKash,1975,"2026-06-08 23:15:03",paid
8467,3158826,02-026-0047-00,u51SaS0hZj,bKash,935,"2026-06-08 23:42:46",paid
8468,3177505,23-463-0037-00,GfQV6pf0fX,"UCB CARD",76038,"2026-06-09 07:37:03",canceled
8469,3177505,23-463-0037-00,e0Qr8aB9LO,"UCB CARD",76038,"2026-06-09 07:40:35",paid
8470,3135924,09-108-0063-D,ejrOVlkm9T,"UCB CARD",10053,"2026-06-09 08:30:28",paid
8471,3115083,03-033-0013-14,5Gv4neWhXM,bKash,395,"2026-06-09 10:52:45",paid
8473,3164580,16-283-0180-00,YWj3YSv3jb,bKash,198,"2026-06-09 14:31:07",paid
8474,3175020,31-717-0019-02,qtvGtQF3WI,bKash,428,"2026-06-09 16:24:23",paid
8476,3100029,04-040-0053-00,v8pAVsvIYe,bKash,198,"2026-06-09 22:20:09",paid
8477,3172273,31-692-0017-49,ONtZfh7Y9Y,bKash,198,"2026-06-09 23:18:43",paid
8479,3172087,31-692-0001-02,nPFKOnpvow,bKash,198,"2026-06-09 23:21:21",paid
8485,3102701,07-102-0004-13,bW4AN8HdwN,bKash,1305,"2026-06-10 11:10:21",paid
8489,3178191,17-311-0029-7গ,erhZWlWhMm,Nagad,14813,"2026-06-10 20:54:07",paid
8491,3109156,18-381-0001-01,qALKkPYky3,Nagad,21388,"2026-06-10 21:44:26",paid
8494,3151363,26-583-0005-00,4e2CxrJzg2,bKash,5775,"2026-06-11 11:56:01",paid
8495,3177494,30-678-0039-0A,EQ3Xh2UUl1,bKash,295,"2026-06-11 15:15:50",paid
8497,3180230,01-012-0007-04,XZBNuDj77X,bKash,3245,"2026-06-12 10:17:37",paid
8498,3180231,01-012-0007-02,cXhrrbWZla,bKash,3040,"2026-06-12 10:26:16",paid
8502,3178012,16-271-0060-18A,8THcf0AG35,bKash,614,"2026-06-13 15:33:58",paid
8508,3145885,24-477-0136-4/গ,Ktw5eO3ESe,"Prime Bank My Prime",33688,"2026-06-14 11:06:20",paid
8511,3133777,06-086-0112-03,OYD6DGdA8H,bKash,198,"2026-06-14 11:11:09",paid
8512,3141414,14-258-0152-00,yxgYXYLSTc,bKash,7773,"2026-06-14 11:22:16",paid
8515,3138374,09-289-0664-00,bmInXzz1Ku,DBBL,683,"2026-06-14 16:34:46",paid
8521,3104769,17-308-0061-01,MwcDHvwDgI,Nagad,198,"2026-06-15 18:44:53",paid
8522,3108633,18-377-0020-06,oABiWDeAkW,"UCB CARD",606,"2026-06-15 20:06:41",paid
8523,3111870,23-011-0047-00,AneHjDcebw,bKash,6650,"2026-06-15 20:39:21",paid
8526,3107580,18-360-0153-0A,X167J8LNsB,"UCB CARD",19500,"2026-06-16 10:19:15",paid
8527,3114798,03-029-0160-1A,xq8Gbj3yX0,bKash,1096,"2026-06-16 12:00:21",paid
8528,3180991,10-172-0019-00,IDD6KRj5fL,"City Bank",111525,"2026-06-17 00:55:48",paid
8530,3116244,03-037-0055-03,UKTRvdzxbM,Nagad,198,"2026-06-17 11:01:50",canceled
8531,3116244,03-037-0055-03,TcKJbVoBm5,bKash,198,"2026-06-17 11:02:37",paid
8532,3167497,25-552-0039-1ক,cJzpvphfVf,bKash,2850,"2026-06-17 11:28:11",paid
8533,3127044,21-430-0037-78,Qbu13Ig3Be,bKash,395,"2026-06-17 11:35:24",paid
8534,3127049,21-430-0037-83,He1NOclCRN,bKash,395,"2026-06-17 11:42:53",paid
8535,3181154,05-082-0010-00,EWBOaBOgZS,bKash,7378,"2026-06-17 12:07:13",paid
8536,3119243,10-159-0007-00,UzwbZ2GS20,bKash,2160,"2026-06-17 14:40:53",paid
8537,3119371,10-160-0031-34,JMZyBXmS9M,bKash,198,"2026-06-17 14:57:28",paid
8539,3101368,04-059-0051-01,GkVCX9ThR1,bKash,2105,"2026-06-17 23:16:07",paid
8540,3101136,04-056-0024-00,YBnqNbbOuD,bKash,774,"2026-06-17 23:18:53",paid
8541,3181233,26-570-0017-01,EVHCsr66fW,"UCB CARD",2544,"2026-06-18 11:30:08",paid
8543,3106239,17-317-0002-00,yCCkTyC1MQ,bKash,5214,"2026-06-18 12:26:21",failed
8544,3106239,17-317-0002-00,f2f4d1q4LD,bKash,5214,"2026-06-18 12:27:49",paid
8545,3140579,14-111-0240-05,vjEIvznrBv,"UCB CARD",18715,"2026-06-18 13:40:12",canceled
8596,3139857,09-805-0140-17A,dgpvGAi6QA,bKash,1975,"2026-06-20 11:30:17",paid
8597,3126394,21-427-0004-00,UK2LpRI9p2,bKash,1610,"2026-06-20 11:41:19",paid
8598,3140579,14-111-0240-05,Hh2LPyVzgI,bKash,18715,"2026-06-20 11:54:27",canceled
8599,3140579,14-111-0240-05,vEyuKPPBDl,bKash,18715,"2026-06-20 12:15:42",paid
8600,3139858,09-805-0140-17B,LPA837M5Ew,bKash,1975,"2026-06-20 13:06:41",paid
8601,3161886,12-753-0032-00,FmVryenUs2,bKash,1240,"2026-06-20 13:36:41",paid
8602,3141935,14-267-0410-01,CnpL4Ew1zk,bKash,198,"2026-06-20 18:52:17",paid
8604,3147646,24-517-0013-00,k2Tg18Evpr,bKash,9381,"2026-06-20 23:04:12",failed
8605,3116113,03-037-0028-00,PNVRLK9Zw0,bKash,198,"2026-06-20 23:10:30",paid
8608,3175121,31-718-0039-2A,UkD6d4KMDZ,bKash,395,"2026-06-21 09:28:12",paid
8609,3181225,03-033-0153-01,oImFXlzb1P,Nagad,198,"2026-06-21 09:59:39",paid
8611,3181127,09-110-0131-6B,SJD3NPmrr8,bKash,4841,"2026-06-21 10:52:31",paid
8612,3173746,31-702-0013-00,MSi7HVKVEP,bKash,198,"2026-06-21 12:08:14",paid
8616,3130979,27-599-0078-A,9GPhT1qzL3,bKash,988,"2026-06-21 22:53:16",paid
8617,3151357,26-583-0002-01,gZHKG5NZ0x,bKash,2923,"2026-06-22 10:09:55",paid
8618,3181401,31-782-0009-03,EDW64ch1oM,bKash,429,"2026-06-22 11:36:41",paid
8619,3175958,31-724-0074-119,qtE2T2loMx,bKash,8970,"2026-06-22 13:01:23",paid
8621,3181663,18-388-0073-7ক,TRnTwJ25VV,"UCB CARD",16029,"2026-06-22 13:48:58",paid
8622,3140596,14-111-0240-16,Hu8T7VypWy,bKash,2568,"2026-06-22 18:00:13",paid
8624,3130337,27-592-0021-02,qyAaWIoWWB,bKash,918,"2026-06-22 19:18:08",paid
8625,3101146,04-056-0029-00,Rjp2AkAc7X,"UCB CARD",9429,"2026-06-22 22:05:16",paid
8627,3175015,31-717-0018-00,5uzHP3jYlx,Nagad,4470,"2026-06-23 10:54:25",paid
8630,3145763,24-408-0017-4সি,DqaFJ0IvhU,bKash,4750,"2026-06-23 12:14:23",paid
8631,3178053,06-088-0097-0D,SvmCPYIQWX,bKash,1156,"2026-06-23 13:19:44",paid
8632,3151364,26-583-0005-01,PKUZmJmvk1,Nagad,1000,"2026-06-23 13:24:14",paid
8633,3151367,26-583-0005-04,l5mfd7IsWh,Nagad,1000,"2026-06-23 13:27:12",paid
8634,3116216,03-037-0044-18,LEvwUTdFjb,"UCB CARD",1454,"2026-06-23 13:40:42",paid
8635,3181434,10-165-0080-00,XI6O52LbLj,"UCB CARD",76850,"2026-06-23 14:17:35",paid
8638,3164346,16-281-0013-0A,7jvqMxutR8,bKash,4124,"2026-06-23 17:48:07",paid
8639,3166540,16-831-0031-54,v4kEQX4X84,bKash,888,"2026-06-23 20:17:55",paid
8640,3115311,03-033-0123-01,f0xkdd11ud,Nagad,198,"2026-06-23 20:52:45",paid
8641,3107321,18-322-0115-07,XUXJJIlmXn,bKash,4038,"2026-06-24 09:30:22",paid
8642,3114959,03-030-0007-01,Zdnwdwltxb,bKash,428,"2026-06-24 10:38:47",canceled
8645,3168595,25-564-0028-0ক,gA5sGLzmy5,bKash,970,"2026-06-24 11:20:25",paid
8646,3182118,12-339-0124-0A,mW290XXzIn,bKash,1343,"2026-06-24 11:22:08",paid
8647,3163392,16-267-0079-00,t5rDqvnRHg,bKash,198,"2026-06-24 11:53:10",paid
8649,3114959,03-030-0007-01,X9V5jUylTx,bKash,428,"2026-06-24 13:02:12",paid
8652,3136529,09-110-0057-7A,whT7LLml2y,bKash,8319,"2026-06-24 16:03:01",paid
8653,3115248,03-033-0088-03,CHJRPxPLMI,bKash,395,"2026-06-24 17:44:44",paid
8654,3163232,16-267-0022-00,DYUHZHwtDX,bKash,198,"2026-06-24 19:57:20",paid
8655,3115422,03-033-0168-00,FejaDJ3MvZ,Nagad,428,"2026-06-24 21:34:53",paid
8656,3142185,14-268-0044-01,2JedRd7zAA,bKash,428,"2026-06-24 21:37:45",paid
8657,3107987,18-368-0028-0খ,1cVytUILha,Nagad,28144,"2026-06-24 21:44:13",canceled
8658,3107987,18-368-0028-0খ,cqgIlFeQtl,bKash,28144,"2026-06-24 21:50:44",paid
8659,3116243,03-037-0055-02,K7YioGUdYW,"UCB CARD",428,"2026-06-24 22:36:42",paid
8660,3163394,16-267-0080-00,YwYQyThksu,Nagad,2268,"2026-06-25 10:00:26",paid
8661,3163397,16-267-0082-0A,c4urtSkkpl,bKash,1009,"2026-06-25 10:20:13",failed
8664,3111961,23-011-0061-61,FyXgaNDuMR,bKash,607,"2026-06-25 11:15:32",paid
8665,3148022,24-526-0016-00,xLGGXihzJD,bKash,4882,"2026-06-25 11:42:08",canceled
8666,3148022,24-526-0016-00,gSPEGgoRp4,bKash,4882,"2026-06-25 11:43:16",paid
8667,3182522,24-390-0048-00,WPGZeRWmdU,bKash,222,"2026-06-25 12:12:35",paid
8668,3150482,26-572-0009-00,z52F8CR34e,Nagad,395,"2026-06-25 13:41:15",canceled
8669,3150482,26-572-0009-00,sGGiEXXnQY,Nagad,395,"2026-06-25 13:44:27",paid
8670,3182581,21-816-0002-73/16,OB5VEdH1tg,bKash,1600,"2026-06-25 14:28:10",paid
8671,3141436,14-259-0624-00,9NpB3e2JCR,bKash,19744,"2026-06-25 14:45:11",paid
8672,3130024,27-585-0187-00,pNqhEK5Ec9,bKash,592,"2026-06-25 17:23:25",paid
8673,3130023,27-585-0186-00,fiApQvhz5P,bKash,348,"2026-06-25 17:32:44",paid
8674,3161419,12-351-0015-00,qWJ2o2JC0J,bKash,7719,"2026-06-25 19:09:38",paid
8676,3172734,31-694-0015-2A,V1pt1cwDqD,bKash,295,"2026-06-25 19:46:59",paid
8679,3173320,31-696-0019-01,umBUkEqo3G,bKash,428,"2026-06-26 08:51:32",paid
8682,3166388,16-825-0044-32,tN2znpLLek,bKash,198,"2026-06-26 09:26:04",paid
8683,3115418,03-033-0165-00,wklE804qC2,Nagad,428,"2026-06-26 10:21:26",paid
8686,3163043,15-733-0027-01,qpXMdGUoEN,UPAY_MFS,7801,"2026-06-26 11:48:03",paid
8687,3153206,30-678-0011-00,bPQxyMl50a,Nagad,418,"2026-06-26 11:48:56",paid
8689,3166167,16-821-0011-30,D5SIQsqzH8,bKash,198,"2026-06-26 15:15:19",paid
8693,3147183,24-504-0382-01,7usnWdMfYi,bKash,15913,"2026-06-27 00:30:53",paid
8696,3179722,25-562-0040-00,EnvJXOhbSS,bKash,2091,"2026-06-27 02:33:07",paid
8698,3146640,24-485-0103-00,CnlvAhIhB1,bKash,71100,"2026-06-27 11:45:35",failed
8699,3167623,25-553-0009-02,clTBcRGVeb,bKash,9353,"2026-06-27 12:33:17",paid
8700,3134783,06-090-0031-00,5QIHJjt9sD,bKash,383,"2026-06-27 12:41:08",paid
8701,3163397,16-267-0082-0A,bcl21QBmV8,bKash,1009,"2026-06-27 12:58:14",paid
8702,3175046,31-718-0005-0A,MzpCrnZayK,bKash,436,"2026-06-27 14:30:30",paid
8708,3161809,12-357-0071-00,tHi8aXsUvm,Nagad,1063,"2026-06-27 20:47:04",paid
8709,3110025,18-398-0027-01,9CD21OBQgG,bKash,14918,"2026-06-27 21:32:37",paid
8711,3147481,24-514-0011-00,KrazadxSZi,bKash,8888,"2026-06-27 21:55:55",paid
8714,3166162,16-821-0011-28ক,PAyiOkESMB,bKash,198,"2026-06-27 22:39:49",paid
8715,3180867,06-086-0106-1খ,PPkX6tHqk7,bKash,798,"2026-06-27 23:02:46",failed
8716,3180867,06-086-0106-1খ,LEeDetZhEN,bKash,798,"2026-06-27 23:04:15",failed
8717,3131384,27-606-0009-00,ap0g7K3T3E,bKash,929,"2026-06-27 23:42:29",paid
8719,3173637,31-699-0004-00,L9HHQZdbBp,bKash,545,"2026-06-28 09:31:38",paid
8721,3172666,31-694-0001-02,gXhfBJrRFc,bKash,237,"2026-06-28 11:02:31",paid
8724,3134898,06-094-0001-03,HScN0QS9DS,bKash,428,"2026-06-28 11:10:36",paid
8725,3179102,09-109-0025-1A5B,xh9fX5VQqI,"UCB CARD",2044,"2026-06-28 11:14:09",paid
8726,3133808,06-086-0130-03,bnotxC0tvE,bKash,198,"2026-06-28 11:49:31",paid
8727,3133759,06-086-0108-33ঝ,EpfNqeZoCY,bKash,492,"2026-06-28 11:56:12",paid
8728,3133778,06-086-0112-04,IGZkOt1Kn6,bKash,1348,"2026-06-28 11:59:19",paid
8729,3180867,06-086-0106-1খ,HeUjl0MpOc,bKash,798,"2026-06-28 12:03:35",paid
8730,3133674,06-086-0106-00,4patkBPicS,bKash,888,"2026-06-28 12:06:36",paid
8731,3133809,06-086-0130-04,HBVe2ABfuq,bKash,684,"2026-06-28 12:17:02",paid
8732,3133831,06-086-0135-00,6Kh3OpRt8l,bKash,198,"2026-06-28 12:29:47",paid
8738,3115329,03-033-0131-03,8QBJoUY45s,bKash,428,"2026-06-28 13:58:15",paid
8742,3135010,06-094-0053-01,1lrCJEoGZB,Nagad,869,"2026-06-28 14:32:50",paid
8745,3148832,24-546-0001-00,UfN8gYNnpg,bKash,14647,"2026-06-28 16:45:09",paid
8747,3116213,03-037-0044-14,Mf0XWQz9Sx,bKash,798,"2026-06-28 17:48:25",paid
8748,3116375,03-037-0095-03,sxUoTmIVy7,bKash,428,"2026-06-28 21:21:50",paid
8749,3110250,18-772-0108-00,u4mYsnk96d,bKash,47775,"2026-06-28 21:46:25",paid
8750,3147646,24-517-0013-00,FrF0fEmgy5,bKash,9381,"2026-06-28 22:43:26",paid
8751,3182837,01-012-0060-00,DIYR5GLyiK,bKash,398,"2026-06-29 00:29:47",paid
8752,3104804,17-308-0071-07,KhhBNdqGSY,bKash,19500,"2026-06-29 01:11:25",paid
8753,3110412,20-011-0150-00,b0MCJw2hSK,"UCB CARD",26125,"2026-06-29 05:18:49",paid
8754,3104397,17-300-0197-00,bhx4mpEGaQ,"UCB CARD",39905,"2026-06-29 08:05:50",canceled
8757,3104397,17-300-0197-00,WZlMbGCIei,bKash,39905,"2026-06-29 08:36:57",paid
8758,3151192,26-580-0003-00,3KnRb06Dda,Nagad,618,"2026-06-29 10:10:25",paid
8759,3151347,26-582-0015-00,ixJ7kWLkr0,Nagad,882,"2026-06-29 10:15:24",paid
8760,3151366,26-583-0005-03,Nld8EwA5mp,Nagad,494,"2026-06-29 10:35:18",paid
8761,3138743,09-729-0226-00,RVzad0tgLQ,bKash,198,"2026-06-29 10:39:20",paid
8763,3156348,01-006-0057-00,7Wh9P4SZLC,"UCB CARD",5629,"2026-06-29 11:07:22",canceled
8764,3156348,01-006-0057-00,XegxeYKe95,"UCB CARD",5629,"2026-06-29 11:11:43",failed
8765,3156929,01-008-0049-00,Ef899NfVBv,Nagad,1775,"2026-06-29 11:12:17",paid
8767,3149380,24-551-0027-03,Arzask8ZSX,bKash,5344,"2026-06-29 11:41:42",paid
8769,3163539,16-267-0117-02,W3KknXgWIO,bKash,198,"2026-06-29 12:23:24",paid
8770,3116115,03-037-0029-00,bBU52ZdGZe,bKash,198,"2026-06-29 12:34:07",paid
8771,3161507,12-351-0100-00,tqaY7uP927,Nagad,2417,"2026-06-29 12:46:29",paid
8772,3113965,03-007-0051-02,YP0iqPYXil,bKash,198,"2026-06-29 13:01:37",failed
8773,3113965,03-007-0051-02,KkiM5lNm5B,bKash,198,"2026-06-29 13:03:15",failed
8774,3113965,03-007-0051-02,5jRVTVMd0o,bKash,198,"2026-06-29 13:05:03",failed
8775,3113965,03-007-0051-02,D856XPPV06,bKash,198,"2026-06-29 13:07:40",failed
8776,3183130,17-323-0019-0ক,aCPezXdkG8,bKash,24688,"2026-06-29 13:49:29",paid
8777,3113965,03-007-0051-02,ym8sxScdFV,bKash,198,"2026-06-29 14:47:00",failed
8778,3113965,03-007-0051-02,wuErlF4Tul,bKash,198,"2026-06-29 14:54:57",failed
8780,3116365,03-037-0093-01,gsF0fe4rzg,bKash,428,"2026-06-29 15:39:10",paid
8782,3132090,08-098-0625-00,0OFxghZKOu,bKash,553,"2026-06-29 16:40:24",paid
8783,3156119,01-006-0005-00,0ksSKH3Ynt,Nagad,699,"2026-06-29 17:53:12",paid
8784,3179053,15-241-0044-00,ifqraflL3O,"UCB CARD",87708,"2026-06-29 23:56:30",paid
8785,3110129,18-398-0068-01,KhNziyGBSJ,bKash,1365,"2026-06-30 00:00:42",paid
8788,3140053,14-091-0018-00,KfLZbzKRIE,bKash,19256,"2026-06-30 01:29:09",failed
8791,3140053,14-091-0018-00,vrrQG9XAGt,bKash,19256,"2026-06-30 01:32:51",failed
8794,3140053,14-091-0018-00,1YoD1F8sah,bKash,19256,"2026-06-30 01:36:30",paid
8796,3139597,09-791-0501-00,2NzuD43Rss,bKash,198,"2026-06-30 01:47:11",paid
8797,3139180,09-781-0016-00,HqMeWEBbqT,bKash,198,"2026-06-30 01:54:45",paid
8798,3139166,09-781-0002-00,NUMFSAp1tY,bKash,198,"2026-06-30 01:58:19",paid
8799,3139494,09-788-0678-00,C8xWJDBkiL,bKash,198,"2026-06-30 02:01:52",paid
8800,3139499,09-788-0684-0ক,3erdiJmVew,bKash,198,"2026-06-30 02:08:59",paid
8801,3163015,15-733-0012-00,o301h8YwX2,bKash,133,"2026-06-30 07:01:53",paid
8802,3162986,15-733-0002-0ক,FTSiPm599C,bKash,7459,"2026-06-30 07:17:18",paid
8803,3129222,27-522-0066-0খ,h9StZQhD9B,bKash,8431,"2026-06-30 07:21:03",paid
8804,3167457,25-552-0031-05,M07qVY0KBf,bKash,517,"2026-06-30 07:53:20",failed
8805,3139243,09-787-0037-00,l8WQDJLqar,Nagad,198,"2026-06-30 09:07:08",paid
8806,3139289,09-787-0084-00,hJiJ63rYRX,Nagad,198,"2026-06-30 09:18:48",paid
8808,3139258,09-787-0053-00,cL0IS0krbc,Nagad,198,"2026-06-30 09:30:13",paid
8809,3139522,09-788-0715-00,dOjaT5Q1f4,Nagad,198,"2026-06-30 09:44:06",canceled
8811,3107599,18-361-0172-01,2JZ51TXCua,bKash,691,"2026-06-30 09:58:43",failed
8812,3107599,18-361-0172-01,bi4TGJqGzS,bKash,691,"2026-06-30 10:01:17",paid
8813,3138358,09-289-0577-00,cOcHileyzT,Nagad,3683,"2026-06-30 10:02:47",paid
8815,3107601,18-361-0172-03,QPmiJKlfhC,bKash,691,"2026-06-30 10:06:21",paid
8816,3141850,14-267-0375-00,1vyzPZrZgA,bKash,4762,"2026-06-30 10:06:52",failed
8817,3145329,22-463-0001-6B,xkYU3JIAZd,bKash,6213,"2026-06-30 10:11:42",paid
8818,3181079,09-788-0692-01,wQPOFE3zDU,Nagad,598,"2026-06-30 10:24:22",paid
8819,3181080,09-787-0127-0ক,NeRH1iWdRb,Nagad,2398,"2026-06-30 10:32:57",canceled
8820,3174888,31-716-0028-00,TxMUJnXppD,Nagad,428,"2026-06-30 10:33:45",canceled
8821,3174888,31-716-0028-00,ZQJqUtEzPV,bKash,428,"2026-06-30 10:37:28",paid
8824,3120131,10-173-0058-00,H4ZK3r85jH,"UCB CARD",13331,"2026-06-30 10:53:02",paid
8826,3182449,01-008-0053-00,0K5oUzCnUz,Nagad,398,"2026-06-30 10:57:24",paid
8829,3115098,03-033-0017-03,T0xrL9q4Ip,bKash,888,"2026-06-30 11:11:22",paid
8831,3115125,03-033-0027-00,6T87MWw4wO,bKash,888,"2026-06-30 11:17:13",paid
8832,3172696,31-694-0009-04,h9B1WC0YEs,bKash,198,"2026-06-30 11:17:35",paid
8833,3151251,26-581-0015-00,oIPGRPdVIq,Nagad,941,"2026-06-30 11:32:45",paid
8834,3148020,24-526-0014-01,2O5dnKSwzN,"UCB CARD",4931,"2026-06-30 11:42:01",paid
8836,3181080,09-787-0127-0ক,0HumNlMxvb,Nagad,2398,"2026-06-30 12:03:51",paid
8837,3183306,01-012-0073-03,DBt70Tt4rs,bKash,10718,"2026-06-30 12:07:03",paid
8838,3146640,24-485-0103-00,W6IUP9EYIZ,IBBL,71100,"2026-06-30 12:32:18",paid
8839,3181081,09-787-0045-00,ZvUlQEFaIL,Nagad,598,"2026-06-30 12:41:03",paid
8840,3181082,09-781-0033-00,Eci6vfJg3F,Nagad,998,"2026-06-30 12:43:35",paid
8841,3100065,04-040-0065-1ঘ,2ubi9XVez1,bKash,435,"2026-06-30 12:44:54",paid
8842,3181083,09-781-0033-01,zlimRRKwNR,Nagad,998,"2026-06-30 12:45:58",paid
8843,3115190,03-033-0059-00,Lpzh34nzlZ,bKash,428,"2026-06-30 12:46:37",paid
8846,3174868,31-716-0019-12,KHVbvRayyq,bKash,428,"2026-06-30 13:04:02",paid
8847,3182677,09-729-0621-00,83bdEeTVh9,Nagad,398,"2026-06-30 13:05:02",paid
8885,3138729,09-729-0212-00,Os6bl8zzHF,Nagad,198,"2026-06-30 13:22:27",paid
8903,3170320,28-635-0007-00,oCFXEGWQxF,bKash,3120,"2026-06-30 14:44:17",canceled
8904,3170320,28-635-0007-00,gepMG5I0jP,bKash,3120,"2026-06-30 14:47:22",paid
8916,3179914,29-657-0005-01,qUbgXN5Csd,Nagad,19207,"2026-06-30 18:06:10",canceled
8917,3179914,29-657-0005-01,9BR0zqdIBm,Nagad,19207,"2026-06-30 18:09:55",paid
8918,3168145,25-559-0042-00,MD7gXtVAZA,bKash,2536,"2026-06-30 19:54:58",paid
8919,3125313,19-415-0022-9B,Alot6wdUqZ,Nagad,1304,"2026-06-30 20:50:39",paid
8921,3115456,03-033-0188-05,0FhLI8nmRp,Nagad,4865,"2026-06-30 21:34:17",paid
8922,3133688,06-086-0108-04,HIJmZurj3t,bKash,198,"2026-06-30 21:38:05",failed
8923,3133688,06-086-0108-04,vhoaYtBBOS,Nagad,198,"2026-06-30 21:39:31",paid
8924,3133836,06-086-0136-0C,FGIjl4v7zC,Nagad,454,"2026-06-30 21:50:52",paid
8925,3183254,28-617-0008-2ই,BiXeyeQiFc,bKash,4148,"2026-06-30 22:23:35",paid
8926,3118143,05-079-0005-00,kbQ1r83aJg,bKash,2514,"2026-06-30 22:28:54",paid
8927,3106708,17-323-0022-07,fmHcd3rd6e,bKash,7897,"2026-06-30 22:52:23",canceled
8928,3106708,17-323-0022-07,Hi2L30nika,bKash,7897,"2026-06-30 22:55:38",paid
8929,3138869,09-729-0348-00,JFkw87Nxpg,Nagad,198,"2026-06-30 23:16:47",paid
8930,3138766,09-729-0249-00,4zqeHXKDUq,Nagad,428,"2026-06-30 23:22:09",paid
8931,3138657,09-729-0143-00,WsEESqCHMV,Nagad,198,"2026-06-30 23:26:45",paid
8932,3138919,09-729-0397-00,11lPEsILVV,Nagad,198,"2026-06-30 23:30:21",paid
8933,3138658,09-729-0144-00,hMR9PgQAnz,Nagad,198,"2026-06-30 23:32:27",paid
8934,3139522,09-788-0715-00,eEowVHJ6c9,Nagad,198,"2026-06-30 23:35:21",paid
8935,3139205,09-781-0040-00,7NJLKNat2M,Nagad,198,"2026-06-30 23:37:37",paid
8936,3138865,09-729-0344-00,648viiXxBC,Nagad,198,"2026-06-30 23:39:37",paid
8937,3138866,09-729-0345-00,CFsvIfPSOc,Nagad,198,"2026-06-30 23:42:22",paid
8938,3138659,09-729-0145-00,i9RmMzmvOS,Nagad,198,"2026-06-30 23:44:14",paid
8939,3138728,09-729-0211-00,UUqlNAfs9n,Nagad,198,"2026-06-30 23:46:37",paid
8940,3138882,09-729-0361-00,QguxjlNUk8,Nagad,198,"2026-06-30 23:48:33",paid
8941,3184159,27-592-0023-02,zyaVkRg8Io,bKash,587,"2026-07-12 12:38:45",paid
8944,3183685,25-390-0312-00,hOzQBjQx0P,"UCB CARD",576,"2026-07-12 15:17:43",paid
8946,3238844,18-375-0058-0A,OCbsbkJMUx,"City Bank",360,"2026-07-14 17:26:22",paid
8949,3258780,14-091-0030-00,VnpOlAPBdd,bKash,2502,"2026-07-15 17:40:28",paid
8950,3261883,10-161-0080-02,7RbWVx5PWF,bKash,912,"2026-07-16 15:08:01",paid
8951,3193847,30-678-0039-0A,qUup1gJQtp,bKash,360,"2026-07-19 12:35:29",paid
8952,3199276,26-385-0026-01,6hcmz9csmD,Nagad,6228,"2026-07-21 18:31:35",paid
8953,3201926,23-463-0064-3/1C,EehtAGXyO5,bKash,1800,"2026-07-22 18:13:26",paid
8955,3262586,01-004-0035-00,JfXSj4XyPL,bKash,180,"2026-07-23 11:46:40",paid
8957,3201952,23-463-0064-8এ,gHhxKzB6Ou,bKash,1800,"2026-07-23 14:01:38",paid
8958,3210348,11-237-0041-00,xKQl0vcCm5,"City Bank",3515,"2026-07-23 15:33:41",paid
8960,3239407,24-477-0138-01,AfV5QPCMUe,Nagad,979,"2026-07-23 18:35:06",canceled
8961,3239407,24-477-0138-01,RJhUNqE8Pu,Nagad,979,"2026-07-23 18:37:43",canceled
8962,3239407,24-477-0138-01,SXq93W6N9s,bKash,979,"2026-07-23 18:41:39",paid
8964,3262684,22-450-0003-1C,PKtoeJX0Hw,bKash,1260,"2026-07-23 23:47:40",paid
8968,3195411,19-385-0103-00,5dCRSJiV26,bKash,11232,"2026-07-25 15:43:59",paid
8970,3206983,14-111-0014-02,o4Wab7DY1c,bKash,202,"2026-07-25 19:01:20",paid
8971,3237498,20-390-0362-00,scD4CFzg9u,UCB-ONE,43830,"2026-07-25 23:02:24",paid
8972,3232410,18-322-0086-18,iauhYCW6S6,bKash,567,"2026-07-25 23:43:54",paid
8973,3254582,25-385-0211-00,xrccqKbxV9,bKash,2880,"2026-07-26 10:25:41",paid
8974,3254455,25-385-0136-01,8tKkhvbvuU,bKash,2844,"2026-07-26 10:41:57",paid
8976,3254272,25-385-0052-00,cmsLKfypvt,bKash,756,"2026-07-26 11:16:10",paid
8977,3249194,12-327-0083-00,etFuqtUpvM,bKash,3420,"2026-07-26 12:01:08",canceled
8978,3249194,12-327-0083-00,2Rnf6Wi3hk,Nagad,3420,"2026-07-26 12:03:38",paid
8983,3211443,10-134-0045-03,n9E7EqZ35W,bKash,504,"2026-07-26 14:58:45",paid
8987,3232566,18-322-0115-53,m5pvDGYaTT,bKash,25200,"2026-07-26 20:15:30",paid
8988,3239120,24-390-0167-3এ,82H1agH1ag,bKash,20160,"2026-07-26 20:47:09",paid
8989,3239640,24-479-0171-00,F6C7rNNVRx,bKash,216,"2026-07-26 21:04:19",paid
8990,3254610,25-385-0221-00,DkSuqj4Yte,bKash,414,"2026-07-26 21:51:50",paid
8991,3219406,27-585-0106-2ক,hQIs6ewbH5,bKash,180,"2026-07-26 22:09:01",paid
8992,3254615,25-385-0225-00,dL8g91kH6h,bKash,900,"2026-07-27 09:01:01",paid
8993,3254581,25-385-0210-00,m9AYG0Bk08,bKash,180,"2026-07-27 09:04:18",paid
8994,3249270,12-331-0018-00,2qwpUtHBpC,bKash,2160,"2026-07-27 09:54:39",paid
8995,3219343,27-585-0095-06,Nh0HU5IuEX,bKash,1829,"2026-07-27 10:06:06",paid
8997,3239500,24-478-0165-4খ,1kv6fqsoih,bKash,3710,"2026-07-27 10:30:55",canceled
8998,3254690,25-386-0038-1ক,QTjJQOkfUr,bKash,180,"2026-07-27 10:55:13",paid
9000,3254634,25-386-0013-00,UU11sMg2sx,bKash,221,"2026-07-27 11:43:18",paid
9001,3249453,12-338-0010-00,9r4lY46wZZ,bKash,8100,"2026-07-27 12:17:34",paid
9004,3246228,06-011-0371-02,EL5iol40Ja,bKash,598,"2026-07-27 19:39:31",paid
9006,3192474,30-639-0027-00,7rYSIjvVSN,"UCB CARD",18000,"2026-07-27 20:12:11",paid
9012,3256649,28-616-0008-00,PIGAhSlNZB,bKash,7293,"2026-07-28 10:48:33",paid
9014,3188773,15-242-0083-12,lYD4YptxoD,bKash,180,"2026-07-28 12:01:34",paid
9017,3195893,19-395-0048-00,6fPXzEHyLG,bKash,180,"2026-07-28 13:28:18",paid
9018,3254470,25-385-0145-02,3xBHhadsd4,bKash,180,"2026-07-28 13:35:55",paid
9020,3222590,31-692-0008-0A,ALegPNKn4f,bKash,360,"2026-07-28 14:04:48",paid
9022,3219487,27-585-0138-03,iIojFylFte,bKash,180,"2026-07-28 15:36:11",paid
9024,3257427,28-627-0003-01,m3SfHvG71e,bKash,819,"2026-07-28 21:29:39",paid
9032,3250889,16-267-0023-1গ,iwPcL1IfLV,bKash,1800,"2026-07-29 10:17:45",paid
9034,3219689,27-587-0006-03,z63FoLuy2T,bKash,180,"2026-07-29 11:08:20",paid
9055,3211699,10-157-0017-00,WGy7JHq5HG,bKash,139,"2026-07-29 11:30:04",paid
9056,3238120,20-410-0020-02,zatMrZxrpW,"UCB CARD",1350,"2026-07-29 12:00:48",paid
9057,3257463,28-627-0010-00,Rsk24xlRCE,bKash,1683,"2026-07-29 12:05:58",paid
9059,3239617,24-479-0170-15,kkLojwlUCY,bKash,288,"2026-07-29 12:50:02",paid
9060,3257400,28-625-0047-01,rQ2cuqHbi5,bKash,1108,"2026-07-29 12:50:31",paid
9061,3199295,26-385-0042-00,GunpwP5g0j,bKash,180,"2026-07-29 13:14:07",paid
9065,3232438,18-322-0096-00,vkrdYCaGcG,bKash,180,"2026-07-29 13:29:11",paid
9067,3228431,17-283-0006-00,CYinKheZIA,"UCB CARD",43200,"2026-07-29 13:59:47",paid
9068,3255094,25-552-0024-01,JU7vFoh5nZ,bKash,180,"2026-07-29 14:27:35",paid
9070,3257768,28-633-0048-00,EHQNiuJI71,bKash,255,"2026-07-29 15:01:11",paid
9071,3263068,01-003-0024-04,XzYjOSizgJ,bKash,774,"2026-07-29 15:37:58",paid
9072,3203359,21-422-0007-01,O2KWQ0JtMR,"UCB CARD",8100,"2026-07-29 16:17:18",paid
9075,3232758,18-360-0151-00,7xIs0b7vfY,bKash,730,"2026-07-29 18:40:36",paid
9079,3255203,25-552-0057-00,a1TBTkU7Ca,bKash,864,"2026-07-29 19:46:42",paid
9081,3207746,14-246-0101-01,oBKM1nSdp7,bKash,180,"2026-07-29 20:49:11",paid
9083,3207983,14-248-0011-09,ZkcuOJiCub,"UCB CARD",1120,"2026-07-29 21:14:14",paid
9085,3192429,30-639-0001-04,DlxYM3LXxc,Nagad,180,"2026-07-29 21:58:07",paid
9086,3192428,30-639-0001-03,FOkppQ6bAQ,Nagad,180,"2026-07-29 22:02:16",paid
9087,3250872,16-267-0017-00,Wwo00M0Ooq,bKash,180,"2026-07-29 22:37:48",paid
9090,3207142,14-111-0095-01,ztAcF1amSb,bKash,4500,"2026-07-30 10:48:10",paid
9091,3219246,27-585-0059-1ক,pRRB4ztHJd,Nagad,194,"2026-07-30 11:25:31",paid
9092,3229231,17-289-0138-01,MFO1CjSe9p,bKash,225,"2026-07-30 11:42:32",paid
9094,3255230,25-552-0070-00,8A4dPJs1qc,bKash,180,"2026-07-30 12:33:45",paid
9096,3254267,25-385-0051-01,iY8t0xBXbj,bKash,360,"2026-07-30 13:56:22",paid
9097,3219726,27-588-0007-03,NYj1Akruk8,"UCB CARD",6885,"2026-07-30 14:45:16",paid
9102,3255238,25-552-0077-00,VXyeCbLRI3,bKash,3150,"2026-07-30 18:16:47",paid
9103,3214669,09-109-0021-00,zCYNot0Ft9,Nagad,180,"2026-07-30 18:44:37",canceled
9104,3251169,16-267-0108-01,rRDb8drwnd,bKash,180,"2026-07-30 19:44:38",paid
9105,3228625,17-286-0004-0খ,9dAFrJkcMI,bKash,5144,"2026-07-30 21:03:50",paid
9106,3255090,25-552-0023-03,cH5kAX7a7m,bKash,299,"2026-07-30 21:14:27",paid
9107,3255051,25-552-0007-01,71G8MqSHU6,bKash,180,"2026-07-30 21:20:23",paid
9108,3214669,09-109-0021-00,jozbc1pcUg,Nagad,180,"2026-07-30 21:40:42",paid
9109,3192820,30-664-0010-00,n86k2On1P7,bKash,180,"2026-07-30 21:50:58",paid
9111,3239592,24-479-0170-07,jat2ZorlOw,bKash,180,"2026-07-30 22:17:52",paid
9112,3255268,25-552-0094-00,NuYvGax0Dk,Nagad,1940,"2026-07-30 22:24:12",paid
9115,3254453,25-385-0135-01,OwpC2tAaPD,bKash,1800,"2026-07-30 22:34:50",paid
9117,3211575,10-146-0007-00,CvIDTqy6lh,Nagad,3150,"2026-07-31 09:31:15",canceled
9118,3228329,17-067-0045-00,YmQqzD3ojh,Nagad,9900,"2026-07-31 11:16:15",paid
9120,3249970,12-344-0068-00,lRZQtKj4Ie,DBBL,647,"2026-07-31 11:20:31",paid
9121,3257685,28-633-0001-01,9QQwlQx2gi,bKash,356,"2026-07-31 12:20:36",paid
9122,3255112,25-552-0029-02,54gWPdVcJW,bKash,14400,"2026-07-31 14:30:14",paid
9123,3207472,14-244-0016-01,b4hoT6WFz0,bKash,180,"2026-07-31 19:15:14",canceled
9124,3207472,14-244-0016-01,AyFilq8AIk,bKash,180,"2026-07-31 19:16:29",paid
9125,3219316,27-585-0082-3ক,v8v53fojVg,bKash,675,"2026-07-31 20:36:37",paid
9126,3228824,17-286-0052-00,qMNISvl6GJ,bKash,1451,"2026-07-31 23:01:15",paid
9127,3229204,17-289-0065-02,N5KmeenDzi,bKash,3590,"2026-08-01 08:41:59",canceled
9128,3229204,17-289-0065-02,5nN8nThl86,IBBL,3590,"2026-08-01 08:46:25",paid
9130,3257435,28-627-0003-12,9jv09Ihr6O,DBBL,486,"2026-08-01 09:08:32",paid
9131,3229210,17-289-0066-01,dtVUfpKFC6,IBBL,1890,"2026-08-01 09:50:13",paid
9132,3233655,18-375-0044-3ক,FxQGJAyhtW,"UCB CARD",16188,"2026-08-01 09:55:24",canceled
9135,3240299,24-493-0119-00,AmDgKhtz60,"UCB CARD",7200,"2026-08-01 10:53:27",paid
9138,3228612,17-286-0002-00,YkXYwkwOiG,bKash,460,"2026-08-01 17:21:15",paid
9139,3249891,12-343-0054-00,H8qvxVLlMZ,Nagad,1564,"2026-08-01 22:01:17",paid
9140,3189480,15-733-0011-00,WEiRUqy2uP,bKash,180,"2026-08-02 08:02:49",paid
9141,3189479,15-733-0010-00,tpudD39iVY,bKash,720,"2026-08-02 08:06:14",paid
9142,3257808,28-633-0067-07,7R7cx6CUqi,bKash,180,"2026-08-02 08:47:10",paid
9143,3233655,18-375-0044-3ক,bDat2fB7Av,"UCB CARD",31500,"2026-08-02 10:00:00",canceled
9144,3233655,18-375-0044-3ক,38Rh1s6qid,"UCB CARD",31500,"2026-08-02 10:05:23",paid
9145,3240070,24-484-0213-00,Au4YESRVjJ,bKash,360,"2026-08-02 11:10:52",paid
9146,3251039,16-267-0078-1/ক,RshJNe7ogu,Nagad,576,"2026-08-02 11:59:06",paid
9148,3233096,18-368-0020-15,2ELHdeY2MM,bKash,958,"2026-08-02 12:29:35",paid
9149,3229429,17-294-0409-6B,Mqz6aAiaq6,bKash,1800,"2026-08-02 13:06:59",paid
9151,3263093,23-470-0039-00,plVVf4HwbK,bKash,1310,"2026-08-02 13:55:27",paid
9152,3211336,10-131-0014-00,HyBElgYjFT,DBBL,4146,"2026-08-02 17:26:54",paid
9153,3233043,18-368-0014-01,eg1SZo4c2G,IBBL,3118,"2026-08-02 19:31:39",paid
9156,3257062,28-620-0007-19,wVyQJX7qfC,bKash,180,"2026-08-02 20:34:15",canceled
9157,3257062,28-620-0007-19,A3vg61eElv,bKash,180,"2026-08-02 20:36:17",paid
9160,3250878,16-267-0019-00,86SSuZMyxv,bKash,180,"2026-08-03 10:09:34",paid
9161,3255532,25-556-0002-00,YorypXecfM,bKash,284,"2026-08-03 10:11:03",paid
9162,3233735,18-375-0082-00,puG2MVNUrI,bKash,1328,"2026-08-03 12:05:36",paid
9167,3251151,16-267-0105-00,StSvntPB5R,bKash,320,"2026-08-03 14:45:13",paid
9168,3258019,28-635-0018-1ক,6b5Ihhs84S,bKash,364,"2026-08-03 15:47:43",paid
9170,3214248,09-108-0008-2ক,2jaCLODDrD,bKash,180,"2026-08-03 19:00:15",paid
9171,3255131,25-552-0031-0ক,GrdgST58K2,Nagad,360,"2026-08-03 19:04:30",paid
9172,3239517,"24-478-0167-08,খ",EJhWrKrBUn,bKash,180,"2026-08-03 20:29:36",paid
9173,3257468,28-627-0013-01,V5zVPDfdEE,bKash,223,"2026-08-03 20:40:31",paid
9174,3229085,17-289-0028-04,SNCRquxRab,bKash,450,"2026-08-03 21:39:53",paid
9175,3258155,28-638-0004-00,FrbWwUNIv6,bKash,180,"2026-08-04 00:53:02",paid
9179,3249113,12-327-0016-00,qwyo3UO6kF,bKash,765,"2026-08-04 10:19:25",paid
9180,3215220,09-110-0130-7E,zkK2m1siff,bKash,10437,"2026-08-04 10:51:36",paid
9182,3208212,14-258-0145-00,X6vWIK7gQm,"UCB CARD",238,"2026-08-04 12:08:48",paid
9185,3240361,"24-496-0210-5 এ",zypvI4Zw4A,bKash,4500,"2026-08-04 14:59:13",canceled
9186,3240361,"24-496-0210-5 এ",3lCsjefsys,Nagad,4500,"2026-08-04 15:02:01",failed
9187,3240361,"24-496-0210-5 এ",tiSg8AcsXf,Nagad,4500,"2026-08-04 15:15:10",paid
9189,3200320,26-572-0048-00,ci1oRa4Njz,bKash,180,"2026-08-04 16:30:53",paid
9191,3200310,26-572-0040-00,V8uNpK3zyo,bKash,1440,"2026-08-04 17:15:35",paid
9194,3186895,05-074-0025-00,caNEdjarAx,bKash,184,"2026-08-04 17:40:25",paid
9195,3251175,16-267-0112-03,cke8KCYzJk,bKash,199,"2026-08-04 19:47:39",paid
9197,3228530,17-283-0063-02,T6z7D4gJuL,bKash,450,"2026-08-04 20:41:51",paid
9198,3257425,28-627-0001-1A,3ArKefluZG,bKash,995,"2026-08-04 20:46:41",paid
9201,3220288,27-598-0017-14,nNxMN14YeW,bKash,999,"2026-08-04 22:09:27",paid
9207,3257451,28-627-0007-08,OPzlAerLzd,Nagad,2160,"2026-08-05 11:50:35",paid
9208,3206973,14-111-0007-02,2MOaPHttei,bKash,864,"2026-08-05 12:10:45",canceled
9209,3206973,14-111-0007-02,YRA07vt1OY,bKash,864,"2026-08-05 12:11:38",canceled
9210,3206973,14-111-0007-02,DieHhcz9vR,Nagad,864,"2026-08-05 12:13:55",paid
9211,3208159,14-252-0170-00,8Fo6qa1sWp,"UCB CARD",9000,"2026-08-05 12:58:53",paid
9212,3255504,25-555-0023-34,4fOskSjjHH,bKash,180,"2026-08-05 14:26:16",paid
9214,3231302,17-313-0095-6এ,47Kg3Oe48x,bKash,5400,"2026-08-05 17:53:58",paid
9215,3247018,06-083-0093-01,kn4KxjhJqf,bKash,180,"2026-08-05 18:04:52",canceled
9216,3247018,06-083-0093-01,RaxEpWt8Pf,bKash,180,"2026-08-05 18:05:40",paid
9217,3240404,24-498-0231-00,l4nHzYMDrV,bKash,1598,"2026-08-05 19:33:13",paid
9219,3239352,24-477-0133-00,OWdgp92rIG,Nagad,2511,"2026-08-05 20:09:58",paid
9221,3184743,13-241-0093-01,feUrNPK71X,DBBL,740,"2026-08-05 20:15:43",paid
9222,3207237,14-111-0159-00,G1kitytzZe,bKash,180,"2026-08-05 20:21:33",paid
9223,3251171,16-267-0110-00,LKLDbR2jgm,bKash,180,"2026-08-05 20:49:03",paid
9224,3229104,17-289-0031-09,atnLZ06b72,bKash,541,"2026-08-05 21:58:28",paid
9225,3257979,28-634-0015-02,DA5cG74WtF,bKash,271,"2026-08-05 22:01:25",paid
9226,3257971,28-634-0013-01,ozI7HddQtn,bKash,180,"2026-08-05 22:06:59",paid
9227,3212525,10-172-0016-00,S2wRczxN5b,DBBL,726,"2026-08-05 23:03:50",paid
9231,3222694,31-692-0017-33ক,nK1hkztxE6,bKash,180,"2026-08-06 02:46:17",paid
9232,3231414,17-317-0002-00,vFT7JsNMPV,bKash,55566,"2026-08-06 09:00:18",paid
9235,3250146,12-347-0059-00,68xPT4iM0L,bKash,180,"2026-08-06 10:54:20",paid
9241,3238428,20-415-0066-3বি,kRiiHDMmrI,bKash,8708,"2026-08-06 12:52:44",paid
9242,3210438,11-239-0040-00,73AdDOXQja,bKash,342,"2026-08-06 13:03:49",paid
9244,3263593,29-460-0047-01,vVkiFiaKEv,bKash,180,"2026-08-06 13:57:23",paid
9245,3255381,25-555-0012-06,Z0HHxvumYR,bKash,180,"2026-08-06 16:20:51",paid
9247,3195524,19-390-0328-1সি,bYKWtHvign,bKash,6885,"2026-08-06 17:42:23",canceled
9248,3195524,19-390-0328-1সি,G0aujKa2uO,bKash,6885,"2026-08-06 17:49:22",paid
9249,3241062,24-515-0013-3ক,MA9HAqfBtO,bKash,190,"2026-08-06 18:22:11",paid
9250,3240830,24-507-0484-5B,XlxoHpcI5N,bKash,7767,"2026-08-06 19:26:38",paid
9251,3257470,28-627-0014-01,shP7kd2EGf,bKash,180,"2026-08-06 19:35:59",paid
9254,3214954,09-110-0008-6A,CYfQcYBtRX,"UCB CARD",6437,"2026-08-06 22:43:39",paid
9255,3249993,12-345-0017-00,KXbcoUsiEP,bKash,410,"2026-08-06 22:47:39",paid
9256,3250977,16-267-0047-00,yruVcMdTng,bKash,180,"2026-08-06 22:58:40",paid
9257,3231300,17-313-0095-5এ,heFTZsNfNu,bKash,5400,"2026-08-07 01:43:20",paid
9258,3188204,05-084-0030-2A,DBpZMKuNoW,bKash,360,"2026-08-07 07:52:53",paid
9261,3234327,18-380-0066-1ক,PUUVZHMo2p,bKash,225,"2026-08-07 12:15:23",paid
9263,3256048,25-562-0026-02,Wxr8rQ5Av9,Nagad,180,"2026-08-07 16:07:11",paid
9264,3239761,24-479-0184-3ঘ,cJm2UiWvjc,bKash,180,"2026-08-07 16:07:36",paid
9268,3232551,18-322-0115-44খ,jlmqi3aTL8,bKash,619,"2026-08-07 22:38:26",paid
9271,3258228,28-638-0036-02,qJ7OCl6DMO,bKash,180,"2026-08-08 05:07:03",paid
9273,3234225,18-380-0033-04,O20ljnlxpB,bKash,216,"2026-08-08 11:05:28",paid
9274,3215300,09-110-0220-0বি,pixaD5Cief,bKash,9011,"2026-08-08 11:52:09",paid
9275,3215297,09-110-0210-10,tvch2YPaGy,bKash,1105,"2026-08-08 12:31:32",paid
9277,3214634,09-109-0005-00,1g6OpOQ8Ti,Nagad,962,"2026-08-08 14:42:33",paid
9279,3234280,18-380-0047-02,HZnMX67AV6,bKash,180,"2026-08-08 15:00:31",paid
9280,3214631,09-109-0003-00,tsg3AfPJBR,Nagad,864,"2026-08-08 15:00:54",paid
9281,3214632,09-109-0003-01,lK2LrO9oMa,Nagad,180,"2026-08-08 15:10:50",paid
9282,3192395,30-421-0247-00,OMYsd00GDZ,bKash,180,"2026-08-08 18:57:18",paid
9284,3228485,17-283-0037-00,YVYxOdyRD8,bKash,360,"2026-08-08 21:30:36",paid
9285,3200693,26-577-0044-08,Z5jFBGjTy7,"UCB CARD",16180,"2026-08-08 21:37:45",paid
9286,3257027,28-619-0067-01,mO3hD2jszq,bKash,238,"2026-08-08 22:50:26",paid
9288,3250999,16-267-0055-02,w3COXoWR4z,bKash,180,"2026-08-09 09:39:27",paid
9289,3192081,30-057-0009-10গ,mex10RhdVg,bKash,5040,"2026-08-09 11:18:34",canceled
9290,3239137,24-390-0168-2বি,WrO9JCse77,bKash,1850,"2026-08-09 11:21:04",paid
9291,3219569,27-585-0186-00,wvpGyf20Wz,bKash,348,"2026-08-09 13:45:19",paid
9292,3256922,28-619-0012-00,DvWeTaGPWy,bKash,2520,"2026-08-09 14:14:30",paid
9294,3209904,11-098-0559-00,zH7aHX6TjE,bKash,720,"2026-08-09 14:31:02",paid
9296,3241037,24-515-0007-14,Pap8vP3xIn,Nagad,1440,"2026-08-09 15:02:20",paid
9297,3249795,12-342-0023-00,bCJ9wMvqhm,bKash,360,"2026-08-09 15:26:59",paid
9299,3204798,21-430-0037-83,pNqB8ct0xj,bKash,360,"2026-08-09 16:02:58",paid
9303,3195996,19-396-0018-00,CKLnz8xXgJ,bKash,477,"2026-08-09 16:54:06",paid
9311,3263242,09-108-0130-04,IWrOqbPvOl,"UCB CARD",2592,"2026-08-09 17:28:16",paid
9313,3196148,19-398-0153-00,8m52HElrdU,bKash,1080,"2026-08-09 19:39:02",paid
9315,3204793,21-430-0037-78,ChlbDEF9wh,bKash,360,"2026-08-09 20:20:33",paid
9316,3219447,27-585-0124-00,TaiJSDabDQ,bKash,180,"2026-08-09 20:38:08",paid
9317,3257452,28-627-0008-00,hIEV7hNOm9,bKash,13500,"2026-08-09 22:25:37",paid
9319,3229782,17-306-0089-00,1C4NjfPPKj,"UCB CARD",2333,"2026-08-09 23:58:51",paid
9321,3240820,24-507-0484-2A,211o9a9NHf,bKash,7767,"2026-08-10 06:35:44",canceled
9322,3240820,24-507-0484-2A,XneIAMQJy7,bKash,7767,"2026-08-10 06:39:56",paid
9323,3200658,26-577-0032-01,lltEYd6qqQ,bKash,180,"2026-08-10 09:23:24",paid
9325,3254664,25-386-0026-03,WsEkOZdVEt,bKash,3960,"2026-08-10 10:28:42",paid
9326,3256004,25-561-0039-00,lSVow6l7kf,bKash,235,"2026-08-10 10:49:04",paid
9327,3254462,25-385-0141-00,UxfOkkLdeN,bKash,180,"2026-08-10 11:27:14",paid
9328,3200396,26-572-0091-00,FIGwL7zaeB,DBBL,180,"2026-08-10 11:42:37",paid
9329,3254494,25-385-0159-0ক,AKvGrVT9n4,DBBL,1046,"2026-08-10 11:52:10",paid
9330,3255923,25-560-0035-00,7RsQkefyhy,bKash,1440,"2026-08-10 12:01:55",paid
9331,3201550,23-421-0012-6খ,5kbuloU048,Nagad,6480,"2026-08-10 12:05:54",paid
9333,3234254,18-380-0039-0ক,iqnU1EpRSU,DBBL,180,"2026-08-10 12:32:38",paid
9335,3256005,25-561-0039-01,IHuyUz54Kh,DBBL,475,"2026-08-10 12:55:34",paid
9337,3240509,24-501-0294-00,7GMoM8PTQ4,IBBL,54000,"2026-08-10 13:42:41",paid
9338,3237201,29-659-0008-00,fCw1gIA66r,bKash,665,"2026-08-10 13:55:09",paid
9339,3184558,13-240-0018-03,uzUtZjyrjT,bKash,180,"2026-08-10 13:58:47",paid
9340,3231902,17-323-0022-15ঘ,QcjA93VsBu,bKash,180,"2026-08-10 14:35:26",paid
9342,3246203,17-311-0114-00,QC3B90Vy3h,bKash,41400,"2026-08-10 15:48:45",paid
9343,3222909,31-692-0039-02,8Hzxld6e0F,"UCB CARD",180,"2026-08-10 16:18:17",paid
9345,3231296,17-313-0095-3এ,JPmjkiFsrp,"UCB CARD",16110,"2026-08-10 16:34:05",paid
9347,3250869,16-267-0016-00,eh8lB5pLaJ,bKash,1217,"2026-08-10 19:43:16",paid
9349,3222494,31-691-0060-07,0kRlcWNJaO,bKash,180,"2026-08-10 20:15:11",paid
9350,3219042,27-538-0081-31/3,aINKsk8XHO,bKash,9000,"2026-08-10 22:30:46",paid
9351,3241506,24-525-0009-00,pAvOSweK57,bKash,338,"2026-08-10 22:31:55",paid
9353,3255316,25-553-0019-00,AnzTqeOS2G,bKash,7830,"2026-08-10 23:23:31",paid
9354,3255317,25-553-0019-01,sfleCqWCxq,bKash,7830,"2026-08-10 23:44:58",paid
9355,3222962,31-693-0007-0D,8hJ7FJxNs5,"City Bank",999,"2026-08-11 00:38:22",paid
9356,3231304,17-313-0095-6সি,WCGDVzLNpI,bKash,11700,"2026-08-11 07:07:56",paid
9358,3256405,25-566-0003-01,3WXXIeCzXx,Nagad,4838,"2026-08-11 09:40:16",paid
9359,3231968,17-323-0030-12,tQ4ZX6xGTh,bKash,7650,"2026-08-11 09:43:31",paid
9360,3263715,21-795-0001-03,GD5Lyucicl,"UCB CARD",887,"2026-08-11 09:57:03",paid
9361,3204148,21-427-0009-00,QvUHKwebpv,bKash,1008,"2026-08-11 10:04:10",paid
9362,3256185,25-563-0046-00,9v5EOmaKqJ,bKash,437,"2026-08-11 10:43:21",paid
9365,3256134,25-563-0013-00,3UHDVwnhZF,bKash,1440,"2026-08-11 11:13:59",paid
9366,3207546,14-245-0013-0ক,IE8nu0trfL,Nagad,180,"2026-08-11 11:33:14",paid
9367,3215212,09-110-0130-3E,tpiPI4if1T,"UCB CARD",6368,"2026-08-11 11:35:47",paid
9368,3250988,16-267-0050-02,r2XwhTkVaM,bKash,180,"2026-08-11 11:42:44",paid
9369,3263813,03-033-0122-01,1YccKvGatk,bKash,278,"2026-08-11 11:53:10",paid
9370,3201138,26-583-0003-00,zwlyU5fs9T,bKash,198,"2026-08-11 12:00:26",paid
9371,3219409,27-585-0107-01,mFdcQiFSR4,bKash,1584,"2026-08-11 12:07:54",paid
9373,3263845,27-585-0170-1ক,GYFpSgaLTK,bKash,2880,"2026-08-11 12:19:05",paid
9374,3219850,27-592-0016-02,VCANM0vdxN,bKash,1260,"2026-08-11 12:33:30",paid
9375,3250986,16-267-0050-00,rcXcTbtBMp,bKash,224,"2026-08-11 12:45:36",paid
9376,3255903,25-560-0022-00,j6i8R0M8dV,DBBL,1264,"2026-08-11 12:55:50",paid
9377,3262137,24-511-0448-00,1dGnDCirvb,bKash,10800,"2026-08-11 13:49:02",paid
9379,3251268,16-267-0148-2খ,FVC9DTcxPY,bKash,1266,"2026-08-11 14:22:11",paid
9380,3254937,25-390-0314-00,aRVTdYpUvo,bKash,9900,"2026-08-11 14:29:32",canceled
9381,3254937,25-390-0314-00,6GEbkebS4Q,bKash,9900,"2026-08-11 14:36:49",paid
9382,3255348,25-554-0001-03,6EeFXJ7jDT,bKash,2460,"2026-08-11 14:53:19",paid
9383,3207929,14-247-0071-00,poexeG3KnR,Nagad,3605,"2026-08-11 15:54:30",paid
9384,3241510,24-526-0013-00,3tyxJPgFLo,bKash,2970,"2026-08-11 16:57:42",paid
9385,3257775,28-633-0053-00,5serSugfgY,bKash,180,"2026-08-11 20:07:06",paid
9388,3212007,10-161-0043-00,oDpHKKONIf,bKash,1163,"2026-08-11 20:30:01",paid
9389,3186489,07-107-0062-02,IO3YsmlVRi,bKash,495,"2026-08-11 20:39:43",paid
9390,3199282,26-385-0031-00,6FHdjFSmxL,"UCB CARD",300,"2026-08-11 20:44:11",paid
9391,3204200,21-427-0043-00,7pFCAoMbVa,bKash,3280,"2026-08-11 21:25:20",paid
9392,3250223,12-351-0016-00,kKjC1Ooxi5,bKash,180,"2026-08-11 21:29:24",paid
9393,3200362,26-572-0073-01,pZFTO3URHS,Nagad,180,"2026-08-11 21:38:18",paid
9395,3240606,24-502-0347-2এ,Ct71USGxSA,IBBL,8100,"2026-08-11 22:13:20",paid
9396,3257772,28-633-0051-00,yUUnS6trBm,bKash,423,"2026-08-11 22:23:51",paid
9397,3234764,18-386-0166-00,fQa6sElRBG,bKash,3600,"2026-08-12 01:21:23",paid
9398,3250354,12-353-0013-00,yhBrPkXvQd,DBBL,648,"2026-08-12 09:09:01",paid
9400,3214690,09-109-0026-06,Oqd6mQkIhL,"UCB CARD",22500,"2026-08-12 10:54:22",paid
9401,3256213,25-564-0002-01,XuMpNv7Y3C,bKash,180,"2026-08-12 11:08:16",paid
9402,3249948,12-344-0046-00,EAWxkodeQE,bKash,720,"2026-08-12 11:18:42",paid
9403,3206975,14-111-0008-00,zdmKFA4vWX,Nagad,360,"2026-08-12 11:28:21",paid
9405,3234662,18-386-0133-00,cJ6ChDDcm4,bKash,180,"2026-08-12 11:43:33",paid
9406,3234328,18-380-0066-1খ,lMZhZEXjNc,bKash,180,"2026-08-12 13:54:12",paid
9407,3222006,31-688-0039-15A,T3vZk5xLaB,Nagad,1152,"2026-08-12 13:54:24",paid
9408,3233125,18-368-0020-2E,QLMolFyUiM,bKash,2430,"2026-08-12 14:25:13",canceled
9410,3233125,18-368-0020-2E,HUZ00ssuX6,bKash,2430,"2026-08-12 14:34:03",canceled
9411,3233125,18-368-0020-2E,MEOb14JixI,"UCB CARD",2430,"2026-08-12 14:35:58",paid
9414,3184556,13-240-0018-01,MP1ntseO0X,bKash,180,"2026-08-12 18:51:27",paid
9418,3208992,14-268-0044-00,bPSYAaLYD3,bKash,180,"2026-08-12 19:25:21",paid
9420,3207264,14-111-0181-03,LX1T6yq0I5,bKash,443,"2026-08-12 20:40:59",paid
9421,3208761,14-267-0419-00,ptUfdbpEHm,bKash,180,"2026-08-12 21:57:09",paid
9422,3222996,31-693-0007-28A,5dGlIkuZIF,bKash,360,"2026-08-12 23:21:25",paid
9424,3256361,25-565-0025-02,zvGByFqBmw,bKash,410,"2026-08-13 10:05:45",paid
9425,3256348,25-565-0019-07,6lHHEaC3bz,bKash,1228,"2026-08-13 10:10:35",paid
9426,3250213,12-351-0006-00,4WAjFL3kZK,bKash,861,"2026-08-13 10:22:17",paid
9427,3254605,25-385-0217-00,z9NFYzeXXn,bKash,4500,"2026-08-13 11:05:04",paid
9428,3200468,26-573-0024-02,ponBsEz2lO,bKash,180,"2026-08-13 11:35:37",paid
9429,3254545,25-385-0182-02,kZNVKd4xtg,bKash,180,"2026-08-13 11:45:04",paid
9431,3187556,05-077-0286-02,1BJ3Vea68Q,bKash,27301,"2026-08-13 12:18:39",paid
9432,3187110,05-074-0156-01,ADqewCEbRE,bKash,720,"2026-08-13 12:20:08",paid
9434,3256459,25-567-0019-02,IYjIB94637,bKash,399,"2026-08-13 15:20:10",paid
9436,3241491,24-524-0152-16,rIn8V0Zf1F,bKash,180,"2026-08-13 16:16:10",paid
9439,3208793,14-267-0437-00,OUPdwQZNeL,bKash,12600,"2026-08-13 18:24:34",paid
9440,3202206,23-466-0080-05,0TJdCKbJ8T,bKash,900,"2026-08-13 18:28:04",paid
9441,3216475,09-116-0595-4A,lYQle3DBZA,bKash,1800,"2026-08-13 18:41:03",paid
9444,3252163,16-283-0150-00,hVrdBJj1qx,bKash,7200,"2026-08-13 23:25:32",paid
9446,3229390,17-294-0301-00,oGB6y8Jjd6,bKash,1043,"2026-08-14 11:21:28",paid
9448,3216872,09-289-0507-00,4GGpKlol10,bKash,51703,"2026-08-14 11:49:39",canceled
9449,3229257,17-290-0413-2বি,CnFDkvmueO,"UCB CARD",20700,"2026-08-14 12:16:02",paid
9452,3250457,12-356-0023-00,3msq4Ciw2S,bKash,180,"2026-08-14 23:24:13",paid
9453,3208745,14-267-0410-1ক,6MUIUfUaMu,bKash,410,"2026-08-15 10:02:16",paid
9454,3240385,24-497-0221-3এ,hUVdNNNep4,bKash,5781,"2026-08-15 11:13:51",canceled
9455,3240385,24-497-0221-3এ,qFkWCoF50J,bKash,5781,"2026-08-15 11:15:41",canceled
9456,3240385,24-497-0221-3এ,7b05N5Y2nl,bKash,5781,"2026-08-15 11:17:15",paid
9461,3209121,14-268-0063-3/খ,z8RJqVsTR1,bKash,180,"2026-08-15 12:47:51",paid
9462,3215069,09-110-0057-2(A+B),xQGPy98ezP,"UCB CARD",22347,"2026-08-15 12:48:16",paid
9463,3187907,05-080-0015-00,1zxoFf8O21,bKash,2448,"2026-08-15 12:52:25",paid
9464,3215073,09-110-0057-4B,4tGABTlBnZ,"UCB CARD",7582,"2026-08-15 12:58:55",canceled
9465,3188154,05-084-0002-0ক,tdBpYqWoSQ,bKash,360,"2026-08-15 13:00:26",paid
9466,3215073,09-110-0057-4B,QXdnZy3Ojw,"UCB CARD",5844,"2026-08-15 13:01:16",paid
9468,3223005,31-693-0007-28J,vIb2zm5uCf,"UCB CARD",900,"2026-08-15 16:08:07",paid
9470,3216393,09-116-0355-00,Q75ODxA9BO,"UCB CARD",16142,"2026-08-15 18:01:41",paid
9472,3232119,17-324-0035-03,UX8fg9HIuh,bKash,1755,"2026-08-15 19:01:25",paid
9477,3252071,16-283-0117-00,x3lCxDLp6H,bKash,180,"2026-08-15 21:48:31",paid
9480,3221364,27-612-0024-00,ycjpqx1HbR,"UCB CARD",3779,"2026-08-15 22:42:22",canceled
9481,3221364,27-612-0024-00,2P2DSXiX9U,bKash,3779,"2026-08-15 22:46:34",paid
9483,3216148,09-115-0010-37,uQkHNQjDVt,bKash,93,"2026-08-16 00:05:39",paid
9484,3208292,14-260-0136-02,5liUTC8TAz,bKash,477,"2026-08-16 00:36:32",paid
9485,3208294,14-260-0136-04,McH5EqTCmY,bKash,666,"2026-08-16 00:40:29",paid
9490,3240393,24-498-0064-পল্ট201,7FSkZJS7e1,"UCB CARD",19800,"2026-08-16 01:13:09",paid
9491,3222538,31-692-0001-02,xA00CVBwOA,bKash,180,"2026-08-16 01:21:45",paid
9493,3216401,09-116-0374-00,10TnZpEBeC,bKash,12240,"2026-08-16 09:00:40",paid
9494,3216402,09-116-0374-01,eOyV7gUSG3,bKash,8046,"2026-08-16 09:03:55",paid
9495,3256443,25-567-0008-02,zVYOFEgFjl,bKash,9000,"2026-08-16 10:10:56",paid
9496,3256451,25-567-0013-01,wcRBh990mm,bKash,1629,"2026-08-16 10:18:05",paid
9497,3220757,27-601-0051-00,lAKBgZJD59,"UCB CARD",4500,"2026-08-16 10:22:27",paid
9498,3240783,24-506-0435-5সি,pjL5Jx5jYo,bKash,6840,"2026-08-16 10:50:05",paid
9499,3209175,14-268-0064-01,IkVeTWvqGE,bKash,634,"2026-08-16 11:15:14",paid
9500,3222850,31-692-0026-02,nNtnWYT40C,bKash,180,"2026-08-16 11:34:24",paid
9501,3196671,19-406-0055-00,2HSNM8Dqen,bKash,216,"2026-08-16 11:36:48",paid
9502,3221731,31-650-0041-00,htIZJlkVLC,bKash,1332,"2026-08-16 11:46:42",canceled
9503,3221731,31-650-0041-00,EfYd1xw83I,DBBL,1332,"2026-08-16 11:48:43",paid
9504,3256326,25-565-0012-00,mdYkhlyEvt,bKash,12155,"2026-08-16 11:52:33",paid
9505,3256396,25-565-0041-00,dJN3zlw9Oa,bKash,6300,"2026-08-16 11:58:42",paid
9506,3254287,25-385-0056-00,tvxmGZfoy8,bKash,180,"2026-08-16 12:02:30",paid
9507,3187906,05-080-0014-00,DboiFgP4tj,bKash,360,"2026-08-16 12:03:28",paid
9509,3252473,16-284-0039-2ক,PmuenYG9SW,bKash,180,"2026-08-16 12:27:31",paid
9510,3258355,28-639-0060-13,9mvO9Kivgy,bKash,180,"2026-08-16 12:35:03",paid
9512,3218497,09-809-0285-00,u2w7EifIWY,bKash,34560,"2026-08-16 13:01:19",paid
9513,3199397,26-390-0262-03,PTrES0T46L,"UCB CARD",12600,"2026-08-16 13:05:45",paid
9514,3255064,25-552-0013-01,AsvKplGYbu,bKash,921,"2026-08-16 13:06:15",paid
9515,3255196,25-552-0051-00,awUrjAMhKK,bKash,180,"2026-08-16 13:08:41",paid
9516,3223090,31-693-0010-0ক,7j4juSxe39,bKash,410,"2026-08-16 14:19:44",paid
9517,3218901,27-538-0036-03,LRgejYkBhs,bKash,180,"2026-08-16 14:23:38",paid
9519,3185311,08-098-0625-00,tijwD9Vh0t,"UCB CARD",504,"2026-08-16 15:48:24",paid
9520,3252563,16-285-0010-1A,Yfe7opbLmQ,"UCB CARD",846,"2026-08-16 16:23:07",paid
9521,3225307,31-716-0004-00,ZogQuNnrTD,bKash,613,"2026-08-16 16:38:29",canceled
9522,3225307,31-716-0004-00,6PhoIRrBsp,bKash,613,"2026-08-16 16:41:14",paid
9523,3235888,29-444-0060-00,68dnxOYaVJ,bKash,576,"2026-08-16 17:44:08",paid
9525,3211697,10-157-0016-00,oG1dm73hMw,DBBL,180,"2026-08-16 17:58:50",paid
9526,3199546,26-555-0035-02,qOXjpWVFqf,bKash,228,"2026-08-16 18:39:32",paid
9528,3194083,30-679-0074-00,YAd8FB1VNF,bKash,950,"2026-08-16 19:12:24",paid
9529,3200989,26-580-0011-01,9DJ5brTJzx,bKash,968,"2026-08-16 19:16:58",paid
9530,3252629,16-285-0036-00,EC1JUsC2jC,bKash,930,"2026-08-16 19:18:47",paid
9531,3252445,16-284-0034-01,wdb7mwEbbP,bKash,180,"2026-08-16 19:30:20",paid
9532,3207993,14-248-0012-00,tpy6mFZCRH,DBBL,832,"2026-08-16 19:30:43",paid
9534,3249382,12-336-0006-00,FELR48m89i,bKash,990,"2026-08-16 20:56:13",paid
9535,3216419,09-116-0403-00,pkEvTdrXVW,bKash,4770,"2026-08-16 21:50:09",paid
9540,3214530,09-108-0099-01,a72yF5KkWd,"UCB CARD",180,"2026-08-17 11:50:45",paid
9541,3249986,12-345-0010-00,zycEas5X3X,bKash,180,"2026-08-17 11:57:56",paid
9542,3234462,18-384-0002-00,Vwu113EGop,bKash,180,"2026-08-17 12:16:53",paid
9543,3201483,23-011-0122-00,Px9rdxqJU1,bKash,288,"2026-08-17 13:30:45",paid
9544,3233198,18-369-0016-01,DvszRxF8c7,bKash,9720,"2026-08-17 13:46:46",paid
9545,3258476,28-640-0009-11,VFeja0ZeyN,Nagad,212,"2026-08-17 15:39:03",failed
9546,3235384,18-398-0100-00,sXbjE1Vc9S,bKash,5596,"2026-08-17 15:46:16",paid
9549,3193376,30-672-0008-00,3ZMzA5IhaJ,bKash,2734,"2026-08-17 18:23:23",paid
9550,3242205,24-544-0031-00,tFfd1NeiL1,"UCB CARD",1260,"2026-08-17 18:48:00",failed
9552,3255227,25-552-0067-00,iME8t7MPfm,bKash,180,"2026-08-17 18:57:04",paid
9553,3187563,05-077-0292-00,30xBgzkiWL,"UCB CARD",311,"2026-08-17 19:36:03",paid
9555,3257662,28-632-0015-00,qdJ7EC8tgy,bKash,3997,"2026-08-17 20:02:47",paid
9558,3250162,12-348-0012-00,qoyFuj7iOQ,DBBL,2070,"2026-08-17 20:32:44",paid
9559,3215217,09-110-0130-5W,dNHUQxeEK9,bKash,6368,"2026-08-17 20:45:37",paid
9560,3258222,28-638-0035-6A,Lxgpgs4qxj,bKash,1800,"2026-08-17 22:35:47",paid
9561,3230325,17-311-0006-24(A),w9vYLjUCE8,bKash,900,"2026-08-18 00:58:48",paid
9562,3252074,16-283-0120-00,BBonTExsic,bKash,180,"2026-08-18 02:59:11",paid
9563,3225396,31-716-0032-12,a9ZQX4Hquj,DBBL,180,"2026-08-18 08:06:23",paid
9564,3200414,26-572-0095-02,X7sRpvM1Bg,bKash,893,"2026-08-18 10:05:44",paid
9565,3209185,14-268-0068-01,FGJm7k71jz,DBBL,180,"2026-08-18 10:15:30",paid
9566,3225323,31-716-0016-00,wjYhzcX0uf,bKash,221,"2026-08-18 10:21:39",paid
9567,3225372,31-716-0030-21,nNULlMNxXK,bKash,450,"2026-08-18 10:24:04",paid
9568,3254461,25-385-0140-02,fX7WBlsBG3,bKash,1593,"2026-08-18 10:49:32",paid
9569,3256450,25-567-0013-00,HZBatFIDXr,bKash,2520,"2026-08-18 11:08:39",paid
9571,3249620,12-339-0124-A,kt351RhNA5,bKash,2480,"2026-08-18 12:19:14",paid
9572,3255913,25-560-0026-00,i7pp4CE21B,bKash,720,"2026-08-18 12:23:37",paid
9573,3241587,24-531-0101-01,6bBVImyfmL,"UCB CARD",2322,"2026-08-18 12:31:20",paid
9576,3228240,17-067-0009-01,YoHDaCcPKg,bKash,1440,"2026-08-18 14:01:58",paid
9577,3235944,29-444-0079-00,7gajSlOsEM,"UCB CARD",37175,"2026-08-18 14:19:29",paid
9579,3257788,28-633-0061-1A,zxrOSHFgSL,bKash,2148,"2026-08-18 15:26:52",paid
9580,3258035,28-635-0026-00,ALVcNsykCg,bKash,360,"2026-08-18 15:36:54",paid
9582,3252615,16-285-0031-01,2OGWSqLn3f,bKash,180,"2026-08-18 18:29:14",paid
9583,3264251,17-289-0026-00,erGt4yBjo6,bKash,383,"2026-08-18 18:44:26",paid
9584,3196561,19-404-0020-01,uKM97NCcVB,bKash,1440,"2026-08-18 19:46:50",paid
9585,3238457,20-416-0005-00,nN1p42Wnba,bKash,2070,"2026-08-18 20:06:04",paid
9586,3196499,19-403-0001-00,e15qByjHuY,bKash,2006,"2026-08-18 20:34:23",paid
9587,3235925,29-444-0069-03,Lksegu3ZIv,bKash,180,"2026-08-18 21:12:30",paid
9588,3235927,29-444-0069-1ক,eqCKFjxrLJ,bKash,230,"2026-08-18 21:16:55",paid
9589,3239610,24-479-0170-14,6oo0ODAa4y,bKash,180,"2026-08-18 21:25:48",paid
9590,3201062,26-581-0035-01,Q2QhpRFF5e,bKash,2301,"2026-08-18 21:49:12",paid
9591,3220214,27-597-0030-0ক,HXClnep9Gd,bKash,8125,"2026-08-18 22:46:11",paid
9592,3235268,18-398-0045-7B,LfGoZuHpOL,bKash,1058,"2026-08-18 23:53:55",paid
9593,3229256,17-290-0413-2এ,ufjCERW0WQ,"UCB CARD",20700,"2026-08-19 00:41:18",paid
9597,3251024,16-267-0069-00,LfmPZ6fm7D,bKash,180,"2026-08-19 09:57:29",paid
9599,3238712,20-421-0355-00,eTzaeZKtBN,"UCB CARD",1605,"2026-08-19 10:01:12",paid
9600,3249337,12-333-0005-4/C1,e71djIcV6a,"UCB CARD",1829,"2026-08-19 10:03:05",paid
9601,3249337,12-333-0005-4/C1,ca1yqIajhV,bKash,1829,"2026-08-19 10:08:28",canceled
9602,3207955,14-247-0090-00,tNcFfTM4i1,Nagad,1310,"2026-08-19 10:45:17",paid
9603,3237070,29-653-0001-01,UonAsC4Vrh,bKash,1179,"2026-08-19 11:05:39",paid
9605,3211667,10-156-0027-03,CqZKprPFvm,bKash,2597,"2026-08-19 12:11:17",paid
9608,3209892,11-098-0548-00,MXNOSv8XIg,bKash,2970,"2026-08-19 12:40:58",canceled
9609,3209892,11-098-0548-00,OlhFdnzA9a,bKash,2970,"2026-08-19 12:49:29",paid
9610,3241495,24-524-0158-0এ,oT6Jq5e9oG,bKash,1323,"2026-08-19 13:06:53",canceled
9611,3241495,24-524-0158-0এ,w72T4CFKPC,bKash,1323,"2026-08-19 13:09:32",paid
9613,3250381,12-355-0004-00,eHbmfBJ3Qd,Nagad,403,"2026-08-19 18:13:14",paid
9614,3200102,26-570-0147-01,6RYDG70c7d,Nagad,264,"2026-08-19 18:46:39",paid
9616,3200143,26-570-0169-00,CHKwG8XWqI,Nagad,576,"2026-08-19 18:51:12",paid
9617,3188645,15-241-0050-1গ,4gF4GounUM,bKash,360,"2026-08-19 19:21:59",paid
9618,3232997,18-367-0006-এ,XMfPiJgsOB,bKash,756,"2026-08-19 20:06:44",paid
9620,3230893,17-311-0029-4গ,zMDSEou7pS,bKash,180,"2026-08-19 20:26:55",paid
9621,3220885,27-605-0022-01,ZFffxIua4p,bKash,378,"2026-08-19 20:46:16",canceled
9622,3220885,27-605-0022-01,xyZHGJ0NPK,bKash,378,"2026-08-19 20:48:51",paid
9623,3257433,28-627-0003-09,dPxOVF9UcI,bKash,197,"2026-08-19 21:25:41",paid
9628,3258476,28-640-0009-11,d8gYUgbfww,Nagad,212,"2026-08-20 09:09:26",paid
9629,3256437,25-567-0005-00,vBbNT0iHgY,bKash,180,"2026-08-20 10:22:48",paid
9631,3209201,14-268-0076-02,8OoaPYzSVX,bKash,180,"2026-08-20 10:50:50",paid
9632,3222497,31-691-0062-00,J3pmOrHHId,bKash,18450,"2026-08-20 11:00:26",paid
9633,3225422,31-717-0010-01,v1qEYbzNr7,Nagad,360,"2026-08-20 11:06:34",paid
9634,3235156,18-398-0001-02,GSsoY9qSry,bKash,180,"2026-08-20 11:43:23",paid
9636,3235157,18-398-0001-03,WPISjWM7Lt,bKash,1008,"2026-08-20 11:48:41",paid
9637,3212678,10-173-0049-00,s68XvBQuL0,bKash,360,"2026-08-20 11:49:15",paid
9638,3258533,28-640-0021-2ক,xMvTvBb5Y2,bKash,180,"2026-08-20 11:55:28",paid
9639,3231535,17-320-0005-01,DFPMyo4sOn,bKash,243,"2026-08-20 12:35:10",paid
9640,3261752,01-012-0064-00,9QfxRUk1VO,bKash,3156,"2026-08-20 12:40:28",paid
9642,3200511,26-574-0094-00,jYM2TRBE3v,bKash,1080,"2026-08-20 12:46:31",paid
9643,3255225,25-552-0065-00,Vsbq9hIzmK,bKash,180,"2026-08-20 13:21:45",paid
9644,3236522,29-643-0014-01,GpVoAtLZKc,bKash,230,"2026-08-20 13:46:15",paid
9645,3236840,29-649-0020-00,mifuIfI0Ir,bKash,180,"2026-08-20 13:55:11",canceled
9646,3236840,29-649-0020-00,tOJjzPJrlL,"UCB CARD",180,"2026-08-20 14:00:13",paid
9647,3250191,12-350-0004-00,G6OF2uD2Wm,bKash,180,"2026-08-20 14:42:38",paid
9648,3217005,09-728-0014-0a,hEYxnJpxH1,bKash,1098,"2026-08-20 15:28:18",paid
9650,3200745,26-577-0074-00,8soE3dFpuf,bKash,1152,"2026-08-20 16:21:29",canceled
9651,3200745,26-577-0074-00,n9lUQUDJ34,bKash,1152,"2026-08-20 16:26:16",paid
9653,3199907,26-570-0053-09,tcZleJ3s1L,bKash,180,"2026-08-20 16:42:50",paid
9654,3253817,16-289-0119-ডি1,yyMUyFV98f,bKash,4410,"2026-08-20 16:45:02",paid
9657,3213498,10-214-0064-00,2ZNGgFHqBJ,bKash,425,"2026-08-20 19:09:18",paid
9658,3230139,17-308-0110-03,CatItUgnAx,bKash,468,"2026-08-20 19:46:03",paid
9659,3241454,24-524-0010-1ডাব্লিউ,SBAMAIgFMa,bKash,8550,"2026-08-20 20:19:48",paid
9663,3220898,27-605-0028-0ক,Lw3njTQJwU,bKash,180,"2026-08-20 22:11:06",paid
9665,3194893,30-685-0021-03,3XU56FOjzM,bKash,576,"2026-08-21 09:26:14",paid
9668,3200471,26-573-0024-06,nJ01IjaYr0,bKash,180,"2026-08-21 11:27:02",paid
9670,3218505,09-810-0427-3A,ahxTTgonbK,bKash,5040,"2026-08-21 11:37:47",paid
9671,3221470,27-614-0010-1ক,l3PJQ6LBDH,bKash,25200,"2026-08-21 12:18:04",paid
9672,3198796,04-063-0066-0D,MGin1u1Iqr,Nagad,360,"2026-08-21 12:19:21",paid
9673,3218549,09-841-0240-23খ,Bv9T0BcQ8u,"UCB CARD",472,"2026-08-21 13:33:18",paid
9674,3220883,27-605-0021-00,zZNW8kHeaR,bKash,410,"2026-08-21 14:23:58",paid
9677,3255990,25-561-0028-01,HmLBrL6dbW,bKash,9000,"2026-08-21 14:32:26",paid
9679,3252745,16-285-0088-01,hVFYfrhamJ,bKash,760,"2026-08-21 14:59:37",canceled
9680,3252745,16-285-0088-01,d60w1l9nXL,bKash,760,"2026-08-21 15:01:58",paid
9681,3221170,27-610-0039-00,fxAhtGmSIT,"UCB CARD",6003,"2026-08-21 15:10:44",paid
9682,3221172,27-610-0039-02,QumsUO3bRS,"UCB CARD",6408,"2026-08-21 15:23:27",paid
9683,3239980,24-482-0194-23,TfK9Rl1B7t,bKash,1350,"2026-08-21 15:41:57",paid
9687,3208821,14-267-0446-02,fBzNOzgzru,bKash,477,"2026-08-21 15:55:55",paid
9688,3201149,26-583-0007-00,oBAb8W0iFT,bKash,795,"2026-08-21 16:59:24",paid
9689,3250083,12-346-0046-00,z8JhaCFbnF,bKash,905,"2026-08-21 18:19:35",canceled
9690,3250083,12-346-0046-00,CP6wxwLQFF,bKash,905,"2026-08-21 18:29:39",paid
9691,3250499,12-356-0057-00,Hjs0OXsiO4,bKash,273,"2026-08-21 20:14:02",paid
9693,3235974,"29-444-0082-5 B",vWuQlArDPi,bKash,4950,"2026-08-21 21:38:01",canceled
9694,3235974,"29-444-0082-5 B",kniKtdQ6tn,bKash,4950,"2026-08-21 21:40:21",paid
9695,3200455,26-573-0019-00,JBZq0Zuq4C,bKash,219,"2026-08-21 21:53:02",canceled
9696,3200455,26-573-0019-00,3yiFeWrW20,bKash,219,"2026-08-21 21:55:51",paid
9697,3221210,27-610-0060-00,zlCH0IZhvT,bKash,720,"2026-08-22 09:06:23",paid
9698,3216603,09-117-0033-03,HEXrh915oP,"UCB CARD",432,"2026-08-22 10:17:51",paid
9699,3216614,09-117-0037-01,7IKxqTuHQD,Nagad,5040,"2026-08-22 10:22:30",paid
9700,3215897,09-113-0019-05,TkU58uBnIm,bKash,800,"2026-08-22 10:23:43",paid
9701,3210177,11-235-0017-00,gutbs32yHb,bKash,382,"2026-08-22 10:43:58",paid
9702,3220459,27-599-0033-01,PAigr1pbME,"UCB CARD",4286,"2026-08-22 11:08:30",paid
9703,3240639,24-503-0027-02,Aaf5hfFJy0,bKash,25200,"2026-08-22 12:03:36",paid
9704,3209014,14-268-0046-1/ক,BkGLojvDqP,bKash,180,"2026-08-22 12:21:02",paid
9706,3209187,14-268-0070-00,pJjQK4DF3n,bKash,180,"2026-08-22 12:46:21",paid
9708,3212968,10-175-0203-00,l6d6GP1MUk,"UCB CARD",180,"2026-08-22 14:24:55",paid
9709,3251159,16-267-0106-03,KfEf18B3Du,Nagad,190,"2026-08-22 17:23:52",canceled
9710,3251159,16-267-0106-03,q6JeEvbQfP,Nagad,190,"2026-08-22 17:26:31",paid
9711,3257797,28-633-0064-00,49vdpTmtD6,DBBL,1800,"2026-08-22 19:47:22",paid
9713,3189316,15-278-0040-05,DAF9Kwa1bw,bKash,2667,"2026-08-22 20:34:22",paid
9714,3184782,13-241-0122-00,NrDbbD9V4z,bKash,230,"2026-08-22 21:04:32",paid
9716,3257242,28-624-0017-06,aP8MF3UUDo,bKash,180,"2026-08-22 21:22:39",paid
9718,3230025,17-308-0084-00,fGpZPzUkZ1,bKash,605,"2026-08-22 22:14:09",paid
9719,3222424,31-691-0042-24,or0hfqPjel,bKash,2460,"2026-08-23 00:50:33",canceled
9721,3234726,18-386-0157-07,6OEiZQdrh0,bKash,180,"2026-08-23 09:50:22",paid
9722,3234928,18-388-0065-00,A2o5heS0ro,bKash,576,"2026-08-23 10:17:59",paid
9725,3199727,26-562-0097-01,DNg49cg4Wk,bKash,180,"2026-08-23 10:46:21",paid
9726,3243209,03-002-0056-01,dNYsACArkp,bKash,410,"2026-08-23 11:05:48",paid
9727,3195366,30-687-0139-00,y0DwV0ZGu6,bKash,180,"2026-08-23 11:19:20",paid
9728,3252447,16-284-0035-01,quhKXTMtpB,bKash,14400,"2026-08-23 11:22:20",canceled
9730,3256211,25-564-0001-10,UXlm96YoUZ,bKash,14400,"2026-08-23 11:36:36",paid
9731,3201013,26-581-0003-00,Q8Vaqc0bUq,bKash,3150,"2026-08-23 11:58:55",paid
9732,3229922,17-308-0062-01,ggzVPkeuFf,bKash,588,"2026-08-23 12:09:30",paid
9735,3243234,03-007-0014-00,4b8jygqGGZ,bKash,2356,"2026-08-23 12:59:30",paid
9736,3187174,05-077-0014-01,TpHPJK8Fgw,bKash,1514,"2026-08-23 14:01:18",paid
9740,3234406,18-383-0006-00,RtP8aBbzD2,bKash,180,"2026-08-23 14:11:58",paid
9741,3213502,10-214-0069-00,3ldpXEwhTD,bKash,262,"2026-08-23 14:50:58",paid
9743,3251810,16-280-0015-00,fSvVOQeEMA,bKash,702,"2026-08-23 15:16:56",canceled
9744,3251810,16-280-0015-00,NoU3TzGuhH,"UCB CARD",702,"2026-08-23 15:22:20",paid
9745,3252447,16-284-0035-01,HM4stbizPu,Nagad,14400,"2026-08-23 15:27:39",paid
9746,3221156,27-609-0106-00,etAs3vDksE,"UCB CARD",2983,"2026-08-23 17:13:31",paid
9747,3209095,14-268-0063-20,GDxGHUaj6s,Nagad,180,"2026-08-23 18:14:01",canceled
9748,3209095,14-268-0063-20,Xb6XSCMMla,Nagad,180,"2026-08-23 18:15:02",paid
9750,3251043,16-267-0081-00,ez8wGBERQI,Nagad,180,"2026-08-23 18:41:51",canceled
9751,3251043,16-267-0081-00,oKEgwtJC7u,bKash,180,"2026-08-23 18:45:37",paid
9752,3195155,30-687-0022-00,1LxA9jTQQe,Nagad,900,"2026-08-23 19:02:58",canceled
9753,3195155,30-687-0022-00,Lv6TClRrV1,bKash,900,"2026-08-23 19:04:23",paid
9754,3212922,10-175-0156-00,uCk90LnW3F,bKash,9900,"2026-08-23 19:45:30",paid
9755,3191030,22-456-0092-391,AhpvBFnGfl,"UCB CARD",180,"2026-08-23 19:59:07",paid
9757,3234961,18-388-0073-09,6y2SFDkqBV,bKash,1800,"2026-08-23 20:25:08",paid
9758,3209283,14-268-0103-00,AOby6N9Bc5,bKash,180,"2026-08-23 20:40:44",paid
9759,3209198,14-268-0075-02,NQhGJNzShO,bKash,180,"2026-08-23 21:32:39",paid
9760,3209128,14-268-0063-3ঝ,4OlG2iJHmP,Nagad,414,"2026-08-23 21:46:44",paid
9761,3195345,30-687-0130-06,WNVUC3ogRZ,bKash,943,"2026-08-23 21:48:09",paid
9762,3234428,18-383-0012-00,fbrC8elDan,bKash,180,"2026-08-24 09:25:50",canceled
9763,3234428,18-383-0012-00,SryXXq4m41,bKash,180,"2026-08-24 09:35:01",paid
9764,3212879,10-175-0115-00,sfK8iNVTTi,DBBL,294,"2026-08-24 10:03:23",paid
9765,3211301,10-129-0019-00,MAh3mTCwn4,bKash,1895,"2026-08-24 10:13:23",paid
9767,3234855,18-388-0049-00,IaoavLE5hz,Nagad,332,"2026-08-24 10:45:16",paid
9768,3234314,18-380-0062-01,Mvu7VDHgZ0,Nagad,180,"2026-08-24 10:54:13",paid
9769,3200308,26-572-0039-01,tHLpCpFb4h,Nagad,180,"2026-08-24 10:56:17",paid
9770,3200822,26-577-0120-00,PRfqKfFNtj,"UCB CARD",6642,"2026-08-24 11:00:18",canceled
9771,3201010,26-581-0001-01,I4xO2cUFB9,Nagad,209,"2026-08-24 11:06:14",paid
9772,3199712,26-562-0088-00,GORMiCe1bz,bKash,4100,"2026-08-24 11:08:48",paid
9773,3257487,28-627-0021-02,sP1sWwiKW7,bKash,276,"2026-08-24 11:10:33",paid
9774,3256434,25-567-0002-00,Zf7ygt5eng,Nagad,233,"2026-08-24 11:12:55",paid
9775,3200822,26-577-0120-00,5CVtOkqlEb,"UCB CARD",6642,"2026-08-24 11:13:32",paid
9776,3193769,30-678-0014-00,hZAPnAzATU,bKash,950,"2026-08-24 11:13:52",paid
9777,3199389,26-390-0261-00,MCwAntqDuD,bKash,8100,"2026-08-24 11:17:41",paid
9779,3232708,18-359-0149-1এ,ofUmqMdWFy,bKash,6237,"2026-08-24 11:36:06",paid
9780,3220529,27-600-0001-00,lfSLoH4yuY,bKash,2101,"2026-08-24 11:47:28",paid
9781,3234291,18-380-0052-03,KME4J2YBF8,bKash,4339,"2026-08-24 12:07:30",paid
9782,3200458,26-573-0020-02,cmzNGpVI77,DBBL,180,"2026-08-24 12:17:46",paid
9783,3207307,14-111-0194-2ক,FxA6Zeqg4A,bKash,180,"2026-08-24 12:17:49",paid
9784,3234008,18-380-0003-0ক,4VN9qtfhmP,bKash,270,"2026-08-24 12:33:19",paid
9785,3256274,25-564-0031-01,3qLHhb0qgg,bKash,1872,"2026-08-24 12:41:28",paid
9786,3255936,25-561-0004-01,rSMlb3IFmI,bKash,8710,"2026-08-24 12:52:02",paid
9787,3242542,24-547-0060-01,M4MJ08WMcb,bKash,562,"2026-08-24 12:52:18",paid
9789,3201070,26-581-0038-12,H1nrmuXOtk,Nagad,900,"2026-08-24 13:05:49",paid
9791,3234009,18-380-0003-3খ,IJpbSNOTT4,bKash,360,"2026-08-24 13:10:38",paid
9792,3200987,26-580-0010-00,bFgPazb7Lp,Nagad,180,"2026-08-24 13:53:46",paid
9793,3231210,17-311-0064-12,Z9gSpfk6oo,bKash,180,"2026-08-24 14:38:17",paid
9796,3239430,24-477-0138-2এক্স,imoyUNo7Fb,"UCB CARD",585,"2026-08-24 16:07:00",paid
9797,3251033,16-267-0075-00,3QtONGTCG8,Nagad,180,"2026-08-24 16:32:17",paid
9798,3250248,12-351-0041-00,q99IEiyPlk,DBBL,739,"2026-08-24 16:47:39",paid
9799,3228691,17-286-0021-12এ,m9i5l1ymDp,bKash,1307,"2026-08-24 16:50:31",paid
9800,3213085,10-188-0067-02,ihreHaTKAJ,bKash,180,"2026-08-24 17:46:56",paid
9801,3208703,14-267-0396-03,lCe5pHZwD5,bKash,180,"2026-08-24 18:06:28",paid
9802,3262494,17-312-0001-03,jBp31MQ6y2,bKash,31982,"2026-08-24 18:48:14",paid
9803,3242338,24-546-0014-02,PdzqwXRSiL,bKash,180,"2026-08-24 20:00:19",paid
9805,3233155,18-368-0023-00,Gxvh9l2Umn,bKash,5760,"2026-08-24 21:02:38",paid
9808,3213529,10-218-0006-02,XImtfAdUhF,bKash,1080,"2026-08-24 21:25:58",paid
9810,3252518,16-285-0009-02,4GAdbsKCcG,DBBL,1601,"2026-08-24 22:00:22",paid
9811,3196645,19-406-0033-00,9T2NWxsRtN,bKash,5783,"2026-08-24 22:35:07",canceled
9813,3196645,19-406-0033-00,qbfctJnO00,bKash,5783,"2026-08-24 22:48:32",canceled
9814,3196645,19-406-0033-00,sJEvDSoytx,bKash,5783,"2026-08-24 22:49:47",paid
9815,3231582,17-320-0030-00,oyNf0I4ZBc,bKash,180,"2026-08-24 23:30:55",paid
9817,3217317,09-729-0210-00,NpUXku3hVO,bKash,180,"2026-08-25 09:15:45",paid
9818,3207399,14-111-0240-16,v2HH2h1aLy,bKash,2340,"2026-08-25 09:25:35",paid
9819,3258595,28-640-0035-17,ZSMblZvb9R,bKash,180,"2026-08-25 10:07:43",paid
9820,3195188,30-687-0034-04,NRQTBJJgGC,Nagad,180,"2026-08-25 10:22:36",paid
9821,3195228,30-687-0056-01,S9pY4gkkBz,"UCB CARD",3600,"2026-08-25 10:34:23",paid
9823,3264805,27-598-0020-18ড,77GPcCyHl8,bKash,4307,"2026-08-25 10:46:29",paid
9824,3195364,30-687-0137-00,WaV3q96yIn,bKash,201,"2026-08-25 10:49:17",paid
9825,3209156,14-268-0063-8/ক,XHIYA3jsNi,bKash,180,"2026-08-25 10:53:30",paid
9826,3256306,25-564-0051-00,KuoOHGiTxt,bKash,1080,"2026-08-25 10:55:15",paid
9827,3251336,16-267-0155-21,617gxS7vyd,bKash,180,"2026-08-25 10:59:18",paid
9828,3199616,26-559-0038-02,G9E5DFVKIX,bKash,180,"2026-08-25 11:09:44",paid
9829,3201091,26-581-0046-03,T16JiANyd2,bKash,1251,"2026-08-25 12:04:34",paid
9830,3253552,16-288-0048-00,Rpy9egaHng,Nagad,900,"2026-08-25 12:17:33",paid
9831,3234754,18-386-0162-02,8nFQ3CUANr,bKash,180,"2026-08-25 12:26:12",paid
9834,3242714,24-549-0013-4A+D,yqtUJ0jaTI,bKash,4214,"2026-08-25 14:05:50",paid
9835,3236897,29-651-0037-03,YrSNuqVK0t,bKash,1210,"2026-08-25 14:09:52",paid
9837,3232559,18-322-0115-48,SvqNQDSsK1,bKash,10800,"2026-08-25 14:50:19",paid
9839,3230700,17-311-0012-52A,r3kb3oETKh,bKash,585,"2026-08-25 16:18:48",paid
9840,3202680,23-471-0004-00,CXrdKWx5UJ,bKash,383,"2026-08-25 16:20:10",paid
9841,3264817,16-271-0031-58খ,pKlE9LvIjS,Nagad,526,"2026-08-25 16:30:56",canceled
9845,3235345,18-398-0084-01,gur4bZIMV8,"UCB CARD",600,"2026-08-25 20:58:17",paid
9846,3251184,16-267-0116-01,8zdmUT3MAq,bKash,180,"2026-08-25 21:03:12",paid
9848,3219588,27-586-0002-00,3rKoZYIV41,bKash,4493,"2026-08-25 21:47:07",paid
9849,3245845,03-038-0065-01,cr0ALedAYs,bKash,1161,"2026-08-25 22:18:45",paid
9850,3217722,09-754-0043-00,HtB9lBHfFC,bKash,459,"2026-08-25 22:48:29",paid
9851,3201117,26-582-0010-01,sqrjHjAv9R,bKash,180,"2026-08-25 23:14:30",paid
9853,3234998,18-388-0074-01,dxO2XRo4Fq,bKash,3377,"2026-08-26 00:54:11",paid
9854,3218175,09-791-0491-00,8jCh1BvCQN,Nagad,180,"2026-08-26 08:38:08",paid
9855,3253664,16-288-0063-00,VF6b7WGbEZ,bKash,180,"2026-08-26 09:21:00",paid
9857,3240882,24-510-0458-3এ,2eN1FAaVnX,Nagad,16200,"2026-08-26 10:05:53",failed
9859,3252343,16-284-0015-11,F8c59RhR4S,bKash,180,"2026-08-26 10:54:31",paid
9860,3247091,06-083-0114-00,FN3hHnYLDH,bKash,360,"2026-08-26 10:55:51",paid
9861,3193907,30-678-0045-00,erdln0DrTI,bKash,410,"2026-08-26 11:12:40",paid
9863,3257469,28-627-0014-00,iuBnixn8Ge,bKash,288,"2026-08-26 11:52:18",paid
9865,3243189,03-002-0051-00,iuVpD1aCMR,"Prime Bank My Prime",540,"2026-08-26 12:01:54",paid
9866,3217735,09-754-0057-00,Bu5Wpaszcu,bKash,180,"2026-08-26 12:09:33",paid
9867,3253559,16-288-0050-01,9FIim8lMFP,Nagad,180,"2026-08-26 12:31:10",paid
9868,3247170,06-086-0006-03,Uol78XvlRy,bKash,2337,"2026-08-26 13:04:57",paid
9870,3224249,31-703-0008-00,sL2VIoRVEp,"UCB CARD",180,"2026-08-26 13:52:55",paid
9871,3252993,16-286-0077-00,V8z3TaY0w7,bKash,345,"2026-08-26 14:23:00",paid
9873,3219872,27-592-0018-08,5okt87eFdo,bKash,5472,"2026-08-26 14:46:32",canceled
9874,3219872,27-592-0018-08,1Ww21jm4az,bKash,5472,"2026-08-26 14:49:43",paid
9877,3199711,26-562-0087-00,R9pFQegQQY,Nagad,1755,"2026-08-26 18:08:46",canceled
9878,3222133,31-688-0094-00,ybTq5f6gvh,bKash,180,"2026-08-26 18:30:29",paid
9880,3199711,26-562-0087-00,9Bq9GjYRaS,Nagad,1755,"2026-08-26 19:37:39",canceled
9881,3199711,26-562-0087-00,aljhUZ7YNL,Nagad,1755,"2026-08-26 19:40:03",canceled
9882,3199711,26-562-0087-00,Gop1FSYYCU,Nagad,1755,"2026-08-26 19:41:35",paid
9883,3213688,10-226-0010-00,Swr68THwpC,DBBL,920,"2026-08-26 20:23:06",paid
9884,3217427,09-729-0317-00,ZU4XV5BAh5,DBBL,180,"2026-08-26 21:51:47",paid
9885,3264118,20-416-0036-01,24SvGU10AC,"UCB CARD",39330,"2026-08-26 22:40:09",paid
9886,3210468,11-239-0065-00,hlK2073gaH,bKash,180,"2026-08-27 01:19:05",paid
9888,3240056,24-483-0204-02,LIPwRCfvZd,bKash,9000,"2026-08-27 07:04:54",paid
9889,3218453,09-805-0143-01,woRcVAHGru,bKash,1800,"2026-08-27 07:54:09",paid
9893,3229435,17-295-0323-0A,4IRsDhqM8U,"UCB CARD",1800,"2026-08-27 09:39:45",paid
9894,3256424,25-566-0010-00,nJvafBzw9d,bKash,2285,"2026-08-27 10:12:29",paid
9895,3256365,25-565-0028-00,uM73j1KsHb,bKash,7200,"2026-08-27 10:21:21",paid
9896,3254791,25-386-0079-13C1,rJJdVFFIGj,"UCB CARD",5400,"2026-08-27 10:31:32",paid
9899,3255797,25-558-0142-00,nlbnUEJAk4,bKash,180,"2026-08-27 10:42:43",paid
9900,3234386,18-382-0008-02,E36aQUEUzr,bKash,180,"2026-08-27 10:44:11",paid
9904,3195138,30-687-0012-04,dLHJiqWYWc,DBBL,5220,"2026-08-27 10:59:02",paid
9905,3256277,25-564-0032-00,0PK2zxpjCY,bKash,432,"2026-08-27 11:12:02",paid
9906,3199636,26-560-0006-01,jbPVfURNul,bKash,270,"2026-08-27 11:22:37",paid
9908,3233721,18-375-0071-00,RYBooWdA7y,bKash,180,"2026-08-27 11:27:47",paid
9909,3234745,18-386-0159-01,PtaGFY351b,bKash,882,"2026-08-27 11:47:33",paid
9911,3234911,18-388-0063-3খ,E18T9up9vi,bKash,734,"2026-08-27 11:58:10",paid
9914,3246938,06-083-0064-00,l9yxBcWLPP,bKash,180,"2026-08-27 12:06:09",paid
9916,3249608,12-339-0116-00,XGsJ3n66x7,bKash,1175,"2026-08-27 12:11:24",paid
9919,3194624,30-682-0052-01,cnVatrycBy,Nagad,1080,"2026-08-27 12:18:32",paid
9920,3262610,24-536-0152-12গ,puqZKsgT7g,bKash,3780,"2026-08-27 12:30:20",paid
9921,3238525,20-416-0050-01,2Mec4MXY2j,bKash,30240,"2026-08-27 12:30:57",paid
9922,3234748,18-386-0159-1A,yX4rkfbjQt,bKash,378,"2026-08-27 12:52:04",paid
9923,3200969,26-580-0002-01,nxwVDbHjfu,bKash,995,"2026-08-27 12:55:24",paid
9924,3255935,25-561-0004-00,yfyfxZeZfB,bKash,420,"2026-08-27 12:57:36",paid
9925,3200358,26-572-0071-00,xPdBVvkoah,bKash,1800,"2026-08-27 12:59:15",paid
9926,3209404,14-269-0045-03,uCEK2aJ09a,bKash,209,"2026-08-27 13:19:50",paid
9927,3199597,26-559-0027-04,rNznshJzoL,bKash,270,"2026-08-27 13:22:04",paid
9928,3256334,25-565-0014-03,xauUgPEnbE,"UCB CARD",7193,"2026-08-27 13:28:56",paid
9929,3194082,30-679-0073-00,qDCLlqBTWf,bKash,180,"2026-08-27 13:34:59",paid
9930,3236544,29-643-0029-00,Pu40qjq1uh,bKash,1406,"2026-08-27 14:48:41",paid
9931,3214609,09-108-0138-00,LxIzBrioKw,bKash,20700,"2026-08-27 16:58:22",paid
9932,3253939,16-822-0044-78গ,ibOphKXTY1,bKash,180,"2026-08-27 17:23:36",paid
9933,3208751,14-267-0412-00,g3LnkiIOPc,bKash,180,"2026-08-27 17:38:05",paid
9935,3194667,30-682-0062-02,zaYuIRxWjC,bKash,8100,"2026-08-27 19:13:53",paid
9940,3222014,31-688-0039-1/ক,wgy4WSgjkk,bKash,410,"2026-08-27 21:27:51",paid
9941,3255954,25-561-0015-01,mwSxf81mHg,bKash,1800,"2026-08-27 21:29:21",canceled
9943,3255954,25-561-0015-01,BxOn5bUESj,Nagad,1800,"2026-08-27 21:30:04",paid
9944,3234991,18-388-0073-33,hUQzpc1nhu,bKash,180,"2026-08-27 21:30:52",paid
9945,3255534,25-556-0004-00,GRSdakKgbA,DBBL,180,"2026-08-27 21:31:05",paid
9947,3255535,25-556-0004-01,5eRWVbHMBh,DBBL,180,"2026-08-27 22:05:12",paid
9949,3209451,14-270-0017-00,QfCVz7jqs0,bKash,180,"2026-08-27 22:19:46",canceled
9950,3216714,09-118-0030-01,u3dsBxLm2c,Nagad,180,"2026-08-27 22:21:25",paid
9952,3209451,14-270-0017-00,m3rRJM0RW2,bKash,180,"2026-08-27 22:58:15",paid
9953,3230720,17-311-0012-64,9si9yrFoS2,bKash,207,"2026-08-28 02:25:01",paid
9954,3230715,17-311-0012-61,aKVCn7dLsi,bKash,243,"2026-08-28 02:27:12",paid
9956,3234036,18-380-0009-3সি,qKdge3Xegl,"UCB CARD",9382,"2026-08-28 09:45:20",paid
9957,3208118,14-250-0142-02,elsa5RAj7C,bKash,522,"2026-08-28 10:21:22",paid
9958,3208116,14-250-0142-00,f1qVqCZIEr,bKash,14202,"2026-08-28 10:31:29",paid
9959,3208117,14-250-0142-01,i8KSSVESoV,bKash,13680,"2026-08-28 10:39:08",paid
9960,3208119,14-250-0142-03,jDi3V5MbPR,bKash,522,"2026-08-28 10:46:29",paid
9961,3208120,14-250-0142-04,Nu0gsR2p3H,bKash,522,"2026-08-28 10:49:48",paid
9964,3217426,09-729-0316-00,EHIaggto4K,DBBL,180,"2026-08-28 12:13:32",paid
9965,3217424,09-729-0314-00,b6FvUiScFQ,DBBL,180,"2026-08-28 12:29:07",paid
9966,3237076,29-653-0005-00,h3Y3kal5rt,bKash,1843,"2026-08-28 13:51:20",paid
9967,3209272,14-268-0097-05,GhDdkicum8,bKash,455,"2026-08-28 14:37:58",paid
9969,3209744,14-272-0059-এ3,AIcksAklHu,bKash,3960,"2026-08-28 16:46:21",paid
9970,3256131,25-563-0012-00,s1YCYsXplD,bKash,5400,"2026-08-28 18:04:07",paid
9971,3241015,24-515-0005-00,WuCoOIrTx0,bKash,2430,"2026-08-28 18:23:54",paid
9974,3209029,14-268-0056-00,ld7qvZaqzQ,bKash,180,"2026-08-29 09:47:00",paid
9975,3228842,17-289-0009-00,D5SrU7xYQr,bKash,360,"2026-08-29 09:50:06",paid
9976,3256125,25-563-0008-01,yCMnImBDRI,bKash,180,"2026-08-29 09:51:27",paid
9977,3217258,09-729-0151-00,Hf25iOtBP9,bKash,180,"2026-08-29 10:14:39",paid
9981,3225180,31-715-0014-1বি,eWWXdytkrx,DBBL,398,"2026-08-29 11:29:51",failed
9983,3217499,09-729-0389-00,0yEgArsJat,DBBL,180,"2026-08-29 11:31:00",paid
9984,3264220,31-694-0016-2D,BqlrmwVjU7,bKash,546,"2026-08-29 11:46:56",paid
9985,3252286,16-284-0007-01,P1Gq83mCJR,bKash,720,"2026-08-29 12:09:19",paid
9986,3209178,14-268-0065-00,FBmns7UOOf,Nagad,180,"2026-08-29 12:16:03",paid
9988,3220153,27-595-0047-00,vFaTK1g61Y,bKash,4771,"2026-08-29 12:52:11",canceled
9989,3220153,27-595-0047-00,6iAwxshPx8,Nagad,4771,"2026-08-29 12:53:31",canceled
9991,3220153,27-595-0047-00,nJvMVBXPnd,OK_WALLET,4771,"2026-08-29 12:55:10",canceled
9998,3216301,09-115-0044-27,4s3fBkMkuy,Nagad,180,"2026-08-29 17:26:57",paid
10000,3252886,16-286-0050-12,fz0zFmPMm9,bKash,180,"2026-08-29 18:56:20",paid
10002,3224340,31-706-0004-00,tEQHMje1Yo,bKash,180,"2026-08-29 19:07:44",canceled
10004,3250583,12-357-0042-00,sZtGzzIywT,bKash,180,"2026-08-29 19:27:44",paid
10005,3250589,12-357-0048-00,PJWHfBCBaA,bKash,1080,"2026-08-29 19:29:59",paid
10006,3253330,16-287-0065-0গ,NtpYIyAiMQ,bKash,738,"2026-08-29 20:33:52",paid
10009,3253289,16-287-0051-1A,n1xDuY03xH,bKash,765,"2026-08-30 01:22:23",paid
10010,3241626,24-534-0137-01,2YSu734GTS,Nagad,2460,"2026-08-30 09:27:21",paid
10011,3217707,09-754-0026-00,odiA99Xjqo,bKash,180,"2026-08-30 09:49:45",paid
10012,3228490,17-283-0040-00,guHihNi566,bKash,180,"2026-08-30 10:29:12",paid
10013,3254541,25-385-0180-00,VbCToOpmsW,bKash,180,"2026-08-30 10:29:27",paid
10014,3251523,16-267-0260-00,HqRtyEETIK,Nagad,209,"2026-08-30 10:35:35",paid
10015,3253453,16-288-0022-01,X8TXWpki5m,bKash,180,"2026-08-30 10:35:40",canceled
10017,3253453,16-288-0022-01,mfrGrIOY0g,Nagad,180,"2026-08-30 10:38:40",paid
10019,3225166,31-715-0010-05,K4KeTQ5NXO,bKash,360,"2026-08-30 11:13:31",paid
10020,3225500,31-717-0020-19,a7wu6lsckM,bKash,554,"2026-08-30 11:15:52",paid
10021,3192527,30-639-0057-03,KpsONvxRXf,Nagad,1763,"2026-08-30 11:26:38",paid
10023,3248733,06-094-0002-00,jKNlkKmXDU,bKash,6640,"2026-08-30 12:41:06",paid
10024,3207266,14-111-0181-05,zNGLbLl4Kp,bKash,180,"2026-08-30 12:59:00",paid
10025,3216229,09-115-0025-01,xilUiEA82T,Nagad,180,"2026-08-30 13:22:26",paid
10026,3218168,09-791-0484-00,vVsp4de7bX,DBBL,180,"2026-08-30 15:08:35",paid
10027,3228893,17-289-0012-17ঘ,U7SLSfuBht,bKash,1755,"2026-08-30 15:46:17",paid
10030,3236000,29-444-0087-01,mS3TVir3u8,bKash,1756,"2026-08-30 16:56:36",paid
10031,3220153,27-595-0047-00,vsOjAt0eAn,Nagad,4771,"2026-08-30 17:33:22",paid
10032,3250522,12-356-0080-00,wRbiDvyZST,bKash,360,"2026-08-30 17:48:03",paid
10034,3251956,16-281-0003-03,xmOzV2wkm3,bKash,211,"2026-08-30 18:02:17",paid
10035,3250252,12-351-0043-0A,Gk9gSZxIYo,bKash,2437,"2026-08-30 19:06:56",paid
10036,3253440,16-288-0019-00,VG7Z8vRoXR,Nagad,765,"2026-08-30 19:19:10",paid
10037,3216541,09-117-0013-1গ,vWHFrekvVe,bKash,180,"2026-08-30 19:25:14",canceled
10038,3216541,09-117-0013-1গ,8eEoSOoIj9,bKash,180,"2026-08-30 19:29:07",paid
10039,3242744,24-550-0004-00,9jiqPE8Vpc,Nagad,3220,"2026-08-30 19:40:23",paid
10040,3198790,04-063-0065-02,yoCuf3MlGm,bKash,410,"2026-08-30 20:15:10",paid
10041,3225253,31-715-0037-09,WFPVARL8TB,bKash,189,"2026-08-30 20:52:24",paid
10042,3224340,31-706-0004-00,tPIw8HWQjy,bKash,180,"2026-08-30 20:58:40",paid
10045,3208733,14-267-0407-02,arR0DhF7o3,bKash,662,"2026-08-30 21:27:13",paid
10047,3230138,17-308-0110-01,maWD92psNo,bKash,5400,"2026-08-30 21:54:39",paid
10048,3231306,17-313-0095-8এ,YZBJYchICf,bKash,5400,"2026-08-30 22:20:40",paid
10049,3202863,23-474-0041-0ক,na62QNSBwo,"UCB CARD",6848,"2026-08-31 00:01:55",canceled
10052,3248193,06-087-0073-01,Hmr0dRKEex,bKash,341,"2026-08-31 00:51:39",paid
10053,3200793,26-577-0103-01,uwN0Xwbwgo,bKash,1638,"2026-08-31 09:05:19",paid
10055,3243288,03-007-0041-00,L2739RlRjI,bKash,48,"2026-08-31 09:49:43",paid
10056,3199932,26-570-0054-00,PocPvieLnZ,bKash,4320,"2026-08-31 10:00:26",paid
10064,3216171,09-115-0012-1ঙ,zgeYaXvEpl,Nagad,306,"2026-08-31 10:55:22",paid
10066,3243309,03-007-0045-01,GOxTgOCSGk,DBBL,180,"2026-08-31 10:58:15",paid
10069,3243319,03-007-0052-00,fzDGYYTBBR,DBBL,948,"2026-08-31 11:20:33",paid
10070,3243317,03-007-0051-01,1hsG4edBAy,DBBL,180,"2026-08-31 11:24:38",paid
10071,3193807,30-678-0030-00,hjb8235ch8,Nagad,180,"2026-08-31 12:23:42",paid
10074,3265111,09-805-0074-00,NdQHpfcfmM,bKash,522,"2026-08-31 13:19:05",paid
10075,3242205,24-544-0031-00,IvYs9lGjfc,"UCB CARD",1260,"2026-08-31 13:33:36",paid
10076,3243383,03-007-0073-01,luuV55SLCN,DBBL,180,"2026-08-31 14:06:50",paid
10077,3241065,24-515-0013-4B,Alj4zto2Li,bKash,1832,"2026-08-31 15:47:10",paid
10079,3220145,27-595-0046-49,7gjR38EMnE,DBBL,180,"2026-08-31 16:22:25",paid
10080,3225358,31-716-0030-03,6yv6G4k7Ma,Nagad,180,"2026-08-31 17:56:00",paid
10081,3208995,14-268-0044-03,Of3preuUbM,bKash,180,"2026-08-31 18:06:17",paid
10082,3200279,26-572-0023-02,F9QLjBTDc3,bKash,1099,"2026-08-31 18:58:34",canceled
10083,3212486,10-169-0010-00,ZzDB8VsxWs,bKash,180,"2026-08-31 19:52:07",paid
10084,3223995,31-696-0078-47,Gpc7I2ezDq,DBBL,4500,"2026-08-31 21:50:09",paid
10085,3251885,16-280-0032-01,md4LaiVqRN,bKash,180,"2026-08-31 21:54:25",paid
10088,3220089,27-595-0046-02,oUtMogAEyT,bKash,218,"2026-08-31 22:02:23",paid
10092,3265145,18-374-0022-01,7XJjv5QzMe,"City Bank",13164,"2026-08-31 23:52:15",paid
10095,3250896,16-267-0024-02,SS6PnexQpB,bKash,180,"2026-09-01 11:09:05",paid
10096,3234388,18-382-0008-2ক,rIM3DLBLQS,bKash,180,"2026-09-01 12:37:55",paid
10098,3247937,06-086-0225-3ঙ,bXR89ru3vb,bKash,1134,"2026-09-01 12:47:16",paid
10099,3213049,10-188-0034-00,F2r6isoINU,Nagad,1193,"2026-09-01 13:39:30",paid
10100,3200243,26-571-0026-00,Bnl76enOZc,"UCB CARD",1289,"2026-09-01 13:56:57",paid
10103,3215208,09-110-0130-1E,eFJ3RhvbQs,"UCB CARD",10437,"2026-09-01 16:25:56",paid
10106,3243365,03-007-0070-07,QdcatWjsKk,bKash,1012,"2026-09-01 19:10:27",paid
10107,3230878,17-311-0029-0খ,0mbdfuZlp3,bKash,7380,"2026-09-01 20:56:29",paid
10110,3234963,18-388-0073-11,CjHFgWLrrP,bKash,799,"2026-09-01 22:22:57",paid
10111,3200986,26-580-0009-00,LbWto0vSo3,DBBL,2880,"2026-09-01 22:39:45",paid
10112,3217333,09-729-0226-00,pgmoGo4BX4,bKash,180,"2026-09-01 23:57:30",paid
10113,3217325,09-729-0218-00,eFX92KWPvb,DBBL,180,"2026-09-02 00:09:52",paid
10114,3217321,09-729-0214-00,l4FGwqwTaw,DBBL,180,"2026-09-02 00:11:49",paid
10115,3217320,09-729-0213-00,6LhzQUR0h3,DBBL,180,"2026-09-02 00:14:15",paid
10116,3225133,31-715-0003-00,O4v1MnPnZI,bKash,180,"2026-09-02 09:23:39",paid
10117,3240882,24-510-0458-3এ,L4vZ2ihjVZ,bKash,16200,"2026-09-02 09:56:27",paid
10118,3240887,24-510-0458-5বি,S9oBi4R8a2,bKash,16200,"2026-09-02 10:05:33",paid
10119,3209522,14-270-0050-02,JzJv6HJnYD,Nagad,180,"2026-09-02 10:08:57",paid
10120,3192081,30-057-0009-10গ,Toj3fxMEfo,"UCB CARD",5040,"2026-09-02 11:52:39",canceled
10122,3209700,14-272-000ই-2ক,NTYG1AN9t5,"UCB CARD",33345,"2026-09-02 12:49:27",paid
10123,3242602,24-548-0012-00,TOkv7P4oe8,bKash,360,"2026-09-02 14:22:49",paid
10124,3235721,29-421-0079-2/8/এ,gXjgXfZXBT,"UCB CARD",7272,"2026-09-02 22:24:11",paid
10125,3242833,24-551-0001-02,LNFhRzx0RD,bKash,227,"2026-09-02 22:40:58",paid
10126,3215465,09-111-0302-04,hb7SUCniuW,bKash,1404,"2026-09-02 23:03:03",paid
10128,3264612,06-086-0068-00,tsNPVR3bRV,bKash,2936,"2026-09-03 08:48:20",paid
10129,3192081,30-057-0009-10গ,dxjqCZdEx1,"UCB CARD",5040,"2026-09-03 09:05:58",paid
10130,3201081,26-581-0043-05,aiVPo0orR5,bKash,2340,"2026-09-03 10:34:52",paid
10131,3234987,18-388-0073-29,ruxm7BIW4r,bKash,720,"2026-09-03 10:58:00",paid
10134,3252187,16-283-0156-01,mnGFAu4c7g,Nagad,1337,"2026-09-03 14:40:19",canceled
10135,3252187,16-283-0156-01,my7KfQjRfA,Nagad,1337,"2026-09-03 14:41:16",paid
10136,3215115,09-110-0076-0b,imhcMBCWIY,"UCB CARD",23872,"2026-09-03 15:29:23",paid
10137,3239382,24-477-0136-4/ছ,oBfy3XO36E,bKash,180,"2026-09-03 16:42:16",paid
10140,3216506,09-117-0005-00,2aWtaYLtmK,bKash,407,"2026-09-03 20:45:54",paid
10141,3253966,16-822-0044-82ছ,25yit976nt,bKash,180,"2026-09-03 20:59:00",paid
10142,3207641,14-246-0035-06,fhPU9uPuJU,bKash,700,"2026-09-03 22:42:01",paid
10143,3241323,24-520-0018-00,4r1zHbrKhU,bKash,565,"2026-09-04 00:09:55",paid
10146,3216961,09-289-0658-7,OjDVQN3nED,bKash,6588,"2026-09-04 11:08:17",paid
10148,3184737,13-241-0089-3A,un1I8F9Fgd,bKash,1576,"2026-09-04 12:06:13",paid
10151,3243382,03-007-0073-00,V7oaCVdfYk,bKash,180,"2026-09-04 12:58:29",paid
10154,3189794,22-444-0023-8F,Hgoy4pvZK2,bKash,5400,"2026-09-04 17:13:37",paid
10155,3220969,27-607-0033-01,If0Pchx97T,bKash,2711,"2026-09-04 17:56:03",paid
10156,3210249,11-235-0082-00,I67IxuDzDt,Nagad,7650,"2026-09-04 19:20:03",failed
10157,3234916,18-388-0063-4B,y3tRXKQnyZ,"UCB CARD",3848,"2026-09-04 20:08:20",paid
10158,3245338,03-036-0022-08,60Uxn1lN61,bKash,560,"2026-09-04 20:25:07",paid
10159,3231222,17-311-0067-17ঙ,pUEx1vTGz5,bKash,36900,"2026-09-04 21:20:22",paid
10160,3257864,28-633-0085-00,nOkfUBtRIL,bKash,14400,"2026-09-04 21:36:26",paid
10161,3257861,28-633-0084-01,tmmGwgLkpj,bKash,16200,"2026-09-04 21:47:34",paid
10165,3244121,03-029-0148-01,80XtEigT49,bKash,180,"2026-09-04 22:43:37",paid
10168,3196493,19-402-0135-00,8PWpkIHJBk,Nagad,17100,"2026-09-05 15:55:14",paid
10169,3195528,19-390-0328-3এ,Bvpvfntnrh,bKash,6871,"2026-09-05 16:04:17",paid
10170,3234206,"18-380-0030-7 ডি",23lsMLi5lG,bKash,2250,"2026-09-05 16:17:50",paid
10171,3216261,09-115-0039-2ক,r2BZlzG7DV,Nagad,180,"2026-09-05 18:18:21",paid
10172,3258535,28-640-0023-00,SHH9hT5Jn4,bKash,540,"2026-09-06 00:36:46",paid
10177,3261753,01-012-0064-0A,YBmaR0i3QV,bKash,9000,"2026-09-06 09:58:57",paid
10178,3223393,31-694-0040-2ক,jMWja1chqf,bKash,180,"2026-09-06 10:12:26",paid
10181,3224661,31-712-0059-6গ,NXozPUVrlM,bKash,367,"2026-09-06 10:29:57",paid
10183,3223353,31-694-0031-1ক,BsK8IC5qxQ,bKash,2214,"2026-09-06 10:48:50",paid
10184,3209599,14-270-0090-0ক,Hhp08njTOp,bKash,725,"2026-09-06 12:08:31",paid
10186,3206873,14-091-0026-03,q5LiYzFPqB,bKash,180,"2026-09-06 12:25:58",paid
10187,3254459,25-385-0140-00,S161tzfZVT,bKash,180,"2026-09-06 12:28:13",paid
10188,3192984,30-667-0074-02,g0stFEAX1D,bKash,180,"2026-09-06 12:32:08",paid
10189,3233647,18-375-0044-01,CohSxMPKnd,bKash,180,"2026-09-06 12:33:47",paid
